{
	"credit": "Made with Blockbench",
	"texture_size": [64, 64],
	"textures": {
		"3": "block/common_chest",
		"particle": "block/common_chest_top"
	},
	"elements": [
		{
			"from": [2, 0, 2],
			"to": [14, 16, 14],
			"faces": {
				"north": {"uv": [0, 0, 3, 4], "texture": "#3"},
				"east": {"uv": [3, 0, 6, 4], "texture": "#3"},
				"south": {"uv": [0, 4, 3, 8], "texture": "#3"},
				"west": {"uv": [3, 4, 6, 8], "texture": "#3"},
				"up": {"uv": [12.25, 3, 9.25, 0], "texture": "#3"},
				"down": {"uv": [12.25, 3, 9.25, 6], "texture": "#3"}
			}
		},
		{
			"from": [1.4, 11, 1.4],
			"to": [14.6, 13, 14.6],
			"faces": {
				"north": {"uv": [9.25, 6, 12.5, 6.5], "texture": "#3"},
				"east": {"uv": [9.25, 6.5, 12.5, 7], "texture": "#3"},
				"south": {"uv": [9.25, 7, 12.5, 7.5], "texture": "#3"},
				"west": {"uv": [9.25, 7.5, 12.5, 8], "texture": "#3"},
				"up": {"uv": [9.25, 3.25, 6, 0], "texture": "#3"},
				"down": {"uv": [9.25, 3.25, 6, 6.5], "texture": "#3"}
			}
		},
		{
			"from": [1.4, 3, 1.4],
			"to": [14.6, 5, 14.6],
			"faces": {
				"north": {"uv": [9.25, 8, 12.5, 8.5], "texture": "#3"},
				"east": {"uv": [9.25, 8.5, 12.5, 9], "texture": "#3"},
				"south": {"uv": [9.25, 9, 12.5, 9.5], "texture": "#3"},
				"west": {"uv": [9.25, 9.5, 12.5, 10], "texture": "#3"},
				"up": {"uv": [9.25, 9.75, 6, 6.5], "texture": "#3"},
				"down": {"uv": [3.25, 8, 0, 11.25], "texture": "#3"}
			}
		}
	],
	"display": {
		"head": {
			"translation": [0, -31, 0],
			"scale": [1.5, 1.5, 1.5]
		}
	}
}