{
	"credit": "Made with Blockbench",
	"texture_size": [64, 64],
	"textures": {
		"0": "item/cosmetics/hats/adidas",
		"particle": "item/cosmetics/hats/adidas"
	},
	"elements": [
		{
			"from": [3, 0, 3],
			"to": [13, 6, 13],
			"faces": {
				"north": {"uv": [5.75, 4, 8.25, 5.5], "texture": "#0"},
				"east": {"uv": [0, 6, 2.5, 7.5], "texture": "#0"},
				"south": {"uv": [0, 7.5, 2.5, 9], "texture": "#0"},
				"west": {"uv": [7.75, 0, 10.25, 1.5], "texture": "#0"},
				"up": {"uv": [5.5, 8, 3, 5.5], "texture": "#0"},
				"down": {"uv": [8, 5.5, 5.5, 8], "texture": "#0"}
			}
		},
		{
			"from": [4, 5.5, 4],
			"to": [12, 6.5, 12],
			"rotation": {"angle": 0, "axis": "y", "origin": [0, 5.5, 0]},
			"faces": {
				"north": {"uv": [8, 6, 10, 6.25], "texture": "#0"},
				"east": {"uv": [8, 6.25, 10, 6.5], "texture": "#0"},
				"south": {"uv": [8, 6.5, 10, 6.75], "texture": "#0"},
				"west": {"uv": [8, 6.75, 10, 7], "texture": "#0"},
				"up": {"uv": [7.75, 2, 5.75, 0], "texture": "#0"},
				"down": {"uv": [7.75, 2, 5.75, 4], "texture": "#0"}
			}
		},
		{
			"from": [2.5, 3.5, 2.5],
			"to": [13.5, 4.5, 13.5],
			"rotation": {"angle": 0, "axis": "y", "origin": [0, 3.5, 0]},
			"faces": {
				"north": {"uv": [7.75, 3.5, 10.5, 3.75], "texture": "#0"},
				"east": {"uv": [7.75, 3.75, 10.5, 4], "texture": "#0"},
				"south": {"uv": [8, 5.5, 10.75, 5.75], "texture": "#0"},
				"west": {"uv": [8, 5.75, 10.75, 6], "texture": "#0"},
				"up": {"uv": [5.75, 2.75, 3, 0], "texture": "#0"},
				"down": {"uv": [5.75, 2.75, 3, 5.5], "texture": "#0"}
			}
		},
		{
			"from": [2, 0, 2],
			"to": [14, 4, 14],
			"faces": {
				"north": {"uv": [7.75, 1.5, 10.75, 2.5], "texture": "#0"},
				"east": {"uv": [7.75, 2.5, 10.75, 3.5], "texture": "#0"},
				"south": {"uv": [2.5, 8, 5.5, 9], "texture": "#0"},
				"west": {"uv": [5.5, 8, 8.5, 9], "texture": "#0"},
				"up": {"uv": [3, 3, 0, 0], "texture": "#0"},
				"down": {"uv": [3, 3, 0, 6], "texture": "#0"}
			}
		}
	],
	"display": {
		"gui": {
			"rotation": [45, -45, 0],
			"translation": [0, 2.5, 0],
			"scale": [0.9, 0.9, 0.9]
		},
		"head": {
			"translation": [0, 13.25, 0],
			"scale": [1.21, 1.45805, 1.21]
		}
	}
}