{
	"credit": "Made with Blockbench",
	"texture_size": [64, 64],
	"textures": {
		"1": "item/cosmetics/hats/amd_ryzen"
	},
	"elements": [
		{
			"from": [1, -0.5, 1],
			"to": [15, 0.25, 15],
			"faces": {
				"north": {"uv": [3.5, 5, 7, 5.25], "texture": "#1"},
				"east": {"uv": [3.5, 5.25, 7, 5.5], "texture": "#1"},
				"south": {"uv": [3.5, 5.5, 7, 5.75], "texture": "#1"},
				"west": {"uv": [3.5, 5.75, 7, 6], "texture": "#1"},
				"up": {"uv": [3.5, 3.5, 0, 0], "texture": "#1"},
				"down": {"uv": [3.5, 3.5, 0, 7], "texture": "#1"}
			}
		},
		{
			"from": [3, 0.25, 3],
			"to": [13, 1.25, 13],
			"faces": {
				"north": {"uv": [6, 0, 8.5, 0.25], "texture": "#1"},
				"east": {"uv": [6, 0.25, 8.5, 0.5], "texture": "#1"},
				"south": {"uv": [6, 0.5, 8.5, 0.75], "texture": "#1"},
				"west": {"uv": [6, 0.75, 8.5, 1], "texture": "#1"},
				"up": {"uv": [6, 2.5, 3.5, 0], "texture": "#1"},
				"down": {"uv": [6, 2.5, 3.5, 5], "texture": "#1"}
			}
		},
		{
			"from": [2, 0.25, 6.5],
			"to": [3, 1.25, 9.5],
			"faces": {
				"north": {"uv": [7.25, 2.75, 7.5, 3], "texture": "#1"},
				"east": {"uv": [6, 4.75, 6.75, 5], "texture": "#1"},
				"south": {"uv": [3, 7.25, 3.25, 7.5], "texture": "#1"},
				"west": {"uv": [6.75, 3, 7.5, 3.25], "texture": "#1"},
				"up": {"uv": [7, 4, 6.75, 3.25], "texture": "#1"},
				"down": {"uv": [3.75, 6.75, 3.5, 7.5], "texture": "#1"}
			}
		},
		{
			"from": [1, 0.25, 6.5],
			"to": [2, 0.75, 9.5],
			"faces": {
				"north": {"uv": [3.25, 7.25, 3.5, 7.5], "texture": "#1"},
				"east": {"uv": [3.75, 6.75, 4.5, 7], "texture": "#1"},
				"south": {"uv": [3.75, 7.25, 4, 7.5], "texture": "#1"},
				"west": {"uv": [6.75, 4, 7.5, 4.25], "texture": "#1"},
				"up": {"uv": [7, 5, 6.75, 4.25], "texture": "#1"},
				"down": {"uv": [4.75, 6.75, 4.5, 7.5], "texture": "#1"}
			}
		},
		{
			"from": [13, 0.25, 6.5],
			"to": [14, 1.25, 9.5],
			"faces": {
				"north": {"uv": [4.75, 7.25, 5, 7.5], "texture": "#1"},
				"east": {"uv": [0, 7, 0.75, 7.25], "texture": "#1"},
				"south": {"uv": [5, 7.25, 5.25, 7.5], "texture": "#1"},
				"west": {"uv": [0.75, 7, 1.5, 7.25], "texture": "#1"},
				"up": {"uv": [1.75, 7.75, 1.5, 7], "texture": "#1"},
				"down": {"uv": [2, 7, 1.75, 7.75], "texture": "#1"}
			}
		},
		{
			"from": [14, 0.25, 6.5],
			"to": [15, 0.75, 9.5],
			"faces": {
				"north": {"uv": [4, 7.25, 4.25, 7.5], "texture": "#1"},
				"east": {"uv": [4.75, 6.75, 5.5, 7], "texture": "#1"},
				"south": {"uv": [4.25, 7.25, 4.5, 7.5], "texture": "#1"},
				"west": {"uv": [6.75, 6, 7.5, 6.25], "texture": "#1"},
				"up": {"uv": [5.75, 7.5, 5.5, 6.75], "texture": "#1"},
				"down": {"uv": [7, 6.25, 6.75, 7], "texture": "#1"}
			}
		},
		{
			"from": [7.5, 0.25, 2],
			"to": [8.5, 1.25, 3],
			"faces": {
				"north": {"uv": [7, 7.25, 7.25, 7.5], "texture": "#1"},
				"east": {"uv": [7.25, 7.25, 7.5, 7.5], "texture": "#1"},
				"south": {"uv": [0, 7.5, 0.25, 7.75], "texture": "#1"},
				"west": {"uv": [0.25, 7.5, 0.5, 7.75], "texture": "#1"},
				"up": {"uv": [0.75, 7.75, 0.5, 7.5], "texture": "#1"},
				"down": {"uv": [1, 7.5, 0.75, 7.75], "texture": "#1"}
			}
		},
		{
			"from": [12, 0.25, 2],
			"to": [14, 1.2, 4],
			"faces": {
				"north": {"uv": [6.5, 7, 7, 7.25], "texture": "#1"},
				"east": {"uv": [7, 6.5, 7.5, 6.75], "texture": "#1"},
				"south": {"uv": [7, 6.75, 7.5, 7], "texture": "#1"},
				"west": {"uv": [7, 7, 7.5, 7.25], "texture": "#1"},
				"up": {"uv": [6.25, 6.5, 5.75, 6], "texture": "#1"},
				"down": {"uv": [6.75, 6, 6.25, 6.5], "texture": "#1"}
			}
		},
		{
			"from": [12, 0.25, 12],
			"to": [14, 1.2, 14],
			"faces": {
				"north": {"uv": [7.25, 1.25, 7.75, 1.5], "texture": "#1"},
				"east": {"uv": [7.25, 1.5, 7.75, 1.75], "texture": "#1"},
				"south": {"uv": [7.25, 1.75, 7.75, 2], "texture": "#1"},
				"west": {"uv": [2, 7.25, 2.5, 7.5], "texture": "#1"},
				"up": {"uv": [7.25, 1.5, 6.75, 1], "texture": "#1"},
				"down": {"uv": [7.25, 1.5, 6.75, 2], "texture": "#1"}
			}
		},
		{
			"from": [2, 0.25, 12],
			"to": [4, 1.2, 14],
			"faces": {
				"north": {"uv": [7.25, 2, 7.75, 2.25], "texture": "#1"},
				"east": {"uv": [7.25, 2.25, 7.75, 2.5], "texture": "#1"},
				"south": {"uv": [2.5, 7.25, 3, 7.5], "texture": "#1"},
				"west": {"uv": [7.25, 2.5, 7.75, 2.75], "texture": "#1"},
				"up": {"uv": [7.25, 2.5, 6.75, 2], "texture": "#1"},
				"down": {"uv": [7.25, 2.5, 6.75, 3], "texture": "#1"}
			}
		},
		{
			"from": [2, 0.25, 2],
			"to": [4, 1.2, 4],
			"faces": {
				"north": {"uv": [0, 7.25, 0.5, 7.5], "texture": "#1"},
				"east": {"uv": [0.5, 7.25, 1, 7.5], "texture": "#1"},
				"south": {"uv": [1, 7.25, 1.5, 7.5], "texture": "#1"},
				"west": {"uv": [7.25, 1, 7.75, 1.25], "texture": "#1"},
				"up": {"uv": [6.25, 7, 5.75, 6.5], "texture": "#1"},
				"down": {"uv": [6.75, 6.5, 6.25, 7], "texture": "#1"}
			}
		},
		{
			"from": [7.5, 0.25, 1],
			"to": [8.5, 0.75, 2],
			"faces": {
				"north": {"uv": [5.25, 7.25, 5.5, 7.5], "texture": "#1"},
				"east": {"uv": [5.75, 7.25, 6, 7.5], "texture": "#1"},
				"south": {"uv": [6, 7.25, 6.25, 7.5], "texture": "#1"},
				"west": {"uv": [6.25, 7.25, 6.5, 7.5], "texture": "#1"},
				"up": {"uv": [6.75, 7.5, 6.5, 7.25], "texture": "#1"},
				"down": {"uv": [7, 7.25, 6.75, 7.5], "texture": "#1"}
			}
		},
		{
			"from": [12.025, 0.25, 1.25],
			"to": [14.75, 0.75, 3.975],
			"faces": {
				"north": {"uv": [2, 7, 2.75, 7.25], "texture": "#1"},
				"east": {"uv": [2.75, 7, 3.5, 7.25], "texture": "#1"},
				"south": {"uv": [7, 3.25, 7.75, 3.5], "texture": "#1"},
				"west": {"uv": [7, 3.5, 7.75, 3.75], "texture": "#1"},
				"up": {"uv": [6.75, 1.75, 6, 1], "texture": "#1"},
				"down": {"uv": [6.75, 1.75, 6, 2.5], "texture": "#1"}
			}
		},
		{
			"from": [1.25, 0.25, 1.25],
			"to": [3.975, 0.75, 3.975],
			"faces": {
				"north": {"uv": [3.75, 7, 4.5, 7.25], "texture": "#1"},
				"east": {"uv": [7, 3.75, 7.75, 4], "texture": "#1"},
				"south": {"uv": [7, 4.25, 7.75, 4.5], "texture": "#1"},
				"west": {"uv": [7, 4.5, 7.75, 4.75], "texture": "#1"},
				"up": {"uv": [6.75, 3.25, 6, 2.5], "texture": "#1"},
				"down": {"uv": [6.75, 3.25, 6, 4], "texture": "#1"}
			}
		},
		{
			"from": [4.65, 0.25, 1.25],
			"to": [4.875, 0.5, 1.75],
			"faces": {
				"north": {"uv": [4, 7.5, 4.25, 7.75], "texture": "#1"},
				"east": {"uv": [7.5, 4, 7.75, 4.25], "texture": "#1"},
				"south": {"uv": [4.25, 7.5, 4.5, 7.75], "texture": "#1"},
				"west": {"uv": [4.5, 7.5, 4.75, 7.75], "texture": "#1"},
				"up": {"uv": [5, 7.75, 4.75, 7.5], "texture": "#1"},
				"down": {"uv": [5.25, 7.5, 5, 7.75], "texture": "#1"}
			}
		},
		{
			"from": [6.65, 0.25, 2],
			"to": [6.875, 0.5, 2.5],
			"faces": {
				"north": {"uv": [7.75, 4.5, 8, 4.75], "texture": "#1"},
				"east": {"uv": [4.75, 7.75, 5, 8], "texture": "#1"},
				"south": {"uv": [7.75, 4.75, 8, 5], "texture": "#1"},
				"west": {"uv": [5, 7.75, 5.25, 8], "texture": "#1"},
				"up": {"uv": [8, 5.25, 7.75, 5], "texture": "#1"},
				"down": {"uv": [5.5, 7.75, 5.25, 8], "texture": "#1"}
			}
		},
		{
			"from": [6.15, 0.25, 2],
			"to": [6.375, 0.5, 2.5],
			"faces": {
				"north": {"uv": [7.75, 3.75, 8, 4], "texture": "#1"},
				"east": {"uv": [4, 7.75, 4.25, 8], "texture": "#1"},
				"south": {"uv": [7.75, 4, 8, 4.25], "texture": "#1"},
				"west": {"uv": [4.25, 7.75, 4.5, 8], "texture": "#1"},
				"up": {"uv": [8, 4.5, 7.75, 4.25], "texture": "#1"},
				"down": {"uv": [4.75, 7.75, 4.5, 8], "texture": "#1"}
			}
		},
		{
			"from": [5.65, 0.25, 2],
			"to": [5.875, 0.5, 2.5],
			"faces": {
				"north": {"uv": [7.75, 3, 8, 3.25], "texture": "#1"},
				"east": {"uv": [3.25, 7.75, 3.5, 8], "texture": "#1"},
				"south": {"uv": [7.75, 3.25, 8, 3.5], "texture": "#1"},
				"west": {"uv": [3.5, 7.75, 3.75, 8], "texture": "#1"},
				"up": {"uv": [8, 3.75, 7.75, 3.5], "texture": "#1"},
				"down": {"uv": [4, 7.75, 3.75, 8], "texture": "#1"}
			}
		},
		{
			"from": [5.15, 0.25, 2],
			"to": [5.375, 0.5, 2.5],
			"faces": {
				"north": {"uv": [7.75, 2.25, 8, 2.5], "texture": "#1"},
				"east": {"uv": [2.5, 7.75, 2.75, 8], "texture": "#1"},
				"south": {"uv": [7.75, 2.5, 8, 2.75], "texture": "#1"},
				"west": {"uv": [2.75, 7.75, 3, 8], "texture": "#1"},
				"up": {"uv": [8, 3, 7.75, 2.75], "texture": "#1"},
				"down": {"uv": [3.25, 7.75, 3, 8], "texture": "#1"}
			}
		},
		{
			"from": [4.65, 0.25, 2],
			"to": [4.875, 0.5, 2.5],
			"faces": {
				"north": {"uv": [7.75, 1.5, 8, 1.75], "texture": "#1"},
				"east": {"uv": [1.75, 7.75, 2, 8], "texture": "#1"},
				"south": {"uv": [7.75, 1.75, 8, 2], "texture": "#1"},
				"west": {"uv": [2, 7.75, 2.25, 8], "texture": "#1"},
				"up": {"uv": [8, 2.25, 7.75, 2], "texture": "#1"},
				"down": {"uv": [2.5, 7.75, 2.25, 8], "texture": "#1"}
			}
		},
		{
			"from": [9.15, 0.25, 1.25],
			"to": [9.375, 0.5, 1.75],
			"faces": {
				"north": {"uv": [4.75, 8, 5, 8.25], "texture": "#1"},
				"east": {"uv": [8, 4.75, 8.25, 5], "texture": "#1"},
				"south": {"uv": [5, 8, 5.25, 8.25], "texture": "#1"},
				"west": {"uv": [8, 5, 8.25, 5.25], "texture": "#1"},
				"up": {"uv": [5.5, 8.25, 5.25, 8], "texture": "#1"},
				"down": {"uv": [8.25, 5.25, 8, 5.5], "texture": "#1"}
			}
		},
		{
			"from": [9.65, 0.25, 1.25],
			"to": [9.875, 0.5, 1.75],
			"faces": {
				"north": {"uv": [4, 8, 4.25, 8.25], "texture": "#1"},
				"east": {"uv": [8, 4, 8.25, 4.25], "texture": "#1"},
				"south": {"uv": [4.25, 8, 4.5, 8.25], "texture": "#1"},
				"west": {"uv": [8, 4.25, 8.25, 4.5], "texture": "#1"},
				"up": {"uv": [4.75, 8.25, 4.5, 8], "texture": "#1"},
				"down": {"uv": [8.25, 4.5, 8, 4.75], "texture": "#1"}
			}
		},
		{
			"from": [10.15, 0.25, 1.25],
			"to": [10.375, 0.5, 1.75],
			"faces": {
				"north": {"uv": [3.25, 8, 3.5, 8.25], "texture": "#1"},
				"east": {"uv": [8, 3.25, 8.25, 3.5], "texture": "#1"},
				"south": {"uv": [3.5, 8, 3.75, 8.25], "texture": "#1"},
				"west": {"uv": [8, 3.5, 8.25, 3.75], "texture": "#1"},
				"up": {"uv": [4, 8.25, 3.75, 8], "texture": "#1"},
				"down": {"uv": [8.25, 3.75, 8, 4], "texture": "#1"}
			}
		},
		{
			"from": [10.65, 0.25, 1.25],
			"to": [10.875, 0.5, 1.75],
			"faces": {
				"north": {"uv": [2.5, 8, 2.75, 8.25], "texture": "#1"},
				"east": {"uv": [8, 2.5, 8.25, 2.75], "texture": "#1"},
				"south": {"uv": [2.75, 8, 3, 8.25], "texture": "#1"},
				"west": {"uv": [8, 2.75, 8.25, 3], "texture": "#1"},
				"up": {"uv": [3.25, 8.25, 3, 8], "texture": "#1"},
				"down": {"uv": [8.25, 3, 8, 3.25], "texture": "#1"}
			}
		},
		{
			"from": [11.15, 0.25, 1.25],
			"to": [11.375, 0.5, 1.75],
			"faces": {
				"north": {"uv": [1.75, 8, 2, 8.25], "texture": "#1"},
				"east": {"uv": [8, 1.75, 8.25, 2], "texture": "#1"},
				"south": {"uv": [2, 8, 2.25, 8.25], "texture": "#1"},
				"west": {"uv": [8, 2, 8.25, 2.25], "texture": "#1"},
				"up": {"uv": [2.5, 8.25, 2.25, 8], "texture": "#1"},
				"down": {"uv": [8.25, 2.25, 8, 2.5], "texture": "#1"}
			}
		},
		{
			"from": [11.15, 0.25, 2],
			"to": [11.375, 0.5, 2.5],
			"faces": {
				"north": {"uv": [1, 8, 1.25, 8.25], "texture": "#1"},
				"east": {"uv": [8, 1, 8.25, 1.25], "texture": "#1"},
				"south": {"uv": [1.25, 8, 1.5, 8.25], "texture": "#1"},
				"west": {"uv": [8, 1.25, 8.25, 1.5], "texture": "#1"},
				"up": {"uv": [1.75, 8.25, 1.5, 8], "texture": "#1"},
				"down": {"uv": [8.25, 1.5, 8, 1.75], "texture": "#1"}
			}
		},
		{
			"from": [10.65, 0.25, 2],
			"to": [10.875, 0.5, 2.5],
			"faces": {
				"north": {"uv": [7.75, 7.5, 8, 7.75], "texture": "#1"},
				"east": {"uv": [7.75, 7.75, 8, 8], "texture": "#1"},
				"south": {"uv": [0, 8, 0.25, 8.25], "texture": "#1"},
				"west": {"uv": [0.25, 8, 0.5, 8.25], "texture": "#1"},
				"up": {"uv": [0.75, 8.25, 0.5, 8], "texture": "#1"},
				"down": {"uv": [1, 8, 0.75, 8.25], "texture": "#1"}
			}
		},
		{
			"from": [10.15, 0.25, 2],
			"to": [10.375, 0.5, 2.5],
			"faces": {
				"north": {"uv": [7.75, 6.75, 8, 7], "texture": "#1"},
				"east": {"uv": [7, 7.75, 7.25, 8], "texture": "#1"},
				"south": {"uv": [7.75, 7, 8, 7.25], "texture": "#1"},
				"west": {"uv": [7.25, 7.75, 7.5, 8], "texture": "#1"},
				"up": {"uv": [8, 7.5, 7.75, 7.25], "texture": "#1"},
				"down": {"uv": [7.75, 7.75, 7.5, 8], "texture": "#1"}
			}
		},
		{
			"from": [9.65, 0.25, 2],
			"to": [9.875, 0.5, 2.5],
			"faces": {
				"north": {"uv": [7.75, 6, 8, 6.25], "texture": "#1"},
				"east": {"uv": [6.25, 7.75, 6.5, 8], "texture": "#1"},
				"south": {"uv": [7.75, 6.25, 8, 6.5], "texture": "#1"},
				"west": {"uv": [6.5, 7.75, 6.75, 8], "texture": "#1"},
				"up": {"uv": [8, 6.75, 7.75, 6.5], "texture": "#1"},
				"down": {"uv": [7, 7.75, 6.75, 8], "texture": "#1"}
			}
		},
		{
			"from": [9.15, 0.25, 2],
			"to": [9.375, 0.5, 2.5],
			"faces": {
				"north": {"uv": [7.75, 5.25, 8, 5.5], "texture": "#1"},
				"east": {"uv": [5.5, 7.75, 5.75, 8], "texture": "#1"},
				"south": {"uv": [7.75, 5.5, 8, 5.75], "texture": "#1"},
				"west": {"uv": [5.75, 7.75, 6, 8], "texture": "#1"},
				"up": {"uv": [8, 6, 7.75, 5.75], "texture": "#1"},
				"down": {"uv": [6.25, 7.75, 6, 8], "texture": "#1"}
			}
		},
		{
			"from": [2.25, 0.25, 4.15],
			"to": [2.75, 0.5, 4.375],
			"faces": {
				"north": {"uv": [8.25, 4.5, 8.5, 4.75], "texture": "#1"},
				"east": {"uv": [4.75, 8.25, 5, 8.5], "texture": "#1"},
				"south": {"uv": [8.25, 4.75, 8.5, 5], "texture": "#1"},
				"west": {"uv": [5, 8.25, 5.25, 8.5], "texture": "#1"},
				"up": {"uv": [8.5, 5.25, 8.25, 5], "texture": "#1"},
				"down": {"uv": [5.5, 8.25, 5.25, 8.5], "texture": "#1"}
			}
		},
		{
			"from": [2.25, 0.25, 4.65],
			"to": [2.75, 0.5, 4.875],
			"faces": {
				"north": {"uv": [8.25, 3.75, 8.5, 4], "texture": "#1"},
				"east": {"uv": [4, 8.25, 4.25, 8.5], "texture": "#1"},
				"south": {"uv": [8.25, 4, 8.5, 4.25], "texture": "#1"},
				"west": {"uv": [4.25, 8.25, 4.5, 8.5], "texture": "#1"},
				"up": {"uv": [8.5, 4.5, 8.25, 4.25], "texture": "#1"},
				"down": {"uv": [4.75, 8.25, 4.5, 8.5], "texture": "#1"}
			}
		},
		{
			"from": [2.25, 0.25, 5.15],
			"to": [2.75, 0.5, 5.375],
			"faces": {
				"north": {"uv": [8.25, 3, 8.5, 3.25], "texture": "#1"},
				"east": {"uv": [3.25, 8.25, 3.5, 8.5], "texture": "#1"},
				"south": {"uv": [8.25, 3.25, 8.5, 3.5], "texture": "#1"},
				"west": {"uv": [3.5, 8.25, 3.75, 8.5], "texture": "#1"},
				"up": {"uv": [8.5, 3.75, 8.25, 3.5], "texture": "#1"},
				"down": {"uv": [4, 8.25, 3.75, 8.5], "texture": "#1"}
			}
		},
		{
			"from": [2.25, 0.25, 5.65],
			"to": [2.75, 0.5, 5.875],
			"faces": {
				"north": {"uv": [8.25, 2.25, 8.5, 2.5], "texture": "#1"},
				"east": {"uv": [2.5, 8.25, 2.75, 8.5], "texture": "#1"},
				"south": {"uv": [8.25, 2.5, 8.5, 2.75], "texture": "#1"},
				"west": {"uv": [2.75, 8.25, 3, 8.5], "texture": "#1"},
				"up": {"uv": [8.5, 3, 8.25, 2.75], "texture": "#1"},
				"down": {"uv": [3.25, 8.25, 3, 8.5], "texture": "#1"}
			}
		},
		{
			"from": [2.25, 0.25, 6.15],
			"to": [2.75, 0.5, 6.375],
			"faces": {
				"north": {"uv": [8.25, 1.5, 8.5, 1.75], "texture": "#1"},
				"east": {"uv": [1.75, 8.25, 2, 8.5], "texture": "#1"},
				"south": {"uv": [8.25, 1.75, 8.5, 2], "texture": "#1"},
				"west": {"uv": [2, 8.25, 2.25, 8.5], "texture": "#1"},
				"up": {"uv": [8.5, 2.25, 8.25, 2], "texture": "#1"},
				"down": {"uv": [2.5, 8.25, 2.25, 8.5], "texture": "#1"}
			}
		},
		{
			"from": [1.5, 0.05, 6.15],
			"to": [2, 0.3, 6.375],
			"faces": {
				"north": {"uv": [0.75, 8.25, 1, 8.5], "texture": "#1"},
				"east": {"uv": [1, 8.25, 1.25, 8.5], "texture": "#1"},
				"south": {"uv": [8.25, 1, 8.5, 1.25], "texture": "#1"},
				"west": {"uv": [1.25, 8.25, 1.5, 8.5], "texture": "#1"},
				"up": {"uv": [8.5, 1.5, 8.25, 1.25], "texture": "#1"},
				"down": {"uv": [1.75, 8.25, 1.5, 8.5], "texture": "#1"}
			}
		},
		{
			"from": [1.5, 0.05, 5.65],
			"to": [2, 0.3, 5.875],
			"faces": {
				"north": {"uv": [7.75, 8, 8, 8.25], "texture": "#1"},
				"east": {"uv": [8, 7.75, 8.25, 8], "texture": "#1"},
				"south": {"uv": [8, 8, 8.25, 8.25], "texture": "#1"},
				"west": {"uv": [0, 8.25, 0.25, 8.5], "texture": "#1"},
				"up": {"uv": [0.5, 8.5, 0.25, 8.25], "texture": "#1"},
				"down": {"uv": [0.75, 8.25, 0.5, 8.5], "texture": "#1"}
			}
		},
		{
			"from": [1.5, 0.05, 5.15],
			"to": [2, 0.3, 5.375],
			"faces": {
				"north": {"uv": [7, 8, 7.25, 8.25], "texture": "#1"},
				"east": {"uv": [8, 7, 8.25, 7.25], "texture": "#1"},
				"south": {"uv": [7.25, 8, 7.5, 8.25], "texture": "#1"},
				"west": {"uv": [8, 7.25, 8.25, 7.5], "texture": "#1"},
				"up": {"uv": [7.75, 8.25, 7.5, 8], "texture": "#1"},
				"down": {"uv": [8.25, 7.5, 8, 7.75], "texture": "#1"}
			}
		},
		{
			"from": [1.5, 0.05, 4.65],
			"to": [2, 0.3, 4.875],
			"faces": {
				"north": {"uv": [6.25, 8, 6.5, 8.25], "texture": "#1"},
				"east": {"uv": [8, 6.25, 8.25, 6.5], "texture": "#1"},
				"south": {"uv": [6.5, 8, 6.75, 8.25], "texture": "#1"},
				"west": {"uv": [8, 6.5, 8.25, 6.75], "texture": "#1"},
				"up": {"uv": [7, 8.25, 6.75, 8], "texture": "#1"},
				"down": {"uv": [8.25, 6.75, 8, 7], "texture": "#1"}
			}
		},
		{
			"from": [1.5, 0.05, 4.15],
			"to": [2, 0.3, 4.375],
			"faces": {
				"north": {"uv": [5.5, 8, 5.75, 8.25], "texture": "#1"},
				"east": {"uv": [8, 5.5, 8.25, 5.75], "texture": "#1"},
				"south": {"uv": [5.75, 8, 6, 8.25], "texture": "#1"},
				"west": {"uv": [8, 5.75, 8.25, 6], "texture": "#1"},
				"up": {"uv": [6.25, 8.25, 6, 8], "texture": "#1"},
				"down": {"uv": [8.25, 6, 8, 6.25], "texture": "#1"}
			}
		},
		{
			"from": [2.25, 0.05, 9.65],
			"to": [2.75, 0.3, 9.875],
			"faces": {
				"north": {"uv": [3.75, 8.5, 4, 8.75], "texture": "#1"},
				"east": {"uv": [8.5, 3.75, 8.75, 4], "texture": "#1"},
				"south": {"uv": [4, 8.5, 4.25, 8.75], "texture": "#1"},
				"west": {"uv": [8.5, 4, 8.75, 4.25], "texture": "#1"},
				"up": {"uv": [4.5, 8.75, 4.25, 8.5], "texture": "#1"},
				"down": {"uv": [8.75, 4.25, 8.5, 4.5], "texture": "#1"}
			}
		},
		{
			"from": [2.25, 0.05, 10.15],
			"to": [2.75, 0.3, 10.375],
			"faces": {
				"north": {"uv": [3, 8.5, 3.25, 8.75], "texture": "#1"},
				"east": {"uv": [8.5, 3, 8.75, 3.25], "texture": "#1"},
				"south": {"uv": [3.25, 8.5, 3.5, 8.75], "texture": "#1"},
				"west": {"uv": [8.5, 3.25, 8.75, 3.5], "texture": "#1"},
				"up": {"uv": [3.75, 8.75, 3.5, 8.5], "texture": "#1"},
				"down": {"uv": [8.75, 3.5, 8.5, 3.75], "texture": "#1"}
			}
		},
		{
			"from": [2.25, 0.05, 10.65],
			"to": [2.75, 0.3, 10.875],
			"faces": {
				"north": {"uv": [2.25, 8.5, 2.5, 8.75], "texture": "#1"},
				"east": {"uv": [8.5, 2.25, 8.75, 2.5], "texture": "#1"},
				"south": {"uv": [2.5, 8.5, 2.75, 8.75], "texture": "#1"},
				"west": {"uv": [8.5, 2.5, 8.75, 2.75], "texture": "#1"},
				"up": {"uv": [3, 8.75, 2.75, 8.5], "texture": "#1"},
				"down": {"uv": [8.75, 2.75, 8.5, 3], "texture": "#1"}
			}
		},
		{
			"from": [2.25, 0.05, 11.15],
			"to": [2.75, 0.3, 11.375],
			"faces": {
				"north": {"uv": [1.5, 8.5, 1.75, 8.75], "texture": "#1"},
				"east": {"uv": [8.5, 1.5, 8.75, 1.75], "texture": "#1"},
				"south": {"uv": [1.75, 8.5, 2, 8.75], "texture": "#1"},
				"west": {"uv": [8.5, 1.75, 8.75, 2], "texture": "#1"},
				"up": {"uv": [2.25, 8.75, 2, 8.5], "texture": "#1"},
				"down": {"uv": [8.75, 2, 8.5, 2.25], "texture": "#1"}
			}
		},
		{
			"from": [2.25, 0.05, 11.65],
			"to": [2.75, 0.3, 11.875],
			"faces": {
				"north": {"uv": [0.75, 8.5, 1, 8.75], "texture": "#1"},
				"east": {"uv": [8.5, 0.75, 8.75, 1], "texture": "#1"},
				"south": {"uv": [1, 8.5, 1.25, 8.75], "texture": "#1"},
				"west": {"uv": [8.5, 1, 8.75, 1.25], "texture": "#1"},
				"up": {"uv": [1.5, 8.75, 1.25, 8.5], "texture": "#1"},
				"down": {"uv": [8.75, 1.25, 8.5, 1.5], "texture": "#1"}
			}
		},
		{
			"from": [1.5, 0.05, 11.65],
			"to": [2, 0.3, 11.875],
			"faces": {
				"north": {"uv": [0, 8.5, 0.25, 8.75], "texture": "#1"},
				"east": {"uv": [8.5, 0, 8.75, 0.25], "texture": "#1"},
				"south": {"uv": [0.25, 8.5, 0.5, 8.75], "texture": "#1"},
				"west": {"uv": [8.5, 0.25, 8.75, 0.5], "texture": "#1"},
				"up": {"uv": [0.75, 8.75, 0.5, 8.5], "texture": "#1"},
				"down": {"uv": [8.75, 0.5, 8.5, 0.75], "texture": "#1"}
			}
		},
		{
			"from": [1.5, 0.05, 11.15],
			"to": [2, 0.3, 11.375],
			"faces": {
				"north": {"uv": [8.25, 7.5, 8.5, 7.75], "texture": "#1"},
				"east": {"uv": [7.75, 8.25, 8, 8.5], "texture": "#1"},
				"south": {"uv": [8.25, 7.75, 8.5, 8], "texture": "#1"},
				"west": {"uv": [8, 8.25, 8.25, 8.5], "texture": "#1"},
				"up": {"uv": [8.5, 8.25, 8.25, 8], "texture": "#1"},
				"down": {"uv": [8.5, 8.25, 8.25, 8.5], "texture": "#1"}
			}
		},
		{
			"from": [1.5, 0.05, 10.65],
			"to": [2, 0.3, 10.875],
			"faces": {
				"north": {"uv": [8.25, 6.75, 8.5, 7], "texture": "#1"},
				"east": {"uv": [7, 8.25, 7.25, 8.5], "texture": "#1"},
				"south": {"uv": [8.25, 7, 8.5, 7.25], "texture": "#1"},
				"west": {"uv": [7.25, 8.25, 7.5, 8.5], "texture": "#1"},
				"up": {"uv": [8.5, 7.5, 8.25, 7.25], "texture": "#1"},
				"down": {"uv": [7.75, 8.25, 7.5, 8.5], "texture": "#1"}
			}
		},
		{
			"from": [1.5, 0.05, 10.15],
			"to": [2, 0.3, 10.375],
			"faces": {
				"north": {"uv": [8.25, 6, 8.5, 6.25], "texture": "#1"},
				"east": {"uv": [6.25, 8.25, 6.5, 8.5], "texture": "#1"},
				"south": {"uv": [8.25, 6.25, 8.5, 6.5], "texture": "#1"},
				"west": {"uv": [6.5, 8.25, 6.75, 8.5], "texture": "#1"},
				"up": {"uv": [8.5, 6.75, 8.25, 6.5], "texture": "#1"},
				"down": {"uv": [7, 8.25, 6.75, 8.5], "texture": "#1"}
			}
		},
		{
			"from": [1.5, 0.05, 9.65],
			"to": [2, 0.3, 9.875],
			"faces": {
				"north": {"uv": [8.25, 5.25, 8.5, 5.5], "texture": "#1"},
				"east": {"uv": [5.5, 8.25, 5.75, 8.5], "texture": "#1"},
				"south": {"uv": [8.25, 5.5, 8.5, 5.75], "texture": "#1"},
				"west": {"uv": [5.75, 8.25, 6, 8.5], "texture": "#1"},
				"up": {"uv": [8.5, 6, 8.25, 5.75], "texture": "#1"},
				"down": {"uv": [6.25, 8.25, 6, 8.5], "texture": "#1"}
			}
		},
		{
			"from": [14, 0.05, 9.65],
			"to": [14.5, 0.3, 9.875],
			"faces": {
				"north": {"uv": [8.75, 2.5, 9, 2.75], "texture": "#1"},
				"east": {"uv": [2.75, 8.75, 3, 9], "texture": "#1"},
				"south": {"uv": [8.75, 2.75, 9, 3], "texture": "#1"},
				"west": {"uv": [3, 8.75, 3.25, 9], "texture": "#1"},
				"up": {"uv": [9, 3.25, 8.75, 3], "texture": "#1"},
				"down": {"uv": [3.5, 8.75, 3.25, 9], "texture": "#1"}
			}
		},
		{
			"from": [14, 0.05, 10.15],
			"to": [14.5, 0.3, 10.375],
			"faces": {
				"north": {"uv": [8.75, 1.75, 9, 2], "texture": "#1"},
				"east": {"uv": [2, 8.75, 2.25, 9], "texture": "#1"},
				"south": {"uv": [8.75, 2, 9, 2.25], "texture": "#1"},
				"west": {"uv": [2.25, 8.75, 2.5, 9], "texture": "#1"},
				"up": {"uv": [9, 2.5, 8.75, 2.25], "texture": "#1"},
				"down": {"uv": [2.75, 8.75, 2.5, 9], "texture": "#1"}
			}
		},
		{
			"from": [14, 0.05, 10.65],
			"to": [14.5, 0.3, 10.875],
			"faces": {
				"north": {"uv": [8.75, 1, 9, 1.25], "texture": "#1"},
				"east": {"uv": [1.25, 8.75, 1.5, 9], "texture": "#1"},
				"south": {"uv": [8.75, 1.25, 9, 1.5], "texture": "#1"},
				"west": {"uv": [1.5, 8.75, 1.75, 9], "texture": "#1"},
				"up": {"uv": [9, 1.75, 8.75, 1.5], "texture": "#1"},
				"down": {"uv": [2, 8.75, 1.75, 9], "texture": "#1"}
			}
		},
		{
			"from": [14, 0.05, 11.15],
			"to": [14.5, 0.3, 11.375],
			"faces": {
				"north": {"uv": [8.75, 0.25, 9, 0.5], "texture": "#1"},
				"east": {"uv": [0.5, 8.75, 0.75, 9], "texture": "#1"},
				"south": {"uv": [8.75, 0.5, 9, 0.75], "texture": "#1"},
				"west": {"uv": [0.75, 8.75, 1, 9], "texture": "#1"},
				"up": {"uv": [9, 1, 8.75, 0.75], "texture": "#1"},
				"down": {"uv": [1.25, 8.75, 1, 9], "texture": "#1"}
			}
		},
		{
			"from": [14, 0.05, 11.65],
			"to": [14.5, 0.3, 11.875],
			"faces": {
				"north": {"uv": [8.25, 8.5, 8.5, 8.75], "texture": "#1"},
				"east": {"uv": [8.5, 8.25, 8.75, 8.5], "texture": "#1"},
				"south": {"uv": [8.5, 8.5, 8.75, 8.75], "texture": "#1"},
				"west": {"uv": [0, 8.75, 0.25, 9], "texture": "#1"},
				"up": {"uv": [9, 0.25, 8.75, 0], "texture": "#1"},
				"down": {"uv": [0.5, 8.75, 0.25, 9], "texture": "#1"}
			}
		},
		{
			"from": [13.25, 0.05, 11.65],
			"to": [13.75, 0.3, 11.875],
			"faces": {
				"north": {"uv": [7.5, 8.5, 7.75, 8.75], "texture": "#1"},
				"east": {"uv": [8.5, 7.5, 8.75, 7.75], "texture": "#1"},
				"south": {"uv": [7.75, 8.5, 8, 8.75], "texture": "#1"},
				"west": {"uv": [8.5, 7.75, 8.75, 8], "texture": "#1"},
				"up": {"uv": [8.25, 8.75, 8, 8.5], "texture": "#1"},
				"down": {"uv": [8.75, 8, 8.5, 8.25], "texture": "#1"}
			}
		},
		{
			"from": [13.25, 0.05, 11.15],
			"to": [13.75, 0.3, 11.375],
			"faces": {
				"north": {"uv": [6.75, 8.5, 7, 8.75], "texture": "#1"},
				"east": {"uv": [8.5, 6.75, 8.75, 7], "texture": "#1"},
				"south": {"uv": [7, 8.5, 7.25, 8.75], "texture": "#1"},
				"west": {"uv": [8.5, 7, 8.75, 7.25], "texture": "#1"},
				"up": {"uv": [7.5, 8.75, 7.25, 8.5], "texture": "#1"},
				"down": {"uv": [8.75, 7.25, 8.5, 7.5], "texture": "#1"}
			}
		},
		{
			"from": [13.25, 0.05, 10.65],
			"to": [13.75, 0.3, 10.875],
			"faces": {
				"north": {"uv": [6, 8.5, 6.25, 8.75], "texture": "#1"},
				"east": {"uv": [8.5, 6, 8.75, 6.25], "texture": "#1"},
				"south": {"uv": [6.25, 8.5, 6.5, 8.75], "texture": "#1"},
				"west": {"uv": [8.5, 6.25, 8.75, 6.5], "texture": "#1"},
				"up": {"uv": [6.75, 8.75, 6.5, 8.5], "texture": "#1"},
				"down": {"uv": [8.75, 6.5, 8.5, 6.75], "texture": "#1"}
			}
		},
		{
			"from": [13.25, 0.05, 10.15],
			"to": [13.75, 0.3, 10.375],
			"faces": {
				"north": {"uv": [5.25, 8.5, 5.5, 8.75], "texture": "#1"},
				"east": {"uv": [8.5, 5.25, 8.75, 5.5], "texture": "#1"},
				"south": {"uv": [5.5, 8.5, 5.75, 8.75], "texture": "#1"},
				"west": {"uv": [8.5, 5.5, 8.75, 5.75], "texture": "#1"},
				"up": {"uv": [6, 8.75, 5.75, 8.5], "texture": "#1"},
				"down": {"uv": [8.75, 5.75, 8.5, 6], "texture": "#1"}
			}
		},
		{
			"from": [13.25, 0.05, 9.65],
			"to": [13.75, 0.3, 9.875],
			"faces": {
				"north": {"uv": [4.5, 8.5, 4.75, 8.75], "texture": "#1"},
				"east": {"uv": [8.5, 4.5, 8.75, 4.75], "texture": "#1"},
				"south": {"uv": [4.75, 8.5, 5, 8.75], "texture": "#1"},
				"west": {"uv": [8.5, 4.75, 8.75, 5], "texture": "#1"},
				"up": {"uv": [5.25, 8.75, 5, 8.5], "texture": "#1"},
				"down": {"uv": [8.75, 5, 8.5, 5.25], "texture": "#1"}
			}
		},
		{
			"from": [14, 0.05, 4.15],
			"to": [14.5, 0.3, 4.375],
			"faces": {
				"north": {"uv": [1.25, 9, 1.5, 9.25], "texture": "#1"},
				"east": {"uv": [9, 1.25, 9.25, 1.5], "texture": "#1"},
				"south": {"uv": [1.5, 9, 1.75, 9.25], "texture": "#1"},
				"west": {"uv": [9, 1.5, 9.25, 1.75], "texture": "#1"},
				"up": {"uv": [2, 9.25, 1.75, 9], "texture": "#1"},
				"down": {"uv": [9.25, 1.75, 9, 2], "texture": "#1"}
			}
		},
		{
			"from": [14, 0.05, 4.65],
			"to": [14.5, 0.3, 4.875],
			"faces": {
				"north": {"uv": [0.5, 9, 0.75, 9.25], "texture": "#1"},
				"east": {"uv": [9, 0.5, 9.25, 0.75], "texture": "#1"},
				"south": {"uv": [0.75, 9, 1, 9.25], "texture": "#1"},
				"west": {"uv": [9, 0.75, 9.25, 1], "texture": "#1"},
				"up": {"uv": [1.25, 9.25, 1, 9], "texture": "#1"},
				"down": {"uv": [9.25, 1, 9, 1.25], "texture": "#1"}
			}
		},
		{
			"from": [14, 0.05, 5.15],
			"to": [14.5, 0.3, 5.375],
			"faces": {
				"north": {"uv": [8.75, 8.5, 9, 8.75], "texture": "#1"},
				"east": {"uv": [8.75, 8.75, 9, 9], "texture": "#1"},
				"south": {"uv": [0, 9, 0.25, 9.25], "texture": "#1"},
				"west": {"uv": [9, 0, 9.25, 0.25], "texture": "#1"},
				"up": {"uv": [0.5, 9.25, 0.25, 9], "texture": "#1"},
				"down": {"uv": [9.25, 0.25, 9, 0.5], "texture": "#1"}
			}
		},
		{
			"from": [14, 0.05, 5.65],
			"to": [14.5, 0.3, 5.875],
			"faces": {
				"north": {"uv": [8.75, 7.75, 9, 8], "texture": "#1"},
				"east": {"uv": [8, 8.75, 8.25, 9], "texture": "#1"},
				"south": {"uv": [8.75, 8, 9, 8.25], "texture": "#1"},
				"west": {"uv": [8.25, 8.75, 8.5, 9], "texture": "#1"},
				"up": {"uv": [9, 8.5, 8.75, 8.25], "texture": "#1"},
				"down": {"uv": [8.75, 8.75, 8.5, 9], "texture": "#1"}
			}
		},
		{
			"from": [14, 0.05, 6.15],
			"to": [14.5, 0.3, 6.375],
			"faces": {
				"north": {"uv": [8.75, 7, 9, 7.25], "texture": "#1"},
				"east": {"uv": [7.25, 8.75, 7.5, 9], "texture": "#1"},
				"south": {"uv": [8.75, 7.25, 9, 7.5], "texture": "#1"},
				"west": {"uv": [7.5, 8.75, 7.75, 9], "texture": "#1"},
				"up": {"uv": [9, 7.75, 8.75, 7.5], "texture": "#1"},
				"down": {"uv": [8, 8.75, 7.75, 9], "texture": "#1"}
			}
		},
		{
			"from": [13.25, 0.25, 6.15],
			"to": [13.75, 0.5, 6.375],
			"faces": {
				"north": {"uv": [8.75, 6.25, 9, 6.5], "texture": "#1"},
				"east": {"uv": [6.5, 8.75, 6.75, 9], "texture": "#1"},
				"south": {"uv": [8.75, 6.5, 9, 6.75], "texture": "#1"},
				"west": {"uv": [6.75, 8.75, 7, 9], "texture": "#1"},
				"up": {"uv": [9, 7, 8.75, 6.75], "texture": "#1"},
				"down": {"uv": [7.25, 8.75, 7, 9], "texture": "#1"}
			}
		},
		{
			"from": [13.25, 0.25, 5.65],
			"to": [13.75, 0.5, 5.875],
			"faces": {
				"north": {"uv": [8.75, 5.5, 9, 5.75], "texture": "#1"},
				"east": {"uv": [5.75, 8.75, 6, 9], "texture": "#1"},
				"south": {"uv": [8.75, 5.75, 9, 6], "texture": "#1"},
				"west": {"uv": [6, 8.75, 6.25, 9], "texture": "#1"},
				"up": {"uv": [9, 6.25, 8.75, 6], "texture": "#1"},
				"down": {"uv": [6.5, 8.75, 6.25, 9], "texture": "#1"}
			}
		},
		{
			"from": [13.25, 0.25, 5.15],
			"to": [13.75, 0.5, 5.375],
			"faces": {
				"north": {"uv": [8.75, 4.75, 9, 5], "texture": "#1"},
				"east": {"uv": [5, 8.75, 5.25, 9], "texture": "#1"},
				"south": {"uv": [8.75, 5, 9, 5.25], "texture": "#1"},
				"west": {"uv": [5.25, 8.75, 5.5, 9], "texture": "#1"},
				"up": {"uv": [9, 5.5, 8.75, 5.25], "texture": "#1"},
				"down": {"uv": [5.75, 8.75, 5.5, 9], "texture": "#1"}
			}
		},
		{
			"from": [13.25, 0.25, 4.65],
			"to": [13.75, 0.5, 4.875],
			"faces": {
				"north": {"uv": [8.75, 4, 9, 4.25], "texture": "#1"},
				"east": {"uv": [4.25, 8.75, 4.5, 9], "texture": "#1"},
				"south": {"uv": [8.75, 4.25, 9, 4.5], "texture": "#1"},
				"west": {"uv": [4.5, 8.75, 4.75, 9], "texture": "#1"},
				"up": {"uv": [9, 4.75, 8.75, 4.5], "texture": "#1"},
				"down": {"uv": [5, 8.75, 4.75, 9], "texture": "#1"}
			}
		},
		{
			"from": [13.25, 0.25, 4.15],
			"to": [13.75, 0.5, 4.375],
			"faces": {
				"north": {"uv": [8.75, 3.25, 9, 3.5], "texture": "#1"},
				"east": {"uv": [3.5, 8.75, 3.75, 9], "texture": "#1"},
				"south": {"uv": [8.75, 3.5, 9, 3.75], "texture": "#1"},
				"west": {"uv": [3.75, 8.75, 4, 9], "texture": "#1"},
				"up": {"uv": [9, 4, 8.75, 3.75], "texture": "#1"},
				"down": {"uv": [4.25, 8.75, 4, 9], "texture": "#1"}
			}
		},
		{
			"from": [5.15, 0.25, 1.25],
			"to": [5.375, 0.5, 1.75],
			"faces": {
				"north": {"uv": [5.25, 7.5, 5.5, 7.75], "texture": "#1"},
				"east": {"uv": [5.5, 7.5, 5.75, 7.75], "texture": "#1"},
				"south": {"uv": [5.75, 7.5, 6, 7.75], "texture": "#1"},
				"west": {"uv": [6, 7.5, 6.25, 7.75], "texture": "#1"},
				"up": {"uv": [7.75, 6.25, 7.5, 6], "texture": "#1"},
				"down": {"uv": [6.5, 7.5, 6.25, 7.75], "texture": "#1"}
			}
		},
		{
			"from": [5.65, 0.25, 1.25],
			"to": [5.875, 0.5, 1.75],
			"faces": {
				"north": {"uv": [6.5, 7.5, 6.75, 7.75], "texture": "#1"},
				"east": {"uv": [7.5, 6.5, 7.75, 6.75], "texture": "#1"},
				"south": {"uv": [6.75, 7.5, 7, 7.75], "texture": "#1"},
				"west": {"uv": [7.5, 6.75, 7.75, 7], "texture": "#1"},
				"up": {"uv": [7.25, 7.75, 7, 7.5], "texture": "#1"},
				"down": {"uv": [7.75, 7, 7.5, 7.25], "texture": "#1"}
			}
		},
		{
			"from": [6.15, 0.25, 1.25],
			"to": [6.375, 0.5, 1.75],
			"faces": {
				"north": {"uv": [7.25, 7.5, 7.5, 7.75], "texture": "#1"},
				"east": {"uv": [7.5, 7.25, 7.75, 7.5], "texture": "#1"},
				"south": {"uv": [7.5, 7.5, 7.75, 7.75], "texture": "#1"},
				"west": {"uv": [0, 7.75, 0.25, 8], "texture": "#1"},
				"up": {"uv": [0.5, 8, 0.25, 7.75], "texture": "#1"},
				"down": {"uv": [0.75, 7.75, 0.5, 8], "texture": "#1"}
			}
		},
		{
			"from": [6.65, 0.25, 1.25],
			"to": [6.875, 0.5, 1.75],
			"faces": {
				"north": {"uv": [0.75, 7.75, 1, 8], "texture": "#1"},
				"east": {"uv": [1, 7.75, 1.25, 8], "texture": "#1"},
				"south": {"uv": [7.75, 1, 8, 1.25], "texture": "#1"},
				"west": {"uv": [1.25, 7.75, 1.5, 8], "texture": "#1"},
				"up": {"uv": [8, 1.5, 7.75, 1.25], "texture": "#1"},
				"down": {"uv": [1.75, 7.75, 1.5, 8], "texture": "#1"}
			}
		},
		{
			"from": [1.25, 0.25, 12.025],
			"to": [3.975, 0.75, 14.75],
			"faces": {
				"north": {"uv": [4.75, 7, 5.5, 7.25], "texture": "#1"},
				"east": {"uv": [7, 4.75, 7.75, 5], "texture": "#1"},
				"south": {"uv": [7, 5, 7.75, 5.25], "texture": "#1"},
				"west": {"uv": [7, 5.25, 7.75, 5.5], "texture": "#1"},
				"up": {"uv": [4.25, 6.75, 3.5, 6], "texture": "#1"},
				"down": {"uv": [6.75, 4, 6, 4.75], "texture": "#1"}
			}
		},
		{
			"from": [12.025, 0.25, 12.025],
			"to": [14.75, 0.75, 14.75],
			"faces": {
				"north": {"uv": [7, 5.5, 7.75, 5.75], "texture": "#1"},
				"east": {"uv": [5.75, 7, 6.5, 7.25], "texture": "#1"},
				"south": {"uv": [7, 5.75, 7.75, 6], "texture": "#1"},
				"west": {"uv": [7, 6.25, 7.75, 6.5], "texture": "#1"},
				"up": {"uv": [5, 6.75, 4.25, 6], "texture": "#1"},
				"down": {"uv": [5.75, 6, 5, 6.75], "texture": "#1"}
			}
		},
		{
			"from": [7.5, 0.25, 13],
			"to": [8.5, 1.25, 14],
			"faces": {
				"north": {"uv": [7.5, 2.75, 7.75, 3], "texture": "#1"},
				"east": {"uv": [3, 7.5, 3.25, 7.75], "texture": "#1"},
				"south": {"uv": [7.5, 3, 7.75, 3.25], "texture": "#1"},
				"west": {"uv": [3.25, 7.5, 3.5, 7.75], "texture": "#1"},
				"up": {"uv": [3.75, 7.75, 3.5, 7.5], "texture": "#1"},
				"down": {"uv": [4, 7.5, 3.75, 7.75], "texture": "#1"}
			}
		},
		{
			"from": [7.5, 0.25, 14],
			"to": [8.5, 0.75, 15],
			"faces": {
				"north": {"uv": [1, 7.5, 1.25, 7.75], "texture": "#1"},
				"east": {"uv": [1.25, 7.5, 1.5, 7.75], "texture": "#1"},
				"south": {"uv": [2, 7.5, 2.25, 7.75], "texture": "#1"},
				"west": {"uv": [2.25, 7.5, 2.5, 7.75], "texture": "#1"},
				"up": {"uv": [2.75, 7.75, 2.5, 7.5], "texture": "#1"},
				"down": {"uv": [3, 7.5, 2.75, 7.75], "texture": "#1"}
			}
		}
	],
	"display": {
		"gui": {
			"rotation": [56, 45, 0],
			"translation": [0, 2, 0],
			"scale": [0.64, 0.64, 0.64]
		},
		"head": {
			"rotation": [90, -180, 0],
			"translation": [0, 0, 13],
			"scale": [0.72, 0.72, 0.72]
		}
	}
}