{
	"credit": "Made with Blockbench",
	"textures": {
		"0": "item/cosmetics/hats/axe",
		"particle": "item/cosmetics/hats/axe"
	},
	"elements": [
		{
			"from": [7.5, 0, 2],
			"to": [8.5, 1, 16.25],
			"faces": {
				"north": {"uv": [10, 8, 11, 9], "texture": "#0"},
				"east": {"uv": [0, 0, 14, 1], "texture": "#0"},
				"south": {"uv": [10, 9, 11, 10], "texture": "#0"},
				"west": {"uv": [0, 1, 14, 2], "texture": "#0"},
				"up": {"uv": [1, 16, 0, 2], "texture": "#0"},
				"down": {"uv": [2, 2, 1, 16], "texture": "#0"}
			}
		},
		{
			"from": [7, -0.025, 12],
			"to": [9, 1.025, 16],
			"rotation": {"angle": 0, "axis": "y", "origin": [0, -12, 0]},
			"faces": {
				"north": {"uv": [8, 8, 10, 9], "texture": "#0"},
				"east": {"uv": [8, 2, 12, 3], "texture": "#0"},
				"south": {"uv": [8, 9, 10, 10], "texture": "#0"},
				"west": {"uv": [8, 3, 12, 4], "texture": "#0"},
				"up": {"uv": [4, 6, 2, 2], "texture": "#0"},
				"down": {"uv": [6, 2, 4, 6], "texture": "#0"}
			}
		},
		{
			"from": [5, 0.225, 12],
			"to": [7, 0.775, 16],
			"rotation": {"angle": 0, "axis": "y", "origin": [0, -12, 0]},
			"faces": {
				"north": {"uv": [2, 10, 4, 11], "texture": "#0"},
				"east": {"uv": [8, 4, 12, 5], "texture": "#0"},
				"south": {"uv": [4, 10, 6, 11], "texture": "#0"},
				"west": {"uv": [8, 5, 12, 6], "texture": "#0"},
				"up": {"uv": [4, 10, 2, 6], "texture": "#0"},
				"down": {"uv": [8, 2, 6, 6], "texture": "#0"}
			}
		},
		{
			"from": [4, 0.4, 12.025],
			"to": [6, 0.6, 15.975],
			"rotation": {"angle": 0, "axis": "y", "origin": [0, -12, 0]},
			"faces": {
				"north": {"uv": [6, 10, 8, 11], "texture": "#0"},
				"east": {"uv": [8, 6, 12, 7], "texture": "#0"},
				"south": {"uv": [8, 10, 10, 11], "texture": "#0"},
				"west": {"uv": [8, 7, 12, 8], "texture": "#0"},
				"up": {"uv": [6, 10, 4, 6], "texture": "#0"},
				"down": {"uv": [8, 6, 6, 10], "texture": "#0"}
			}
		}
	],
	"display": {
		"thirdperson_righthand": {
			"rotation": [96, -180, 90],
			"translation": [-6.25, 4.25, 1.75],
			"scale": [1.36, 1.36, 1.36]
		},
		"thirdperson_lefthand": {
			"rotation": [96, -180, -90],
			"translation": [6.25, 4.25, 1.75],
			"scale": [1.36, 1.36, 1.36]
		},
		"firstperson_righthand": {
			"rotation": [73, -180, 90],
			"translation": [-4.25, 3, -0.25],
			"scale": [1.39, 1.39, 1.39]
		},
		"firstperson_lefthand": {
			"rotation": [73, -180, -90],
			"translation": [7, 3.75, 1.75],
			"scale": [1.29, 1.29, 1.29]
		},
		"ground": {
			"translation": [0, -9.25, 0],
			"scale": [1.56, 1.56, 1.56]
		},
		"gui": {
			"rotation": [-90, -45, 20],
			"translation": [0, -3, 0]
		},
		"head": {
			"rotation": [106, 120, 1],
			"translation": [-16.5, 0.5, 13.75],
			"scale": [1.8, 1.8, 1.8]
		},
		"fixed": {
			"rotation": [-90, -90, 0],
			"translation": [0, 0, 6.5],
			"scale": [1.73, 1.73, 1.73]
		}
	}
}