{
	"credit": "Made with Blockbench",
	"texture_size": [64, 64],
	"textures": {
		"0": "item/cosmetics/hats/belka",
		"particle": "item/cosmetics/hats/belka"
	},
	"elements": [
		{
			"from": [4, 0.25, 3],
			"to": [6, 2, 9],
			"faces": {
				"north": {"uv": [8, 0, 8.5, 0.5], "texture": "#0"},
				"east": {"uv": [4, 6, 5.5, 6.5], "texture": "#0"},
				"south": {"uv": [3.75, 8, 4.25, 8.5], "texture": "#0"},
				"west": {"uv": [5.5, 6, 7, 6.5], "texture": "#0"},
				"up": {"uv": [0.5, 7.75, 0, 6.25], "texture": "#0"},
				"down": {"uv": [1, 6.25, 0.5, 7.75], "texture": "#0"}
			}
		},
		{
			"from": [4.85, 1, 2.5],
			"to": [5.175, 1.75, 6.5],
			"faces": {
				"north": {"uv": [2, 9.25, 2.5, 9.75], "texture": "#0"},
				"east": {"uv": [1, 10, 2.5, 10.5], "texture": "#0"},
				"south": {"uv": [1.25, 9.5, 1.75, 10], "texture": "#0"},
				"west": {"uv": [2.75, 10, 4.25, 10.5], "texture": "#0"},
				"up": {"uv": [0.5, 10.5, 0, 9], "texture": "#0"},
				"down": {"uv": [1, 9, 0.5, 10.5], "texture": "#0"}
			}
		},
		{
			"from": [9.85, 1, 2.5],
			"to": [10.175, 1.75, 6.5],
			"faces": {
				"north": {"uv": [2, 9.25, 2.5, 9.75], "texture": "#0"},
				"east": {"uv": [1, 10, 2.5, 10.5], "texture": "#0"},
				"south": {"uv": [1.25, 9.5, 1.75, 10], "texture": "#0"},
				"west": {"uv": [2.75, 10, 4.25, 10.5], "texture": "#0"},
				"up": {"uv": [0.5, 10.5, 0, 9], "texture": "#0"},
				"down": {"uv": [1, 9, 0.5, 10.5], "texture": "#0"}
			}
		},
		{
			"from": [5.4, 1, 2.5],
			"to": [5.725, 1.75, 6.5],
			"faces": {
				"north": {"uv": [2, 9.25, 2.5, 9.75], "texture": "#0"},
				"east": {"uv": [1, 10, 2.5, 10.5], "texture": "#0"},
				"south": {"uv": [1.25, 9.5, 1.75, 10], "texture": "#0"},
				"west": {"uv": [2.75, 10, 4.25, 10.5], "texture": "#0"},
				"up": {"uv": [0.5, 10.5, 0, 9], "texture": "#0"},
				"down": {"uv": [1, 9, 0.5, 10.5], "texture": "#0"}
			}
		},
		{
			"from": [9.25, 1, 2.5],
			"to": [9.575, 1.75, 6.5],
			"faces": {
				"north": {"uv": [2, 9.25, 2.5, 9.75], "texture": "#0"},
				"east": {"uv": [1, 10, 2.5, 10.5], "texture": "#0"},
				"south": {"uv": [1.25, 9.5, 1.75, 10], "texture": "#0"},
				"west": {"uv": [2.75, 10, 4.25, 10.5], "texture": "#0"},
				"up": {"uv": [0.5, 10.5, 0, 9], "texture": "#0"},
				"down": {"uv": [1, 9, 0.5, 10.5], "texture": "#0"}
			}
		},
		{
			"from": [4.275, 1, 2.5],
			"to": [4.6, 1.75, 6.5],
			"faces": {
				"north": {"uv": [2, 9.25, 2.5, 9.75], "texture": "#0"},
				"east": {"uv": [1, 10, 2.5, 10.5], "texture": "#0"},
				"south": {"uv": [1.25, 9.5, 1.75, 10], "texture": "#0"},
				"west": {"uv": [2.75, 10, 4.25, 10.5], "texture": "#0"},
				"up": {"uv": [0.5, 10.5, 0, 9], "texture": "#0"},
				"down": {"uv": [1, 9, 0.5, 10.5], "texture": "#0"}
			}
		},
		{
			"from": [10.45, 1, 2.5],
			"to": [10.775, 1.75, 6.5],
			"faces": {
				"north": {"uv": [2, 9.25, 2.5, 9.75], "texture": "#0"},
				"east": {"uv": [1, 10, 2.5, 10.5], "texture": "#0"},
				"south": {"uv": [1.25, 9.5, 1.75, 10], "texture": "#0"},
				"west": {"uv": [2.75, 10, 4.25, 10.5], "texture": "#0"},
				"up": {"uv": [0.5, 10.5, 0, 9], "texture": "#0"},
				"down": {"uv": [1, 9, 0.5, 10.5], "texture": "#0"}
			}
		},
		{
			"from": [2.75, 3, 9],
			"to": [4, 8, 10.25],
			"faces": {
				"north": {"uv": [7.75, 2.5, 8, 3.75], "texture": "#0"},
				"east": {"uv": [3, 7.75, 3.25, 9], "texture": "#0"},
				"south": {"uv": [3.25, 7.75, 3.5, 9], "texture": "#0"},
				"west": {"uv": [3.5, 7.75, 3.75, 9], "texture": "#0"},
				"up": {"uv": [7.5, 1, 7.25, 0.75], "texture": "#0"},
				"down": {"uv": [7.75, 1.75, 7.5, 2], "texture": "#0"}
			}
		},
		{
			"from": [11, 3, 9],
			"to": [12.25, 8, 10.25],
			"faces": {
				"north": {"uv": [7.75, 3.75, 8, 5], "texture": "#0"},
				"east": {"uv": [7.75, 5, 8, 6.25], "texture": "#0"},
				"south": {"uv": [7.75, 6.25, 8, 7.5], "texture": "#0"},
				"west": {"uv": [8, 2.5, 8.25, 3.75], "texture": "#0"},
				"up": {"uv": [8.5, 2.75, 8.25, 2.5], "texture": "#0"},
				"down": {"uv": [8.5, 2.75, 8.25, 3], "texture": "#0"}
			}
		},
		{
			"from": [3.5, 0, 7],
			"to": [11.5, 4, 13],
			"faces": {
				"north": {"uv": [2, 2.5, 4, 3.5], "texture": "#0"},
				"east": {"uv": [4, 0, 5.5, 1], "texture": "#0"},
				"south": {"uv": [0, 3, 2, 4], "texture": "#0"},
				"west": {"uv": [4, 1, 5.5, 2], "texture": "#0"},
				"up": {"uv": [2, 1.5, 0, 0], "texture": "#0"},
				"down": {"uv": [2, 1.5, 0, 3], "texture": "#0"}
			}
		},
		{
			"from": [6.5, 1, 13],
			"to": [8.5, 3, 15],
			"faces": {
				"north": {"uv": [8, 4.25, 8.5, 4.75], "texture": "#0"},
				"east": {"uv": [4.75, 8, 5.25, 8.5], "texture": "#0"},
				"south": {"uv": [8, 4.75, 8.5, 5.25], "texture": "#0"},
				"west": {"uv": [5.25, 8, 5.75, 8.5], "texture": "#0"},
				"up": {"uv": [8.5, 5.75, 8, 5.25], "texture": "#0"},
				"down": {"uv": [6.25, 8, 5.75, 8.5], "texture": "#0"}
			}
		},
		{
			"from": [5.5, 0, 13.75],
			"to": [9.5, 4, 18],
			"faces": {
				"north": {"uv": [5.25, 2, 6.25, 3], "texture": "#0"},
				"east": {"uv": [5.25, 3, 6.25, 4], "texture": "#0"},
				"south": {"uv": [5.25, 4, 6.25, 5], "texture": "#0"},
				"west": {"uv": [5.25, 5, 6.25, 6], "texture": "#0"},
				"up": {"uv": [6.5, 1, 5.5, 0], "texture": "#0"},
				"down": {"uv": [6.5, 1, 5.5, 2], "texture": "#0"}
			}
		},
		{
			"from": [5.75, 1, 16],
			"to": [9.25, 5, 19],
			"faces": {
				"north": {"uv": [2, 5.5, 3, 6.5], "texture": "#0"},
				"east": {"uv": [6.25, 5, 7, 6], "texture": "#0"},
				"south": {"uv": [3, 6, 4, 7], "texture": "#0"},
				"west": {"uv": [6.5, 0, 7.25, 1], "texture": "#0"},
				"up": {"uv": [7.5, 1.75, 6.5, 1], "texture": "#0"},
				"down": {"uv": [3, 6.5, 2, 7.25], "texture": "#0"}
			}
		},
		{
			"from": [6, 3, 16.25],
			"to": [9, 7, 19.25],
			"faces": {
				"north": {"uv": [4, 6.5, 4.75, 7.5], "texture": "#0"},
				"east": {"uv": [4.75, 6.5, 5.5, 7.5], "texture": "#0"},
				"south": {"uv": [5.5, 6.5, 6.25, 7.5], "texture": "#0"},
				"west": {"uv": [6.25, 6.5, 7, 7.5], "texture": "#0"},
				"up": {"uv": [3.75, 7.75, 3, 7], "texture": "#0"},
				"down": {"uv": [7.75, 3, 7, 3.75], "texture": "#0"}
			}
		},
		{
			"from": [6.25, 7, 16.5],
			"to": [8.75, 10, 19],
			"faces": {
				"north": {"uv": [7, 3.75, 7.75, 4.5], "texture": "#0"},
				"east": {"uv": [7, 4.5, 7.75, 5.25], "texture": "#0"},
				"south": {"uv": [7, 5.25, 7.75, 6], "texture": "#0"},
				"west": {"uv": [7, 6, 7.75, 6.75], "texture": "#0"},
				"up": {"uv": [7.75, 7.5, 7, 6.75], "texture": "#0"},
				"down": {"uv": [8, 0, 7.25, 0.75], "texture": "#0"}
			}
		},
		{
			"from": [3.5, 4, 7.75],
			"to": [11.5, 9, 11.75],
			"faces": {
				"north": {"uv": [2, 0, 4, 1.25], "texture": "#0"},
				"east": {"uv": [0, 5, 1, 6.25], "texture": "#0"},
				"south": {"uv": [2, 1.25, 4, 2.5], "texture": "#0"},
				"west": {"uv": [1, 5, 2, 6.25], "texture": "#0"},
				"up": {"uv": [4, 4.5, 2, 3.5], "texture": "#0"},
				"down": {"uv": [2, 4, 0, 5], "texture": "#0"}
			}
		},
		{
			"from": [5, 9, 7],
			"to": [10, 13, 11],
			"faces": {
				"north": {"uv": [4, 2, 5.25, 3], "texture": "#0"},
				"east": {"uv": [3.25, 5, 4.25, 6], "texture": "#0"},
				"south": {"uv": [4, 3, 5.25, 4], "texture": "#0"},
				"west": {"uv": [4.25, 5, 5.25, 6], "texture": "#0"},
				"up": {"uv": [5.25, 5, 4, 4], "texture": "#0"},
				"down": {"uv": [3.25, 4.5, 2, 5.5], "texture": "#0"}
			}
		},
		{
			"from": [4.5, 11.5, 6.5],
			"to": [6.5, 13.5, 9],
			"faces": {
				"north": {"uv": [8, 6.25, 8.5, 6.75], "texture": "#0"},
				"east": {"uv": [6.75, 7.5, 7.5, 8], "texture": "#0"},
				"south": {"uv": [6.75, 8, 7.25, 8.5], "texture": "#0"},
				"west": {"uv": [7.5, 7.5, 8.25, 8], "texture": "#0"},
				"up": {"uv": [0.5, 8.5, 0, 7.75], "texture": "#0"},
				"down": {"uv": [1, 7.75, 0.5, 8.5], "texture": "#0"}
			}
		},
		{
			"from": [4.525, 11.525, 6.4],
			"to": [5.5, 12.5, 8.75],
			"faces": {
				"north": {"uv": [8.5, 0.5, 8.75, 0.75], "texture": "#0"},
				"east": {"uv": [6.5, 1.75, 7, 2], "texture": "#0"},
				"south": {"uv": [0.75, 8.5, 1, 8.75], "texture": "#0"},
				"west": {"uv": [7, 1.75, 7.5, 2], "texture": "#0"},
				"up": {"uv": [3.25, 6, 3, 5.5], "texture": "#0"},
				"down": {"uv": [4, 7, 3.75, 7.5], "texture": "#0"}
			}
		},
		{
			"from": [8.525, 11.525, 6.4],
			"to": [9.5, 12.5, 8.75],
			"faces": {
				"north": {"uv": [8.5, 0.75, 8.75, 1], "texture": "#0"},
				"east": {"uv": [8, 0.5, 8.5, 0.75], "texture": "#0"},
				"south": {"uv": [1, 8.5, 1.25, 8.75], "texture": "#0"},
				"west": {"uv": [8, 7.25, 8.5, 7.5], "texture": "#0"},
				"up": {"uv": [8, 8.5, 7.75, 8], "texture": "#0"},
				"down": {"uv": [8.25, 8, 8, 8.5], "texture": "#0"}
			}
		},
		{
			"from": [8.5, 11.5, 6.5],
			"to": [10.5, 13.5, 9],
			"faces": {
				"north": {"uv": [8, 6.75, 8.5, 7.25], "texture": "#0"},
				"east": {"uv": [1, 7.75, 1.75, 8.25], "texture": "#0"},
				"south": {"uv": [7.25, 8, 7.75, 8.5], "texture": "#0"},
				"west": {"uv": [1.75, 7.75, 2.5, 8.25], "texture": "#0"},
				"up": {"uv": [8.25, 2.5, 7.75, 1.75], "texture": "#0"},
				"down": {"uv": [3, 7.75, 2.5, 8.5], "texture": "#0"}
			}
		},
		{
			"from": [8.5, 12.5, 9.5],
			"to": [10.5, 13.75, 10],
			"faces": {
				"north": {"uv": [1, 8.25, 1.5, 8.5], "texture": "#0"},
				"east": {"uv": [8.5, 1, 8.75, 1.25], "texture": "#0"},
				"south": {"uv": [8.25, 1.25, 8.75, 1.5], "texture": "#0"},
				"west": {"uv": [1.25, 8.5, 1.5, 8.75], "texture": "#0"},
				"up": {"uv": [2, 8.5, 1.5, 8.25], "texture": "#0"},
				"down": {"uv": [8.75, 1.5, 8.25, 1.75], "texture": "#0"}
			}
		},
		{
			"from": [8.5, 13.75, 9.5],
			"to": [9.5, 14.25, 10],
			"faces": {
				"north": {"uv": [2, 8.5, 2.25, 8.75], "texture": "#0"},
				"east": {"uv": [2.25, 8.5, 2.5, 8.75], "texture": "#0"},
				"south": {"uv": [2.5, 8.5, 2.75, 8.75], "texture": "#0"},
				"west": {"uv": [8.5, 2.5, 8.75, 2.75], "texture": "#0"},
				"up": {"uv": [3, 8.75, 2.75, 8.5], "texture": "#0"},
				"down": {"uv": [8.75, 2.75, 8.5, 3], "texture": "#0"}
			}
		},
		{
			"from": [5.5, 13.75, 9.5],
			"to": [6.5, 14.25, 10],
			"faces": {
				"north": {"uv": [8.5, 3, 8.75, 3.25], "texture": "#0"},
				"east": {"uv": [8.5, 3.25, 8.75, 3.5], "texture": "#0"},
				"south": {"uv": [8.5, 3.5, 8.75, 3.75], "texture": "#0"},
				"west": {"uv": [3.75, 8.5, 4, 8.75], "texture": "#0"},
				"up": {"uv": [8.75, 4, 8.5, 3.75], "texture": "#0"},
				"down": {"uv": [4.25, 8.5, 4, 8.75], "texture": "#0"}
			}
		},
		{
			"from": [4.5, 12.5, 9.5],
			"to": [6.5, 13.75, 10],
			"faces": {
				"north": {"uv": [8.25, 1.75, 8.75, 2], "texture": "#0"},
				"east": {"uv": [1.5, 8.5, 1.75, 8.75], "texture": "#0"},
				"south": {"uv": [2, 8.25, 2.5, 8.5], "texture": "#0"},
				"west": {"uv": [1.75, 8.5, 2, 8.75], "texture": "#0"},
				"up": {"uv": [8.75, 2.25, 8.25, 2], "texture": "#0"},
				"down": {"uv": [8.75, 2.25, 8.25, 2.5], "texture": "#0"}
			}
		},
		{
			"from": [6, 10, 3],
			"to": [9, 12, 7],
			"faces": {
				"north": {"uv": [3.25, 4.5, 4, 5], "texture": "#0"},
				"east": {"uv": [2, 7.25, 3, 7.75], "texture": "#0"},
				"south": {"uv": [7.5, 1.25, 8.25, 1.75], "texture": "#0"},
				"west": {"uv": [7.5, 0.75, 8.5, 1.25], "texture": "#0"},
				"up": {"uv": [7, 4, 6.25, 3], "texture": "#0"},
				"down": {"uv": [7, 4, 6.25, 5], "texture": "#0"}
			}
		},
		{
			"from": [6.25, 10.25, 3.25],
			"to": [8.75, 12.25, 4.75],
			"faces": {
				"north": {"uv": [3.75, 7.5, 4.5, 8], "texture": "#0"},
				"east": {"uv": [8, 5.75, 8.5, 6.25], "texture": "#0"},
				"south": {"uv": [4.5, 7.5, 5.25, 8], "texture": "#0"},
				"west": {"uv": [6.25, 8, 6.75, 8.5], "texture": "#0"},
				"up": {"uv": [6, 8, 5.25, 7.5], "texture": "#0"},
				"down": {"uv": [6.75, 7.5, 6, 8], "texture": "#0"}
			}
		},
		{
			"from": [8, 9, 3.25],
			"to": [8.75, 10, 4],
			"faces": {
				"north": {"uv": [8.25, 3, 8.5, 3.25], "texture": "#0"},
				"east": {"uv": [8.25, 3.25, 8.5, 3.5], "texture": "#0"},
				"south": {"uv": [8.25, 3.5, 8.5, 3.75], "texture": "#0"},
				"west": {"uv": [8.25, 7.5, 8.5, 7.75], "texture": "#0"},
				"up": {"uv": [8.5, 8, 8.25, 7.75], "texture": "#0"},
				"down": {"uv": [8.5, 8, 8.25, 8.25], "texture": "#0"}
			}
		},
		{
			"from": [6.25, 9, 3.25],
			"to": [7, 10, 4],
			"faces": {
				"north": {"uv": [8.25, 8.25, 8.5, 8.5], "texture": "#0"},
				"east": {"uv": [0, 8.5, 0.25, 8.75], "texture": "#0"},
				"south": {"uv": [8.5, 0, 8.75, 0.25], "texture": "#0"},
				"west": {"uv": [0.25, 8.5, 0.5, 8.75], "texture": "#0"},
				"up": {"uv": [8.75, 0.5, 8.5, 0.25], "texture": "#0"},
				"down": {"uv": [0.75, 8.5, 0.5, 8.75], "texture": "#0"}
			}
		},
		{
			"from": [9, 0.25, 3],
			"to": [11, 2, 9],
			"faces": {
				"north": {"uv": [8, 3.75, 8.5, 4.25], "texture": "#0"},
				"east": {"uv": [6.25, 2, 7.75, 2.5], "texture": "#0"},
				"south": {"uv": [4.25, 8, 4.75, 8.5], "texture": "#0"},
				"west": {"uv": [6.25, 2.5, 7.75, 3], "texture": "#0"},
				"up": {"uv": [1.5, 7.75, 1, 6.25], "texture": "#0"},
				"down": {"uv": [2, 6.25, 1.5, 7.75], "texture": "#0"}
			}
		}
	],
	"display": {
		"gui": {
			"rotation": [18, 134, 0],
			"translation": [-2, 1.25, 0],
			"scale": [0.97, 0.97, 0.97]
		},
		"head": {
			"translation": [0, 14.5, -3.75]
		}
	}
}