{
	"credit": "Made with Blockbench",
	"ambientocclusion": false,
	"textures": {
		"0": "item/cosmetics/hats/copper_golem",
		"particle": "item/cosmetics/hats/copper_golem"
	},
	"elements": [
		{
			"name": "ban",
			"from": [3.5, 11, 2.5],
			"to": [12.5, 17, 11.5],
			"rotation": {"angle": 0, "axis": "y", "origin": [8, 14, 7]},
			"faces": {
				"north": {"uv": [2.25, 2.25, 4.5, 3.75], "texture": "#0"},
				"east": {"uv": [0, 2.25, 2.25, 3.75], "texture": "#0"},
				"south": {"uv": [4.5, 2.25, 6.75, 3.75], "texture": "#0"},
				"west": {"uv": [0, 2.25, 2.25, 3.75], "texture": "#0"},
				"up": {"uv": [2.25, 2.25, 0, 0], "texture": "#0"},
				"down": {"uv": [4.5, 2.25, 2.25, 0], "texture": "#0"}
			}
		},
		{
			"name": "ban",
			"from": [6, 20, 5],
			"to": [10, 24, 9],
			"rotation": {"angle": 0, "axis": "y", "origin": [8, 22, 7]},
			"faces": {
				"north": {"uv": [8.5, 5, 9.5, 6], "texture": "#0"},
				"east": {"uv": [8.5, 5, 9.5, 6], "texture": "#0"},
				"south": {"uv": [8.5, 5, 9.5, 6], "texture": "#0"},
				"west": {"uv": [8.5, 5, 9.5, 6], "texture": "#0"},
				"up": {"uv": [8.5, 5, 9.5, 6], "texture": "#0"},
				"down": {"uv": [8.5, 5, 9.5, 6], "texture": "#0"}
			}
		},
		{
			"name": "ban",
			"from": [7, 17, 6],
			"to": [9, 20, 8],
			"rotation": {"angle": 0, "axis": "y", "origin": [8, 18.5, 7]},
			"faces": {
				"north": {"uv": [11.5, 4.75, 11, 5.5], "texture": "#0"},
				"east": {"uv": [11, 4.75, 10.5, 5.5], "texture": "#0"},
				"south": {"uv": [9.5, 4.75, 10, 5.5], "texture": "#0"},
				"west": {"uv": [10, 4.75, 10.5, 5.5], "texture": "#0"},
				"up": {"uv": [4, 2, 2, 0], "texture": "#missing"},
				"down": {"uv": [6, 0, 4, 2], "texture": "#missing"}
			}
		},
		{
			"name": "ban",
			"from": [1.5, 2, 5],
			"to": [4.5, 11, 9],
			"rotation": {"angle": 0, "axis": "y", "origin": [3, 6.5, 7]},
			"faces": {
				"north": {"uv": [1, 4.75, 1.75, 7], "texture": "#0"},
				"east": {"uv": [0, 4.75, 1, 7], "texture": "#0"},
				"south": {"uv": [1, 4.75, 1.75, 7], "texture": "#0"},
				"west": {"uv": [0, 4.75, 1, 7], "texture": "#0"},
				"up": {"uv": [1, 3.75, 1.75, 4.75], "texture": "#0"},
				"down": {"uv": [1.75, 3.75, 2.5, 4.75], "texture": "#0"}
			}
		},
		{
			"name": "ban",
			"from": [8.5, 1, 4],
			"to": [11.5, 4, 8],
			"rotation": {"angle": 0, "axis": "x", "origin": [10, 2, 7]},
			"faces": {
				"north": {"uv": [8.25, 6.25, 9, 7], "rotation": 180, "texture": "#0"},
				"east": {"uv": [11.5, 6, 10.75, 7], "rotation": 270, "texture": "#0"},
				"south": {"uv": [7.5, 6.25, 8.25, 7], "texture": "#0"},
				"west": {"uv": [10.75, 6, 11.5, 7], "rotation": 90, "texture": "#0"},
				"up": {"uv": [10, 6, 10.75, 7], "rotation": 180, "texture": "#0"},
				"down": {"uv": [10, 6, 10.75, 7], "texture": "#0"}
			}
		},
		{
			"name": "ban",
			"from": [4.5, 1, 4],
			"to": [7.5, 4, 8],
			"rotation": {"angle": 0, "axis": "x", "origin": [6, 2, 7]},
			"faces": {
				"north": {"uv": [8.25, 6.25, 9, 7], "rotation": 180, "texture": "#0"},
				"east": {"uv": [11.5, 6, 10.75, 7], "rotation": 270, "texture": "#0"},
				"south": {"uv": [7.5, 6.25, 8.25, 7], "texture": "#0"},
				"west": {"uv": [10.75, 6, 11.5, 7], "rotation": 90, "texture": "#0"},
				"up": {"uv": [10, 6, 10.75, 7], "rotation": 180, "texture": "#0"},
				"down": {"uv": [10, 6, 10.75, 7], "texture": "#0"}
			}
		},
		{
			"name": "ban",
			"from": [6.5, 10, 0.5],
			"to": [9.5, 14, 2.5],
			"rotation": {"angle": 0, "axis": "y", "origin": [8, 12, 1.5]},
			"faces": {
				"north": {"uv": [9.25, 6, 10, 7], "texture": "#0"},
				"east": {"uv": [10, 6, 10.5, 7], "texture": "#0"},
				"south": {"uv": [9.25, 6, 10, 7], "texture": "#0"},
				"west": {"uv": [10.5, 6, 10, 7], "texture": "#0"},
				"up": {"uv": [7.5, 6.5, 8.25, 7], "texture": "#0"},
				"down": {"uv": [8.25, 6.5, 9, 7], "texture": "#0"}
			}
		},
		{
			"name": "ban",
			"from": [11.5, 6, 5],
			"to": [14.5, 11, 9],
			"rotation": {"angle": 0, "axis": "y", "origin": [13, 6.5, 7]},
			"faces": {
				"north": {"uv": [1, 4.75, 1.75, 6], "texture": "#0"},
				"east": {"uv": [0, 4.75, 1, 6], "texture": "#0"},
				"south": {"uv": [1, 4.75, 1.75, 6], "texture": "#0"},
				"west": {"uv": [1.75, 4.75, 2.75, 6], "texture": "#0"},
				"up": {"uv": [1, 3.75, 1.75, 4.75], "texture": "#0"},
				"down": {"uv": [1.75, 3.75, 2.5, 4.75], "texture": "#0"}
			}
		},
		{
			"name": "ban",
			"from": [11.5, 6, 1],
			"to": [14.5, 10, 5],
			"rotation": {"angle": 0, "axis": "x", "origin": [13, 6.5, 7]},
			"faces": {
				"north": {"uv": [1.75, 3.75, 2.5, 4.75], "rotation": 180, "texture": "#0"},
				"east": {"uv": [0, 6, 1, 7], "rotation": 270, "texture": "#0"},
				"south": {"uv": [1, 3.75, 1.75, 4.75], "texture": "#0"},
				"west": {"uv": [1.75, 6, 2.75, 7], "rotation": 90, "texture": "#0"},
				"up": {"uv": [1, 6, 1.75, 7], "rotation": 180, "texture": "#0"},
				"down": {"uv": [1, 6, 1.75, 7], "texture": "#0"}
			}
		},
		{
			"name": "ban",
			"from": [4.5, 4, 4.7],
			"to": [11.5, 11, 9.3],
			"rotation": {"angle": 0, "axis": "y", "origin": [8, 7.5, 7]},
			"faces": {
				"north": {"uv": [8, 1.25, 9.75, 3], "texture": "#0"},
				"east": {"uv": [6.75, 1.25, 8, 3], "texture": "#0"},
				"south": {"uv": [9.75, 1.25, 11.5, 3], "texture": "#0"},
				"west": {"uv": [6.75, 1.25, 8, 3], "texture": "#0"},
				"up": {"uv": [8, 0, 9.75, 1.25], "texture": "#0"},
				"down": {"uv": [9.75, 0, 11.5, 1.25], "texture": "#0"}
			}
		}
	],
	"display": {
		"gui": {
			"rotation": [26, 153, 0],
			"translation": [0, -1.75, 0],
			"scale": [0.6, 0.6, 0.6]
		},
		"head": {
			"translation": [0, 14, 0],
			"scale": [1.12, 1.12, 1.12]
		}
	}
}