{
	"credit": "Made with Blockbench",
	"texture_size": [64, 64],
	"textures": {
		"0": "item/cosmetics/hats/egg",
		"particle": "item/cosmetics/hats/egg"
	},
	"elements": [
		{
			"from": [5, 0, 7],
			"to": [11, 1, 8],
			"rotation": {"angle": 0, "axis": "y", "origin": [4, 0, 7]},
			"faces": {
				"north": {"uv": [5, 14, 11, 13.05], "texture": "#0"},
				"east": {"uv": [5, 14, 11, 13.05], "texture": "#0"},
				"south": {"uv": [5, 14, 11, 13.05], "texture": "#0"},
				"west": {"uv": [5, 14, 11, 13.05], "texture": "#0"},
				"up": {"uv": [5, 14, 11, 13.05], "texture": "#0"},
				"down": {"uv": [5, 14, 11, 13.05], "texture": "#0"}
			}
		},
		{
			"from": [5, 9, 7],
			"to": [11, 10, 8],
			"rotation": {"angle": 0, "axis": "y", "origin": [4, 9, 7]},
			"faces": {
				"north": {"uv": [5.025, 4, 11, 4.95], "texture": "#0"},
				"east": {"uv": [5.025, 4, 6, 4.95], "texture": "#0"},
				"south": {"uv": [5.025, 4, 11, 4.95], "texture": "#0"},
				"west": {"uv": [5.025, 4, 6, 4.95], "texture": "#0"},
				"up": {"uv": [5.025, 4, 6, 4.95], "texture": "#0"},
				"down": {"uv": [5.025, 4, 11, 4.95], "texture": "#0"}
			}
		},
		{
			"from": [6, 10, 7],
			"to": [10, 11, 8],
			"rotation": {"angle": 0, "axis": "y", "origin": [4, 10, 7]},
			"faces": {
				"north": {"uv": [6, 3, 10, 3.95], "texture": "#0"},
				"east": {"uv": [6, 3, 10, 3.95], "texture": "#0"},
				"south": {"uv": [6, 3, 10, 3.95], "texture": "#0"},
				"west": {"uv": [6, 3, 10, 3.95], "texture": "#0"},
				"up": {"uv": [6, 3, 10, 3.95], "texture": "#0"},
				"down": {"uv": [6, 3, 10, 3.95], "texture": "#0"}
			}
		},
		{
			"from": [4, 1, 7],
			"to": [12, 2, 8],
			"rotation": {"angle": 0, "axis": "y", "origin": [4, 1, 7]},
			"faces": {
				"north": {"uv": [4, 12, 11.9, 12.95], "texture": "#0"},
				"east": {"uv": [4.8, 12, 4.15, 12.85], "texture": "#0"},
				"south": {"uv": [4, 12, 12, 12.95], "texture": "#0"},
				"west": {"uv": [4.6, 12.3, 4.25, 12.75], "texture": "#0"},
				"up": {"uv": [3.9, 12, 11.9, 12.95], "texture": "#0"},
				"down": {"uv": [4, 12.1, 4.9, 13.05], "texture": "#0"}
			}
		},
		{
			"from": [4, 7, 7],
			"to": [12, 9, 8],
			"rotation": {"angle": 0, "axis": "y", "origin": [4, 7, 7]},
			"faces": {
				"north": {"uv": [4, 5, 12, 6.9], "texture": "#0"},
				"east": {"uv": [4, 5, 5, 6.9], "texture": "#0"},
				"south": {"uv": [4, 5, 12, 6.9], "texture": "#0"},
				"west": {"uv": [4, 5, 5, 6.9], "texture": "#0"},
				"up": {"uv": [4, 5, 5, 6.9], "texture": "#0"},
				"down": {"uv": [4, 5, 12, 6.9], "texture": "#0"}
			}
		},
		{
			"from": [3, 2, 7],
			"to": [13, 7, 8],
			"rotation": {"angle": 0, "axis": "y", "origin": [4, 2, 7]},
			"faces": {
				"north": {"uv": [3, 7, 12.9, 11.95], "texture": "#0"},
				"east": {"uv": [3, 7, 3.95, 11.95], "texture": "#0"},
				"south": {"uv": [3, 7, 12.9, 11.95], "texture": "#0"},
				"west": {"uv": [12, 7, 12.85, 11.95], "texture": "#0"},
				"up": {"uv": [3, 9, 3.9, 11.95], "texture": "#0"},
				"down": {"uv": [3, 11, 3.9, 11.95], "texture": "#0"}
			}
		}
	],
	"display": {
		"gui": {
			"rotation": [15, -45, 0],
			"translation": [0, 1.5, 0]
		},
		"head": {
			"translation": [0, 3.75, -7.5],
			"scale": [1.21, 1.21, 1.21]
		}
	}
}