{
	"credit": "Made with Blockbench",
	"texture_size": [64, 64],
	"textures": {
		"0": "item/cosmetics/hats/finger",
		"particle": "item/cosmetics/hats/finger"
	},
	"elements": [
		{
			"from": [0, 0, 5],
			"to": [16, 3, 12],
			"faces": {
				"north": {"uv": [4, 0, 8, 0.75], "texture": "#0"},
				"east": {"uv": [4, 7.25, 5.75, 8], "texture": "#0"},
				"south": {"uv": [4, 0.75, 8, 1.5], "texture": "#0"},
				"west": {"uv": [7.5, 1.5, 9.25, 2.25], "texture": "#0"},
				"up": {"uv": [4, 1.75, 0, 0], "texture": "#0"},
				"down": {"uv": [4, 1.75, 0, 3.5], "texture": "#0"}
			}
		},
		{
			"from": [12, 3, 5],
			"to": [16, 7, 12],
			"faces": {
				"north": {"uv": [7.75, 7.25, 8.75, 8.25], "texture": "#0"},
				"east": {"uv": [4, 1.5, 5.75, 2.5], "texture": "#0"},
				"south": {"uv": [0, 8, 1, 9], "texture": "#0"},
				"west": {"uv": [4, 2.5, 5.75, 3.5], "texture": "#0"},
				"up": {"uv": [5, 5.25, 4, 3.5], "texture": "#0"},
				"down": {"uv": [6, 3.5, 5, 5.25], "texture": "#0"}
			}
		},
		{
			"from": [8, 3, 5],
			"to": [12, 7, 12],
			"faces": {
				"north": {"uv": [8, 0, 9, 1], "texture": "#0"},
				"east": {"uv": [4, 5.25, 5.75, 6.25], "texture": "#0"},
				"south": {"uv": [1, 8, 2, 9], "texture": "#0"},
				"west": {"uv": [5.75, 1.5, 7.5, 2.5], "texture": "#0"},
				"up": {"uv": [6.75, 7, 5.75, 5.25], "texture": "#0"},
				"down": {"uv": [7, 2.5, 6, 4.25], "texture": "#0"}
			}
		},
		{
			"from": [4, 3, 5],
			"to": [8, 21, 9],
			"faces": {
				"north": {"uv": [0, 3.5, 1, 8], "texture": "#0"},
				"east": {"uv": [1, 3.5, 2, 8], "texture": "#0"},
				"south": {"uv": [2, 3.5, 3, 8], "texture": "#0"},
				"west": {"uv": [3, 3.5, 4, 8], "texture": "#0"},
				"up": {"uv": [3, 9, 2, 8], "texture": "#0"},
				"down": {"uv": [9, 2.25, 8, 3.25], "texture": "#0"}
			}
		},
		{
			"from": [0, 3, 5],
			"to": [4, 7, 12],
			"faces": {
				"north": {"uv": [3, 8, 4, 9], "texture": "#0"},
				"east": {"uv": [6, 4.25, 7.75, 5.25], "texture": "#0"},
				"south": {"uv": [8, 3.25, 9, 4.25], "texture": "#0"},
				"west": {"uv": [4, 6.25, 5.75, 7.25], "texture": "#0"},
				"up": {"uv": [7.75, 7, 6.75, 5.25], "texture": "#0"},
				"down": {"uv": [8, 2.5, 7, 4.25], "texture": "#0"}
			}
		},
		{
			"from": [-4, 0, 7],
			"to": [0, 6, 10],
			"faces": {
				"north": {"uv": [5.75, 7, 6.75, 8.5], "texture": "#0"},
				"east": {"uv": [7.75, 4.25, 8.5, 5.75], "texture": "#0"},
				"south": {"uv": [6.75, 7, 7.75, 8.5], "texture": "#0"},
				"west": {"uv": [7.75, 5.75, 8.5, 7.25], "texture": "#0"},
				"up": {"uv": [5, 8.75, 4, 8], "texture": "#0"},
				"down": {"uv": [8.75, 8.25, 7.75, 9], "texture": "#0"}
			}
		},
		{
			"from": [-2, 6, 7],
			"to": [2, 8, 10],
			"faces": {
				"north": {"uv": [8, 1, 9, 1.5], "texture": "#0"},
				"east": {"uv": [5, 8, 5.75, 8.5], "texture": "#0"},
				"south": {"uv": [8.5, 5, 9.5, 5.5], "texture": "#0"},
				"west": {"uv": [8.5, 5.5, 9.25, 6], "texture": "#0"},
				"up": {"uv": [9.5, 5, 8.5, 4.25], "texture": "#0"},
				"down": {"uv": [6, 8.5, 5, 9.25], "texture": "#0"}
			}
		}
	],
	"display": {
		"gui": {
			"rotation": [22, 136, 0],
			"translation": [-0.75, -0.25, 0],
			"scale": [0.63, 0.63, 0.63]
		},
		"head": {
			"translation": [2, 13.75, -2],
			"scale": [0.87, 0.87, 0.87]
		}
	}
}