{
	"credit": "Made with Blockbench",
	"texture_size": [32, 32],
	"textures": {
		"1": "item/cosmetics/hats/grib"
	},
	"elements": [
		{
			"from": [6, 0, 6],
			"to": [8, 3, 8],
			"faces": {
				"north": {"uv": [0, 8.5, 2, 11], "texture": "#1"},
				"east": {"uv": [0, 8, 2, 11], "texture": "#1"},
				"south": {"uv": [0, 8, 2, 11], "texture": "#1"},
				"west": {"uv": [0, 8, 2, 11], "texture": "#1"},
				"up": {"uv": [2, 11, 0, 9], "texture": "#1"},
				"down": {"uv": [2, 9, 0, 11], "texture": "#1"}
			}
		},
		{
			"from": [15.5, 1, 3],
			"to": [19.5, 2, 7],
			"rotation": {"angle": 0, "axis": "y", "origin": [-1.5, -5, 0]},
			"faces": {
				"north": {"uv": [10, 5, 14, 6], "texture": "#1"},
				"east": {"uv": [10, 5, 14, 6], "texture": "#1"},
				"south": {"uv": [10, 5, 14, 6], "texture": "#1"},
				"west": {"uv": [10, 5, 14, 6], "texture": "#1"},
				"up": {"uv": [2, 2, 6, 6], "texture": "#1"},
				"down": {"uv": [10, 5, 14, 6], "texture": "#1"}
			}
		},
		{
			"from": [14.5, 0, 2],
			"to": [20.5, 1, 8],
			"rotation": {"angle": 0, "axis": "y", "origin": [-1.5, -5, 0]},
			"faces": {
				"north": {"uv": [9, 3, 14.9, 3.9], "texture": "#1"},
				"east": {"uv": [9, 3, 14.9, 3.9], "texture": "#1"},
				"south": {"uv": [9, 3, 14.9, 3.9], "texture": "#1"},
				"west": {"uv": [9, 3, 14.9, 3.9], "texture": "#1"},
				"up": {"uv": [1, 1, 6.9, 6.9], "texture": "#1"},
				"down": {"uv": [9, 3, 14.9, 3.9], "texture": "#1"}
			}
		},
		{
			"from": [13.5, -2, 1],
			"to": [21.5, 0, 9],
			"rotation": {"angle": 0, "axis": "y", "origin": [-1.5, -5, 0]},
			"faces": {
				"north": {"uv": [8, 0, 16, 2], "texture": "#1"},
				"east": {"uv": [8, 0, 16, 2], "texture": "#1"},
				"south": {"uv": [8, 0, 16, 2], "texture": "#1"},
				"west": {"uv": [8, 0, 16, 2], "texture": "#1"},
				"up": {"uv": [0, 0, 8, 8], "texture": "#1"},
				"down": {"uv": [8, 8, 16, 16], "texture": "#1"}
			}
		},
		{
			"from": [16.5, -5, 4],
			"to": [18.5, -2, 6],
			"rotation": {"angle": 0, "axis": "y", "origin": [-1.5, -5, 0]},
			"faces": {
				"north": {"uv": [0, 8.5, 2, 11], "texture": "#1"},
				"east": {"uv": [0, 8, 2, 11], "texture": "#1"},
				"south": {"uv": [0, 8, 2, 11], "texture": "#1"},
				"west": {"uv": [0, 8, 2, 11], "texture": "#1"},
				"up": {"uv": [2, 11, 0, 9], "texture": "#1"},
				"down": {"uv": [2, 9, 0, 11], "texture": "#1"}
			}
		},
		{
			"from": [14.5, -7, 4],
			"to": [16.5, -5, 6],
			"rotation": {"angle": 0, "axis": "y", "origin": [-1.5, -5, 0]},
			"faces": {
				"north": {"uv": [0, 9, 2, 11], "texture": "#1"},
				"east": {"uv": [0, 9, 2, 11], "texture": "#1"},
				"south": {"uv": [0, 9, 2, 11], "texture": "#1"},
				"west": {"uv": [0, 9, 2, 11], "texture": "#1"},
				"up": {"uv": [0, 9, 2, 11], "texture": "#1"},
				"down": {"uv": [0, 9, 2, 11], "texture": "#1"}
			}
		},
		{
			"from": [0, -5, 12],
			"to": [2, -3, 14],
			"rotation": {"angle": 0, "axis": "y", "origin": [2, -3, -3]},
			"faces": {
				"north": {"uv": [0, 9, 2, 11], "texture": "#1"},
				"east": {"uv": [0, 9, 2, 11], "texture": "#1"},
				"south": {"uv": [0, 9, 2, 11], "texture": "#1"},
				"west": {"uv": [0, 9, 2, 11], "texture": "#1"},
				"up": {"uv": [0, 9, 2, 11], "texture": "#1"},
				"down": {"uv": [0, 9, 2, 11], "texture": "#1"}
			}
		},
		{
			"from": [-0.85, -2.975, 12.025],
			"to": [1.15, -0.175, 13.975],
			"rotation": {"angle": 45, "axis": "z", "origin": [2, -3, -3]},
			"faces": {
				"north": {"uv": [0, 8.6, 2, 11], "rotation": 180, "texture": "#1"},
				"east": {"uv": [0, 8.6, 2, 11], "rotation": 180, "texture": "#1"},
				"south": {"uv": [0, 11, 2, 8.6], "texture": "#1"},
				"west": {"uv": [0, 8.6, 2, 11], "rotation": 180, "texture": "#1"},
				"up": {"uv": [0, 8.6, 2, 11], "rotation": 180, "texture": "#1"},
				"down": {"uv": [0, 8.6, 2, 11], "rotation": 180, "texture": "#1"}
			}
		},
		{
			"from": [10.65, 6.35, 4.025],
			"to": [12.65, 9.15, 5.975],
			"rotation": {"angle": -45, "axis": "z", "origin": [-1.5, -5, 0]},
			"faces": {
				"north": {"uv": [0, 8.6, 2, 11], "rotation": 180, "texture": "#1"},
				"east": {"uv": [0, 8.6, 2, 11], "rotation": 180, "texture": "#1"},
				"south": {"uv": [0, 8.6, 2, 11], "rotation": 180, "texture": "#1"},
				"west": {"uv": [0, 8.6, 2, 11], "rotation": 180, "texture": "#1"},
				"up": {"uv": [0, 8.6, 2, 11], "rotation": 180, "texture": "#1"},
				"down": {"uv": [0, 8.6, 2, 11], "rotation": 180, "texture": "#1"}
			}
		},
		{
			"from": [-3, 3, 11],
			"to": [1, 4, 15],
			"rotation": {"angle": 0, "axis": "y", "origin": [2, -3, -3]},
			"faces": {
				"north": {"uv": [10, 5, 14, 6], "texture": "#1"},
				"east": {"uv": [10, 5, 14, 6], "texture": "#1"},
				"south": {"uv": [10, 5, 14, 6], "texture": "#1"},
				"west": {"uv": [10, 5, 14, 6], "texture": "#1"},
				"up": {"uv": [2, 2, 6, 6], "texture": "#1"},
				"down": {"uv": [10, 5, 14, 6], "texture": "#1"}
			}
		},
		{
			"from": [-4, 2, 10],
			"to": [2, 3, 16],
			"rotation": {"angle": 0, "axis": "y", "origin": [2, -3, -3]},
			"faces": {
				"north": {"uv": [9, 3, 14.9, 3.9], "texture": "#1"},
				"east": {"uv": [9, 3, 14.9, 3.9], "texture": "#1"},
				"south": {"uv": [9, 3, 14.9, 3.9], "texture": "#1"},
				"west": {"uv": [9, 3, 14.9, 3.9], "texture": "#1"},
				"up": {"uv": [1, 1, 6.9, 6.9], "texture": "#1"},
				"down": {"uv": [9, 3, 14.9, 3.9], "texture": "#1"}
			}
		},
		{
			"from": [-5, 0, 9],
			"to": [3, 2, 17],
			"rotation": {"angle": 0, "axis": "y", "origin": [2, -3, -3]},
			"faces": {
				"north": {"uv": [8, 0, 16, 2], "texture": "#1"},
				"east": {"uv": [8, 0, 16, 2], "texture": "#1"},
				"south": {"uv": [8, 0, 16, 2], "texture": "#1"},
				"west": {"uv": [8, 0, 16, 2], "texture": "#1"},
				"up": {"uv": [0, 0, 8, 8], "texture": "#1"},
				"down": {"uv": [8, 8, 16, 16], "texture": "#1"}
			}
		},
		{
			"from": [-2, -3, 12],
			"to": [0, 0, 14],
			"rotation": {"angle": 0, "axis": "y", "origin": [2, -3, -3]},
			"faces": {
				"north": {"uv": [0, 8.5, 2, 11], "texture": "#1"},
				"east": {"uv": [0, 8, 2, 11], "texture": "#1"},
				"south": {"uv": [0, 8, 2, 11], "texture": "#1"},
				"west": {"uv": [0, 8, 2, 11], "texture": "#1"},
				"up": {"uv": [2, 11, 0, 9], "texture": "#1"},
				"down": {"uv": [2, 9, 0, 11], "texture": "#1"}
			}
		},
		{
			"from": [3, 3, 3],
			"to": [11, 5, 11],
			"faces": {
				"north": {"uv": [8, 0, 16, 2], "texture": "#1"},
				"east": {"uv": [8, 0, 16, 2], "texture": "#1"},
				"south": {"uv": [8, 0, 16, 2], "texture": "#1"},
				"west": {"uv": [8, 0, 16, 2], "texture": "#1"},
				"up": {"uv": [0, 0, 8, 8], "texture": "#1"},
				"down": {"uv": [8, 8, 16, 16], "texture": "#1"}
			}
		},
		{
			"from": [4, 5, 4],
			"to": [10, 6, 10],
			"faces": {
				"north": {"uv": [9, 3, 14.9, 3.9], "texture": "#1"},
				"east": {"uv": [9, 3, 14.9, 3.9], "texture": "#1"},
				"south": {"uv": [9, 3, 14.9, 3.9], "texture": "#1"},
				"west": {"uv": [9, 3, 14.9, 3.9], "texture": "#1"},
				"up": {"uv": [1, 1, 6.9, 6.9], "texture": "#1"},
				"down": {"uv": [9, 3, 14.9, 3.9], "texture": "#1"}
			}
		},
		{
			"from": [5, 6, 5],
			"to": [9, 7, 9],
			"faces": {
				"north": {"uv": [10, 5, 14, 6], "texture": "#1"},
				"east": {"uv": [10, 5, 14, 6], "texture": "#1"},
				"south": {"uv": [10, 5, 14, 6], "texture": "#1"},
				"west": {"uv": [10, 5, 14, 6], "texture": "#1"},
				"up": {"uv": [2, 2, 6, 6], "texture": "#1"},
				"down": {"uv": [10, 5, 14, 6], "texture": "#1"}
			}
		}
	],
	"display": {
		"gui": {
			"rotation": [22, 45, 0],
			"translation": [0, 3.25, 0],
			"scale": [0.65, 0.65, 0.65]
		},
		"head": {
			"translation": [0, 14.5, 0]
		}
	}
}