{
	"credit": "Made with Blockbench",
	"texture_size": [128, 128],
	"textures": {
		"0": "item/cosmetics/hats/happy_glare",
		"particle": "item/cosmetics/hats/happy_glare"
	},
	"elements": [
		{
			"from": [2, 0, 2],
			"to": [14, 12, 2],
			"rotation": {"angle": 0, "axis": "y", "origin": [8, 6, 2]},
			"faces": {
				"north": {"uv": [7.5, 3, 10.5, 6], "texture": "#0"},
				"east": {"uv": [15.75, 15.75, 16, 16], "texture": "#0"},
				"south": {"uv": [7.5, 3, 10.5, 6], "texture": "#0"},
				"west": {"uv": [15.75, 15.75, 16, 16], "texture": "#0"},
				"up": {"uv": [15.75, 15.75, 16, 16], "texture": "#0"},
				"down": {"uv": [15.75, 15.75, 16, 16], "texture": "#0"}
			}
		},
		{
			"from": [2, 0, 14],
			"to": [14, 12, 14],
			"rotation": {"angle": 0, "axis": "y", "origin": [8, 6, 2]},
			"faces": {
				"north": {"uv": [7.5, 0, 10.5, 3], "texture": "#0"},
				"east": {"uv": [16, 14.5, 16, 16], "texture": "#0"},
				"south": {"uv": [7.5, 0, 10.5, 3], "texture": "#0"},
				"west": {"uv": [16, 14.5, 16, 16], "texture": "#0"},
				"up": {"uv": [14.5, 16, 16, 16], "texture": "#0"},
				"down": {"uv": [14.5, 16, 16, 16], "texture": "#0"}
			}
		},
		{
			"from": [2, 0, 2],
			"to": [2, 12, 14],
			"rotation": {"angle": 0, "axis": "y", "origin": [2, 6, 8]},
			"faces": {
				"north": {"uv": [0, 0, 0, 1.5], "texture": "#missing"},
				"east": {"uv": [10.5, 3, 13.5, 6], "texture": "#0"},
				"south": {"uv": [0, 0, 0, 1.5], "texture": "#missing"},
				"west": {"uv": [13.5, 3, 10.5, 6], "texture": "#0"},
				"up": {"uv": [0, 0, 0, 1.5], "texture": "#missing"},
				"down": {"uv": [0, 0, 0, 1.5], "texture": "#missing"}
			}
		},
		{
			"from": [14, 0, 2],
			"to": [14, 12, 14],
			"rotation": {"angle": 0, "axis": "y", "origin": [2, 6, 8]},
			"faces": {
				"north": {"uv": [16, 16, 16, 16], "texture": "#0"},
				"east": {"uv": [10.5, 3, 13.5, 6], "texture": "#0"},
				"south": {"uv": [16, 16, 16, 16], "texture": "#0"},
				"west": {"uv": [13.5, 3, 10.5, 6], "texture": "#0"},
				"up": {"uv": [16, 16, 16, 16], "texture": "#0"},
				"down": {"uv": [16, 16, 16, 16], "texture": "#0"}
			}
		},
		{
			"from": [2, 12, 2],
			"to": [14, 12, 14],
			"rotation": {"angle": 0, "axis": "y", "origin": [8, 0, 8]},
			"faces": {
				"north": {"uv": [15.75, 15.75, 16, 16], "texture": "#0"},
				"east": {"uv": [15.75, 15.75, 16, 16], "texture": "#0"},
				"south": {"uv": [15.75, 15.75, 16, 16], "texture": "#0"},
				"west": {"uv": [15.75, 15.75, 16, 16], "texture": "#0"},
				"up": {"uv": [10.5, 0, 13.5, 3], "texture": "#0"},
				"down": {"uv": [10.5, 0, 13.5, 3], "texture": "#0"}
			}
		},
		{
			"from": [0, 0, 0],
			"to": [16, 4, 16],
			"rotation": {"angle": 0, "axis": "y", "origin": [8, 0, 8]},
			"faces": {
				"north": {"uv": [8.75, 1.25, 12.25, 2.25], "texture": "#0"},
				"east": {"uv": [8.75, 0.5, 12.25, 1.5], "texture": "#0"},
				"south": {"uv": [10.5, 1.25, 13.5, 2.25], "texture": "#0"},
				"west": {"uv": [8.75, 2, 12, 3], "texture": "#0"},
				"up": {"uv": [8.75, 0, 12.25, 3.5], "texture": "#0"},
				"down": {"uv": [10, 0, 13.5, 3.5], "texture": "#0"}
			}
		},
		{
			"from": [3, 0.2, 3.5],
			"to": [13, 10.2, 13.5],
			"rotation": {"angle": 0, "axis": "y", "origin": [8, 0, 8]},
			"faces": {
				"north": {"uv": [5, 0, 7.5, 2.5], "texture": "#0"},
				"east": {"uv": [2.5, 0, 5, 2.5], "texture": "#0"},
				"south": {"uv": [0, 0, 2.5, 2.5], "texture": "#0"},
				"west": {"uv": [5, 0, 2.5, 2.5], "texture": "#0"},
				"up": {"uv": [0, 0, 2.5, 2.5], "texture": "#0"},
				"down": {"uv": [0, 0, 2.5, 2.5], "texture": "#0"}
			}
		}
	],
	"display": {
		"gui": {
			"rotation": [20, 170, 0],
			"translation": [0, 1, 0],
			"scale": [0.84, 0.84, 0.83]
		},
		"head": {
			"translation": [0, 9.75, 0],
			"scale": [0.73, 0.73, 0.73]
		}
	}
}