{
	"credit": "Made with Blockbench",
	"textures": {
		"0": "item/cosmetics/hats/ochki",
		"particle": "item/cosmetics/hats/ochki"
	},
	"elements": [
		{
			"from": [3, 0, 1],
			"to": [6, 1, 2],
			"faces": {
				"north": {"uv": [7, 6, 10, 7], "texture": "#0"},
				"east": {"uv": [13, 10, 14, 11], "texture": "#0"},
				"south": {"uv": [7, 7, 10, 8], "texture": "#0"},
				"west": {"uv": [11, 13, 12, 14], "texture": "#0"},
				"up": {"uv": [11, 3, 8, 2], "texture": "#0"},
				"down": {"uv": [11, 3, 8, 4], "texture": "#0"}
			}
		},
		{
			"from": [3, 3, 1],
			"to": [6, 4, 2],
			"faces": {
				"north": {"uv": [4, 9, 7, 10], "texture": "#0"},
				"east": {"uv": [8, 14, 9, 15], "texture": "#0"},
				"south": {"uv": [7, 9, 10, 10], "texture": "#0"},
				"west": {"uv": [14, 8, 15, 9], "texture": "#0"},
				"up": {"uv": [3, 11, 0, 10], "texture": "#0"},
				"down": {"uv": [6, 10, 3, 11], "texture": "#0"}
			}
		},
		{
			"from": [10, 3, 1],
			"to": [13, 4, 2],
			"faces": {
				"north": {"uv": [10, 4, 13, 5], "texture": "#0"},
				"east": {"uv": [9, 14, 10, 15], "texture": "#0"},
				"south": {"uv": [10, 5, 13, 6], "texture": "#0"},
				"west": {"uv": [14, 9, 15, 10], "texture": "#0"},
				"up": {"uv": [9, 11, 6, 10], "texture": "#0"},
				"down": {"uv": [13, 6, 10, 7], "texture": "#0"}
			}
		},
		{
			"from": [7, 1.5, 1],
			"to": [9, 2.5, 2],
			"faces": {
				"north": {"uv": [13, 0, 15, 1], "texture": "#0"},
				"east": {"uv": [10, 14, 11, 15], "texture": "#0"},
				"south": {"uv": [1, 13, 3, 14], "texture": "#0"},
				"west": {"uv": [14, 10, 15, 11], "texture": "#0"},
				"up": {"uv": [15, 2, 13, 1], "texture": "#0"},
				"down": {"uv": [15, 2, 13, 3], "texture": "#0"}
			}
		},
		{
			"from": [14, 1.5, 1],
			"to": [15, 2.5, 2],
			"faces": {
				"north": {"uv": [11, 14, 12, 15], "texture": "#0"},
				"east": {"uv": [14, 11, 15, 12], "texture": "#0"},
				"south": {"uv": [12, 14, 13, 15], "texture": "#0"},
				"west": {"uv": [14, 12, 15, 13], "texture": "#0"},
				"up": {"uv": [14, 15, 13, 14], "texture": "#0"},
				"down": {"uv": [15, 13, 14, 14], "texture": "#0"}
			}
		},
		{
			"from": [14, 1.5, 2],
			"to": [15, 2.5, 8],
			"faces": {
				"north": {"uv": [8, 13, 9, 14], "texture": "#0"},
				"east": {"uv": [0, 0, 6, 1], "texture": "#0"},
				"south": {"uv": [9, 13, 10, 14], "texture": "#0"},
				"west": {"uv": [0, 1, 6, 2], "texture": "#0"},
				"up": {"uv": [1, 8, 0, 2], "texture": "#0"},
				"down": {"uv": [2, 2, 1, 8], "texture": "#0"}
			}
		},
		{
			"from": [14, 0.5, 8],
			"to": [15, 2.5, 9],
			"faces": {
				"north": {"uv": [0, 8, 1, 10], "texture": "#0"},
				"east": {"uv": [1, 8, 2, 10], "texture": "#0"},
				"south": {"uv": [0, 11, 1, 13], "texture": "#0"},
				"west": {"uv": [1, 11, 2, 13], "texture": "#0"},
				"up": {"uv": [14, 10, 13, 9], "texture": "#0"},
				"down": {"uv": [11, 13, 10, 14], "texture": "#0"}
			}
		},
		{
			"from": [1, 0.5, 8],
			"to": [2, 2.5, 9],
			"faces": {
				"north": {"uv": [3, 13, 4, 15], "texture": "#0"},
				"east": {"uv": [13, 3, 14, 5], "texture": "#0"},
				"south": {"uv": [4, 13, 5, 15], "texture": "#0"},
				"west": {"uv": [5, 13, 6, 15], "texture": "#0"},
				"up": {"uv": [16, 4, 15, 3], "texture": "#0"},
				"down": {"uv": [5, 15, 4, 16], "texture": "#0"}
			}
		},
		{
			"from": [1, 1.5, 2],
			"to": [2, 2.5, 8],
			"faces": {
				"north": {"uv": [15, 2, 16, 3], "texture": "#0"},
				"east": {"uv": [2, 2, 8, 3], "texture": "#0"},
				"south": {"uv": [3, 15, 4, 16], "texture": "#0"},
				"west": {"uv": [2, 3, 8, 4], "texture": "#0"},
				"up": {"uv": [3, 10, 2, 4], "texture": "#0"},
				"down": {"uv": [4, 4, 3, 10], "texture": "#0"}
			}
		},
		{
			"from": [1, 1.5, 1],
			"to": [2, 2.5, 2],
			"faces": {
				"north": {"uv": [14, 14, 15, 15], "texture": "#0"},
				"east": {"uv": [0, 15, 1, 16], "texture": "#0"},
				"south": {"uv": [15, 0, 16, 1], "texture": "#0"},
				"west": {"uv": [1, 15, 2, 16], "texture": "#0"},
				"up": {"uv": [16, 2, 15, 1], "texture": "#0"},
				"down": {"uv": [3, 15, 2, 16], "texture": "#0"}
			}
		},
		{
			"from": [10, 0, 1],
			"to": [13, 1, 2],
			"faces": {
				"north": {"uv": [4, 8, 7, 9], "texture": "#0"},
				"east": {"uv": [13, 11, 14, 12], "texture": "#0"},
				"south": {"uv": [7, 8, 10, 9], "texture": "#0"},
				"west": {"uv": [13, 12, 14, 13], "texture": "#0"},
				"up": {"uv": [12, 1, 9, 0], "texture": "#0"},
				"down": {"uv": [12, 1, 9, 2], "texture": "#0"}
			}
		},
		{
			"from": [10, 1, 1.5],
			"to": [13, 3, 1.75],
			"faces": {
				"north": {"uv": [4, 4, 7, 6], "texture": "#0"},
				"east": {"uv": [13, 5, 14, 7], "texture": "#0"},
				"south": {"uv": [6, 0, 9, 2], "texture": "#0"},
				"west": {"uv": [6, 13, 7, 15], "texture": "#0"},
				"up": {"uv": [13, 8, 10, 7], "texture": "#0"},
				"down": {"uv": [13, 8, 10, 9], "texture": "#0"}
			}
		},
		{
			"from": [3, 1, 1.5],
			"to": [6, 3, 1.75],
			"faces": {
				"north": {"uv": [4, 6, 7, 8], "texture": "#0"},
				"east": {"uv": [7, 13, 8, 15], "texture": "#0"},
				"south": {"uv": [7, 4, 10, 6], "texture": "#0"},
				"west": {"uv": [13, 7, 14, 9], "texture": "#0"},
				"up": {"uv": [12, 11, 9, 10], "texture": "#0"},
				"down": {"uv": [13, 9, 10, 10], "texture": "#0"}
			}
		},
		{
			"from": [13, 1, 1],
			"to": [14, 3, 2],
			"faces": {
				"north": {"uv": [2, 11, 3, 13], "texture": "#0"},
				"east": {"uv": [11, 2, 12, 4], "texture": "#0"},
				"south": {"uv": [3, 11, 4, 13], "texture": "#0"},
				"west": {"uv": [4, 11, 5, 13], "texture": "#0"},
				"up": {"uv": [14, 14, 13, 13], "texture": "#0"},
				"down": {"uv": [2, 14, 1, 15], "texture": "#0"}
			}
		},
		{
			"from": [9, 1, 1],
			"to": [10, 3, 2],
			"faces": {
				"north": {"uv": [5, 11, 6, 13], "texture": "#0"},
				"east": {"uv": [6, 11, 7, 13], "texture": "#0"},
				"south": {"uv": [7, 11, 8, 13], "texture": "#0"},
				"west": {"uv": [8, 11, 9, 13], "texture": "#0"},
				"up": {"uv": [3, 15, 2, 14], "texture": "#0"},
				"down": {"uv": [15, 3, 14, 4], "texture": "#0"}
			}
		},
		{
			"from": [6, 1, 1],
			"to": [7, 3, 2],
			"faces": {
				"north": {"uv": [9, 11, 10, 13], "texture": "#0"},
				"east": {"uv": [10, 11, 11, 13], "texture": "#0"},
				"south": {"uv": [11, 11, 12, 13], "texture": "#0"},
				"west": {"uv": [12, 0, 13, 2], "texture": "#0"},
				"up": {"uv": [15, 5, 14, 4], "texture": "#0"},
				"down": {"uv": [15, 5, 14, 6], "texture": "#0"}
			}
		},
		{
			"from": [2, 1, 1],
			"to": [3, 3, 2],
			"faces": {
				"north": {"uv": [12, 2, 13, 4], "texture": "#0"},
				"east": {"uv": [12, 10, 13, 12], "texture": "#0"},
				"south": {"uv": [12, 12, 13, 14], "texture": "#0"},
				"west": {"uv": [0, 13, 1, 15], "texture": "#0"},
				"up": {"uv": [15, 7, 14, 6], "texture": "#0"},
				"down": {"uv": [15, 7, 14, 8], "texture": "#0"}
			}
		}
	],
	"display": {
		"head": {
			"translation": [0, 5, 0],
			"scale": [1.05, 1.05, 1.05]
		}
	}
}