{
	"credit": "Made with Blockbench",
	"texture_size": [32, 32],
	"textures": {
		"1": "item/cosmetics/hats/oreh"
	},
	"elements": [
		{
			"from": [7, 0, 6],
			"to": [9, 2, 8],
			"faces": {
				"north": {"uv": [9.5, 1, 10.5, 2], "texture": "#1"},
				"east": {"uv": [9.5, 2, 10.5, 3], "texture": "#1"},
				"south": {"uv": [9.5, 3, 10.5, 4], "texture": "#1"},
				"west": {"uv": [9.5, 4, 10.5, 5], "texture": "#1"},
				"up": {"uv": [10.5, 6, 9.5, 5], "texture": "#1"},
				"down": {"uv": [10.5, 6, 9.5, 7], "texture": "#1"}
			}
		},
		{
			"from": [5, 2, 4],
			"to": [11, 9, 10],
			"faces": {
				"north": {"uv": [3.5, 0, 6.5, 3.5], "texture": "#1"},
				"east": {"uv": [3.5, 3.5, 6.5, 7], "texture": "#1"},
				"south": {"uv": [6.5, 0, 9.5, 3.5], "texture": "#1"},
				"west": {"uv": [6.5, 3.5, 9.5, 7], "texture": "#1"},
				"up": {"uv": [3, 10, 0, 7], "texture": "#1"},
				"down": {"uv": [6, 7, 3, 10], "texture": "#1"}
			}
		},
		{
			"from": [4.5, 9, 3.5],
			"to": [11.5, 10.5, 10.5],
			"faces": {
				"north": {"uv": [6, 7, 9.5, 8], "texture": "#1"},
				"east": {"uv": [6, 8, 9.5, 9], "texture": "#1"},
				"south": {"uv": [6, 9, 9.5, 10], "texture": "#1"},
				"west": {"uv": [9.5, 0, 13, 1], "texture": "#1"},
				"up": {"uv": [3.5, 3.5, 0, 0], "texture": "#1"},
				"down": {"uv": [3.5, 3.5, 0, 7], "texture": "#1"}
			}
		},
		{
			"from": [7.5, 10, 6.5],
			"to": [8.5, 11.5, 7.5],
			"faces": {
				"north": {"uv": [9.5, 7, 10, 8], "texture": "#1"},
				"east": {"uv": [9.5, 8, 10, 9], "texture": "#1"},
				"south": {"uv": [9.5, 9, 10, 10], "texture": "#1"},
				"west": {"uv": [0, 10, 0.5, 11], "texture": "#1"},
				"up": {"uv": [7, 10.5, 6.5, 10], "texture": "#1"},
				"down": {"uv": [7.5, 10, 7, 10.5], "texture": "#1"}
			}
		},
		{
			"from": [7.75, 11.25, 6.525],
			"to": [8.75, 12.75, 7.475],
			"faces": {
				"north": {"uv": [0.5, 10, 1, 11], "texture": "#1"},
				"east": {"uv": [1, 10, 1.5, 11], "texture": "#1"},
				"south": {"uv": [1.5, 10, 2, 11], "texture": "#1"},
				"west": {"uv": [2, 10, 2.5, 11], "texture": "#1"},
				"up": {"uv": [10.5, 7.5, 10, 7], "texture": "#1"},
				"down": {"uv": [8, 10, 7.5, 10.5], "texture": "#1"}
			}
		},
		{
			"from": [8.25, 12.25, 6.55],
			"to": [9.75, 13, 7.45],
			"rotation": {"angle": 0, "axis": "y", "origin": [0.5, 0, 0]},
			"faces": {
				"north": {"uv": [2.5, 10, 3.5, 10.5], "texture": "#1"},
				"east": {"uv": [10, 7.5, 10.5, 8], "texture": "#1"},
				"south": {"uv": [3.5, 10, 4.5, 10.5], "texture": "#1"},
				"west": {"uv": [8, 10, 8.5, 10.5], "texture": "#1"},
				"up": {"uv": [5.5, 10.5, 4.5, 10], "texture": "#1"},
				"down": {"uv": [6.5, 10, 5.5, 10.5], "texture": "#1"}
			}
		}
	],
	"display": {
		"gui": {
			"rotation": [5, -37, -22],
			"translation": [0, 1, 0]
		},
		"head": {
			"rotation": [-1, 52, 12],
			"translation": [0, 11.25, 1.5],
			"scale": [1.55, 1.55, 1.55]
		}
	}
}