{
	"credit": "Made with Blockbench",
	"texture_size": [64, 64],
	"textures": {
		"0": "item/cosmetics/hats/paket",
		"particle": "item/cosmetics/hats/paket"
	},
	"elements": [
		{
			"from": [0, 3, 0],
			"to": [16, 19, 16],
			"faces": {
				"north": {"uv": [0, 0, 4, 4], "texture": "#0"},
				"east": {"uv": [0, 4, 4, 8], "texture": "#0"},
				"south": {"uv": [4, 0, 8, 4], "texture": "#0"},
				"west": {"uv": [4, 4, 8, 8], "texture": "#0"},
				"up": {"uv": [4, 12, 0, 8], "texture": "#0"},
				"down": {"uv": [12, 0, 8, 4], "texture": "#0"}
			}
		},
		{
			"from": [4, 1, 4],
			"to": [12, 3, 12],
			"faces": {
				"north": {"uv": [9, 10, 11, 10.5], "texture": "#0"},
				"east": {"uv": [4, 10.5, 6, 11], "texture": "#0"},
				"south": {"uv": [10.5, 4, 12.5, 4.5], "texture": "#0"},
				"west": {"uv": [10.5, 4.5, 12.5, 5], "texture": "#0"},
				"up": {"uv": [8.5, 10, 6.5, 8], "texture": "#0"},
				"down": {"uv": [10.5, 6.5, 8.5, 8.5], "texture": "#0"}
			}
		},
		{
			"from": [3, 0, 3],
			"to": [13, 2, 13],
			"faces": {
				"north": {"uv": [8.5, 8.5, 11, 9], "texture": "#0"},
				"east": {"uv": [8.5, 9, 11, 9.5], "texture": "#0"},
				"south": {"uv": [8.5, 9.5, 11, 10], "texture": "#0"},
				"west": {"uv": [6.5, 10, 9, 10.5], "texture": "#0"},
				"up": {"uv": [6.5, 10.5, 4, 8], "texture": "#0"},
				"down": {"uv": [10.5, 4, 8, 6.5], "texture": "#0"}
			}
		}
	],
	"display": {
		"gui": {
			"rotation": [0, -45, -18],
			"translation": [0.25, -2, 0],
			"scale": [0.48, 0.48, 0.48]
		},
		"head": {
			"translation": [0, -2.75, 0],
			"scale": [0.92, 0.92, 0.92]
		}
	}
}