{
	"credit": "Made with Blockbench",
	"texture_size": [64, 64],
	"textures": {
		"0": "item/cosmetics/hats/poop",
		"particle": "item/cosmetics/hats/poop"
	},
	"elements": [
		{
			"from": [2, 0, 2],
			"to": [14, 4, 14],
			"faces": {
				"north": {"uv": [3, 4, 6, 5], "texture": "#0"},
				"east": {"uv": [3, 5, 6, 6], "texture": "#0"},
				"south": {"uv": [5.25, 0, 8.25, 1], "texture": "#0"},
				"west": {"uv": [5.25, 1, 8.25, 2], "texture": "#0"},
				"up": {"uv": [3, 3, 0, 0], "texture": "#0"},
				"down": {"uv": [3, 3, 0, 6], "texture": "#0"}
			}
		},
		{
			"from": [3, 4, 4],
			"to": [12, 7, 12],
			"faces": {
				"north": {"uv": [5.25, 2, 7.5, 2.75], "texture": "#0"},
				"east": {"uv": [0, 6, 2, 6.75], "texture": "#0"},
				"south": {"uv": [5.25, 2.75, 7.5, 3.5], "texture": "#0"},
				"west": {"uv": [2, 6, 4, 6.75], "texture": "#0"},
				"up": {"uv": [5.25, 2, 3, 0], "texture": "#0"},
				"down": {"uv": [5.25, 2, 3, 4], "texture": "#0"}
			}
		},
		{
			"from": [4, 7, 6],
			"to": [9, 10, 10],
			"faces": {
				"north": {"uv": [6, 4.5, 7.25, 5.25], "texture": "#0"},
				"east": {"uv": [6, 5.25, 7, 6], "texture": "#0"},
				"south": {"uv": [5.25, 6, 6.5, 6.75], "texture": "#0"},
				"west": {"uv": [6.5, 6, 7.5, 6.75], "texture": "#0"},
				"up": {"uv": [7.25, 4.5, 6, 3.5], "texture": "#0"},
				"down": {"uv": [5.25, 6, 4, 7], "texture": "#0"}
			}
		},
		{
			"from": [5, 10, 7],
			"to": [7, 11, 9],
			"faces": {
				"north": {"uv": [0.5, 6.75, 1, 7], "texture": "#0"},
				"east": {"uv": [1, 6.75, 1.5, 7], "texture": "#0"},
				"south": {"uv": [1.5, 6.75, 2, 7], "texture": "#0"},
				"west": {"uv": [2, 6.75, 2.5, 7], "texture": "#0"},
				"up": {"uv": [5.75, 4, 5.25, 3.5], "texture": "#0"},
				"down": {"uv": [0.5, 6.75, 0, 7.25], "texture": "#0"}
			}
		}
	],
	"display": {
		"gui": {
			"rotation": [20, 155, 0],
			"translation": [0, 1.75, 0],
			"scale": [0.8, 0.8, 0.8]
		},
		"head": {
			"translation": [0, 14.5, 0]
		}
	}
}