{
	"credit": "Made by SwitchedCube",
	"texture_size": [64, 64],
	"textures": {
		"0": "item/cosmetics/hats/rascal"
	},
	"elements": [
		{
			"name": "head",
			"from": [-4, 12, -7],
			"to": [4, 17, -1],
			"faces": {
				"north": {"uv": [1.75, 9.25, 3.75, 10.5], "texture": "#0"},
				"east": {"uv": [0, 9.25, 1.75, 10.5], "texture": "#0"},
				"south": {"uv": [5.5, 9.25, 7.5, 10.5], "texture": "#0"},
				"west": {"uv": [3.75, 9.25, 5.5, 10.5], "texture": "#0"},
				"up": {"uv": [3.75, 9.25, 1.75, 7.5], "texture": "#0"},
				"down": {"uv": [5.75, 7.5, 3.75, 9.25], "texture": "#0"}
			}
		},
		{
			"name": "head",
			"from": [5, 12, -8],
			"to": [5, 17, 0],
			"faces": {
				"north": {"uv": [2, 10.5, 2, 11.75], "texture": "#0"},
				"east": {"uv": [0, 10.5, 2, 11.75], "texture": "#0"},
				"south": {"uv": [4, 10.5, 4, 11.75], "texture": "#0"},
				"west": {"uv": [2, 13.5, 0, 14.75], "texture": "#0"},
				"up": {"uv": [2, 10.5, 2, 8.5], "texture": "#0"},
				"down": {"uv": [2, 8.5, 2, 10.5], "texture": "#0"}
			}
		},
		{
			"name": "head",
			"from": [5, 11, -7],
			"to": [5, 12, 0],
			"faces": {
				"north": {"uv": [1.75, 11.75, 1.75, 12], "texture": "#0"},
				"east": {"uv": [0, 11.75, 1.75, 12], "texture": "#0"},
				"south": {"uv": [3.5, 11.75, 3.5, 12], "texture": "#0"},
				"west": {"uv": [1.75, 12.75, 0, 13], "texture": "#0"},
				"up": {"uv": [1.75, 11.75, 1.75, 10], "texture": "#0"},
				"down": {"uv": [1.75, 10, 1.75, 11.75], "texture": "#0"}
			}
		},
		{
			"name": "head",
			"from": [-5, 11, -7],
			"to": [-5, 12, 0],
			"faces": {
				"north": {"uv": [8.25, 5, 8.25, 5.25], "texture": "#0"},
				"east": {"uv": [4, 14.25, 2.25, 14.5], "texture": "#0"},
				"south": {"uv": [10, 5, 10, 5.25], "texture": "#0"},
				"west": {"uv": [8.25, 5, 10, 5.25], "texture": "#0"},
				"up": {"uv": [8.25, 5, 8.25, 3.25], "texture": "#0"},
				"down": {"uv": [8.25, 3.25, 8.25, 5], "texture": "#0"}
			}
		},
		{
			"name": "head",
			"from": [-5, 12, -8],
			"to": [-5, 17, 0],
			"faces": {
				"north": {"uv": [8.5, 3.75, 8.5, 5], "texture": "#0"},
				"east": {"uv": [9.5, 0.5, 7.5, 1.75], "texture": "#0"},
				"south": {"uv": [10.5, 3.75, 10.5, 5], "texture": "#0"},
				"west": {"uv": [8.5, 3.75, 10.5, 5], "texture": "#0"},
				"up": {"uv": [8.5, 3.75, 8.5, 1.75], "texture": "#0"},
				"down": {"uv": [8.5, 1.75, 8.5, 3.75], "texture": "#0"}
			}
		},
		{
			"name": "head",
			"from": [-5, 17, -8],
			"to": [5, 19, 0],
			"faces": {
				"north": {"uv": [8, 7.5, 10.5, 8], "texture": "#0"},
				"east": {"uv": [6, 7.5, 8, 8], "texture": "#0"},
				"south": {"uv": [8, 7.5, 10.5, 8], "texture": "#0"},
				"west": {"uv": [10.5, 7.5, 12.5, 8], "texture": "#0"},
				"up": {"uv": [10.5, 7.5, 8, 5.5], "texture": "#0"},
				"down": {"uv": [13, 5.5, 10.5, 7.5], "texture": "#0"}
			}
		},
		{
			"name": "head",
			"from": [-5, 11, 0],
			"to": [5, 17, 0],
			"faces": {
				"north": {"uv": [6.25, 8.25, 7.25, 9], "texture": "#0"},
				"east": {"uv": [6, 7.5, 6, 9], "texture": "#0"},
				"south": {"uv": [8, 5.5, 10.5, 7], "texture": "#0"},
				"west": {"uv": [10.5, 7.5, 10.5, 9], "texture": "#0"},
				"up": {"uv": [10.5, 5.5, 8, 5.5], "texture": "#0"},
				"down": {"uv": [13, 5.5, 10.5, 5.5], "texture": "#0"}
			}
		},
		{
			"name": "head",
			"from": [1, 16, -8],
			"to": [5, 17, -8],
			"faces": {
				"north": {"uv": [0, 0.25, 1, 0.5], "texture": "#0"},
				"east": {"uv": [0, 0.25, 0, 0.5], "texture": "#0"},
				"south": {"uv": [1, 0.25, 2, 0.5], "texture": "#0"},
				"west": {"uv": [1, 0.25, 1, 0.5], "texture": "#0"},
				"up": {"uv": [1, 0.25, 0, 0.25], "texture": "#0"},
				"down": {"uv": [2, 0.25, 1, 0.25], "texture": "#0"}
			}
		},
		{
			"name": "head",
			"from": [-5, 16, -8],
			"to": [-1, 17, -8],
			"faces": {
				"north": {"uv": [0, 0, 1, 0.25], "texture": "#0"},
				"east": {"uv": [0, 0, 0, 0.25], "texture": "#0"},
				"south": {"uv": [1, 0, 2, 0.25], "texture": "#0"},
				"west": {"uv": [1, 0, 1, 0.25], "texture": "#0"},
				"up": {"uv": [1, 0, 0, 0], "texture": "#0"},
				"down": {"uv": [2, 0, 1, 0], "texture": "#0"}
			}
		},
		{
			"name": "head",
			"from": [-5, 15, -8],
			"to": [-3, 16, -8],
			"faces": {
				"north": {"uv": [0, 0.75, 0.5, 1], "texture": "#0"},
				"east": {"uv": [0, 0.75, 0, 1], "texture": "#0"},
				"south": {"uv": [0.5, 0.75, 1, 1], "texture": "#0"},
				"west": {"uv": [0.5, 0.75, 0.5, 1], "texture": "#0"},
				"up": {"uv": [0.5, 0.75, 0, 0.75], "texture": "#0"},
				"down": {"uv": [1, 0.75, 0.5, 0.75], "texture": "#0"}
			}
		},
		{
			"name": "head",
			"from": [-5, 13, -8],
			"to": [-4, 15, -8],
			"faces": {
				"north": {"uv": [0.5, 1, 0.75, 1.5], "texture": "#0"},
				"east": {"uv": [0.5, 1, 0.5, 1.5], "texture": "#0"},
				"south": {"uv": [0.75, 1, 1, 1.5], "texture": "#0"},
				"west": {"uv": [0.75, 1, 0.75, 1.5], "texture": "#0"},
				"up": {"uv": [0.75, 1, 0.5, 1], "texture": "#0"},
				"down": {"uv": [1, 1, 0.75, 1], "texture": "#0"}
			}
		},
		{
			"name": "head",
			"from": [4, 13, -8],
			"to": [5, 15, -8],
			"faces": {
				"north": {"uv": [0, 1, 0.25, 1.5], "texture": "#0"},
				"east": {"uv": [0, 1, 0, 1.5], "texture": "#0"},
				"south": {"uv": [0.25, 1, 0.5, 1.5], "texture": "#0"},
				"west": {"uv": [0.25, 1, 0.25, 1.5], "texture": "#0"},
				"up": {"uv": [0.25, 1, 0, 1], "texture": "#0"},
				"down": {"uv": [0.5, 1, 0.25, 1], "texture": "#0"}
			}
		},
		{
			"name": "head",
			"from": [3, 15, -8],
			"to": [5, 16, -8],
			"faces": {
				"north": {"uv": [0, 0.5, 0.5, 0.75], "texture": "#0"},
				"east": {"uv": [0, 0.5, 0, 0.75], "texture": "#0"},
				"south": {"uv": [0.5, 0.5, 1, 0.75], "texture": "#0"},
				"west": {"uv": [0.5, 0.5, 0.5, 0.75], "texture": "#0"},
				"up": {"uv": [0.5, 0.5, 0, 0.5], "texture": "#0"},
				"down": {"uv": [1, 0.5, 0.5, 0.5], "texture": "#0"}
			}
		},
		{
			"name": "body",
			"from": [-5, 6, -3],
			"to": [5, 12, 6],
			"faces": {
				"north": {"uv": [2.25, 2.25, 4.75, 3.75], "texture": "#0"},
				"east": {"uv": [0, 2.25, 2.25, 3.75], "texture": "#0"},
				"south": {"uv": [7, 2.25, 9.5, 3.75], "texture": "#0"},
				"west": {"uv": [4.75, 2.25, 7, 3.75], "texture": "#0"},
				"up": {"uv": [4.75, 2.25, 2.25, 0], "texture": "#0"},
				"down": {"uv": [7.25, 0, 4.75, 2.25], "texture": "#0"}
			}
		},
		{
			"name": "body",
			"from": [-5, 4, -3],
			"to": [5, 6, 6],
			"faces": {
				"north": {"uv": [8.75, 15.5, 11.25, 16], "texture": "#0"},
				"east": {"uv": [6.5, 15.5, 8.75, 16], "texture": "#0"},
				"south": {"uv": [13.5, 15.5, 16, 16], "texture": "#0"},
				"west": {"uv": [11.25, 15.5, 13.5, 16], "texture": "#0"},
				"up": {"uv": [11.25, 15.5, 8.75, 13.25], "texture": "#0"},
				"down": {"uv": [15.25, 11.5, 12.75, 13.75], "texture": "#0"}
			}
		},
		{
			"name": "body",
			"from": [-4.5, 2, -2.5],
			"to": [4.5, 6, 2.5],
			"faces": {
				"north": {"uv": [10.25, 14.5, 12.5, 15.5], "texture": "#0"},
				"east": {"uv": [9, 14.5, 10.25, 15.5], "texture": "#0"},
				"south": {"uv": [13.75, 14.5, 16, 15.5], "texture": "#0"},
				"west": {"uv": [12.5, 14.5, 13.75, 15.5], "texture": "#0"},
				"up": {"uv": [12.5, 14.5, 10.25, 13.25], "texture": "#0"},
				"down": {"uv": [14.75, 13.25, 12.5, 14.5], "texture": "#0"}
			}
		},
		{
			"name": "body",
			"from": [-5, 12, 0],
			"to": [5, 21, 6],
			"faces": {
				"north": {"uv": [1.5, 5.25, 4, 7.5], "texture": "#0"},
				"east": {"uv": [0, 5.25, 1.5, 7.5], "texture": "#0"},
				"south": {"uv": [5.5, 5.25, 8, 7.5], "texture": "#0"},
				"west": {"uv": [4, 5.25, 5.5, 7.5], "texture": "#0"},
				"up": {"uv": [4, 5.25, 1.5, 3.75], "texture": "#0"},
				"down": {"uv": [6.5, 3.75, 4, 5.25], "texture": "#0"}
			}
		},
		{
			"name": "body",
			"from": [-5, 7, 6],
			"to": [5, 14, 10],
			"faces": {
				"north": {"uv": [8.5, 9, 11, 10.75], "texture": "#0"},
				"east": {"uv": [7.5, 9, 8.5, 10.75], "texture": "#0"},
				"south": {"uv": [12, 9, 14.5, 10.75], "texture": "#0"},
				"west": {"uv": [11, 9, 12, 10.75], "texture": "#0"},
				"up": {"uv": [11, 9, 8.5, 8], "texture": "#0"},
				"down": {"uv": [13.5, 8, 11, 9], "texture": "#0"}
			}
		},
		{
			"name": "arms_rotation",
			"from": [4.25, 8.81354, -4.11998],
			"to": [8.25, 16.81354, -0.11998],
			"faces": {
				"north": {"uv": [7, 11.5, 8, 13.5], "rotation": 180, "texture": "#0"},
				"east": {"uv": [4, 11.5, 5, 13.5], "rotation": 180, "texture": "#0"},
				"south": {"uv": [5, 11.5, 6, 13.5], "rotation": 180, "texture": "#0"},
				"west": {"uv": [6, 11.5, 7, 13.5], "rotation": 180, "texture": "#0"},
				"up": {"uv": [7, 10.5, 6, 11.5], "texture": "#0"},
				"down": {"uv": [6, 11.5, 5, 10.5], "texture": "#0"}
			}
		},
		{
			"name": "arms_flipped",
			"from": [-8.25, 5.18646, -3.88002],
			"to": [-4.25, 13.18646, 0.11998],
			"faces": {
				"north": {"uv": [10.5, 1, 11.5, 3], "texture": "#0"},
				"east": {"uv": [9.5, 1, 10.5, 3], "texture": "#0"},
				"south": {"uv": [12.5, 1, 13.5, 3], "texture": "#0"},
				"west": {"uv": [11.5, 1, 12.5, 3], "texture": "#0"},
				"up": {"uv": [11.5, 1, 10.5, 0], "texture": "#0"},
				"down": {"uv": [12.5, 0, 11.5, 1], "texture": "#0"}
			}
		},
		{
			"name": "right_leg",
			"from": [0, 0, -2],
			"to": [4, 6, 2],
			"faces": {
				"north": {"uv": [9, 11.75, 10, 13.25], "texture": "#0"},
				"east": {"uv": [8, 11.75, 9, 13.25], "texture": "#0"},
				"south": {"uv": [11, 11.75, 12, 13.25], "texture": "#0"},
				"west": {"uv": [10, 11.75, 11, 13.25], "texture": "#0"},
				"up": {"uv": [10, 11.75, 9, 10.75], "texture": "#0"},
				"down": {"uv": [11, 10.75, 10, 11.75], "texture": "#0"}
			}
		},
		{
			"name": "left_leg",
			"from": [-4, 0, -2],
			"to": [0, 6, 2],
			"faces": {
				"north": {"uv": [11.5, 4, 12.5, 5.5], "texture": "#0"},
				"east": {"uv": [10.5, 4, 11.5, 5.5], "texture": "#0"},
				"south": {"uv": [13.5, 4, 14.5, 5.5], "texture": "#0"},
				"west": {"uv": [12.5, 4, 13.5, 5.5], "texture": "#0"},
				"up": {"uv": [12.5, 4, 11.5, 3], "texture": "#0"},
				"down": {"uv": [13.5, 3, 12.5, 4], "texture": "#0"}
			}
		}
	],
	"display": {
		"gui": {
			"rotation": [20, 151, -90],
			"translation": [3.75, -5, 0],
			"scale": [0.63, 0.63, 0.63]
		},
		"head": {
			"rotation": [0, 0, -90],
			"translation": [0.5, 3.75, 3.75],
			"scale": [0.8, 0.8, 0.8]
		}
	},
	"groups": [
		{
			"name": "head",
			"origin": [0, 24, 0],
			"color": 0,
			"children": [0, 1, 2, 3, 4, 5, 6, 7, 8, 9, 10, 11, 12]
		},
		{
			"name": "headwear",
			"origin": [0, 24, 0],
			"color": 0,
			"children": []
		},
		{
			"name": "headwear2",
			"origin": [0, 24, 0],
			"color": 0,
			"children": [
				{
					"name": "rotation",
					"origin": [0, 24, 0],
					"color": 0,
					"children": []
				}
			]
		},
		{
			"name": "nose",
			"origin": [0, 26, 0],
			"color": 0,
			"children": []
		},
		{
			"name": "body",
			"origin": [0, 24, 0],
			"color": 0,
			"children": [13, 14, 15, 16, 17]
		},
		{
			"name": "bodywear",
			"origin": [0, 24, 0],
			"color": 0,
			"children": []
		},
		{
			"name": "arms",
			"origin": [0, 20.5, 0.3],
			"color": 0,
			"children": [
				{
					"name": "arms_rotation",
					"origin": [0, 22.5, 0.35],
					"color": 0,
					"children": [
						18,
						{
							"name": "arms_flipped",
							"origin": [0, -1.5, 0.35],
							"color": 0,
							"children": [19]
						}
					]
				}
			]
		},
		{
			"name": "right_leg",
			"origin": [2, 12, 0],
			"color": 0,
			"children": [20]
		},
		{
			"name": "left_leg",
			"origin": [-2, 12, 0],
			"color": 0,
			"children": [21]
		}
	]
}