{
	"credit": "Made with Blockbench",
	"textures": {
		"0": "item/cosmetics/hats/roga",
		"particle": "item/cosmetics/hats/roga"
	},
	"elements": [
		{
			"from": [5, 0, 8],
			"to": [6, 2, 9],
			"faces": {
				"north": {"uv": [8, 8, 9, 10], "texture": "#0"},
				"east": {"uv": [0, 9, 1, 11], "texture": "#0"},
				"south": {"uv": [1, 9, 2, 11], "texture": "#0"},
				"west": {"uv": [2, 9, 3, 11], "texture": "#0"},
				"up": {"uv": [10, 11, 9, 10], "texture": "#0"},
				"down": {"uv": [11, 10, 10, 11], "texture": "#0"}
			}
		},
		{
			"from": [10, 0, 8],
			"to": [11, 2, 9],
			"faces": {
				"north": {"uv": [9, 2, 10, 4], "texture": "#0"},
				"east": {"uv": [3, 9, 4, 11], "texture": "#0"},
				"south": {"uv": [4, 9, 5, 11], "texture": "#0"},
				"west": {"uv": [9, 4, 10, 6], "texture": "#0"},
				"up": {"uv": [1, 12, 0, 11], "texture": "#0"},
				"down": {"uv": [12, 0, 11, 1], "texture": "#0"}
			}
		},
		{
			"from": [10, 0, 7],
			"to": [11, 1, 8],
			"faces": {
				"north": {"uv": [11, 9, 12, 10], "texture": "#0"},
				"east": {"uv": [10, 11, 11, 12], "texture": "#0"},
				"south": {"uv": [11, 10, 12, 11], "texture": "#0"},
				"west": {"uv": [11, 11, 12, 12], "texture": "#0"},
				"up": {"uv": [1, 13, 0, 12], "texture": "#0"},
				"down": {"uv": [13, 0, 12, 1], "texture": "#0"}
			}
		},
		{
			"from": [5, 0, 7],
			"to": [6, 1, 8],
			"faces": {
				"north": {"uv": [1, 12, 2, 13], "texture": "#0"},
				"east": {"uv": [12, 1, 13, 2], "texture": "#0"},
				"south": {"uv": [2, 12, 3, 13], "texture": "#0"},
				"west": {"uv": [12, 2, 13, 3], "texture": "#0"},
				"up": {"uv": [4, 13, 3, 12], "texture": "#0"},
				"down": {"uv": [13, 3, 12, 4], "texture": "#0"}
			}
		},
		{
			"from": [11, 1, 8],
			"to": [16, 2, 9],
			"faces": {
				"north": {"uv": [0, 0, 5, 1], "texture": "#0"},
				"east": {"uv": [1, 11, 2, 12], "texture": "#0"},
				"south": {"uv": [0, 1, 5, 2], "texture": "#0"},
				"west": {"uv": [11, 1, 12, 2], "texture": "#0"},
				"up": {"uv": [5, 3, 0, 2], "texture": "#0"},
				"down": {"uv": [5, 3, 0, 4], "texture": "#0"}
			}
		},
		{
			"from": [15, 2, 8],
			"to": [16, 4, 9],
			"faces": {
				"north": {"uv": [9, 6, 10, 8], "texture": "#0"},
				"east": {"uv": [9, 8, 10, 10], "texture": "#0"},
				"south": {"uv": [10, 0, 11, 2], "texture": "#0"},
				"west": {"uv": [10, 2, 11, 4], "texture": "#0"},
				"up": {"uv": [4, 12, 3, 11], "texture": "#0"},
				"down": {"uv": [12, 3, 11, 4], "texture": "#0"}
			}
		},
		{
			"from": [0, 2, 8],
			"to": [1, 4, 9],
			"faces": {
				"north": {"uv": [10, 4, 11, 6], "texture": "#0"},
				"east": {"uv": [10, 6, 11, 8], "texture": "#0"},
				"south": {"uv": [8, 10, 9, 12], "texture": "#0"},
				"west": {"uv": [10, 8, 11, 10], "texture": "#0"},
				"up": {"uv": [12, 9, 11, 8], "texture": "#0"},
				"down": {"uv": [10, 11, 9, 12], "texture": "#0"}
			}
		},
		{
			"from": [13, 2, 8],
			"to": [14, 5, 9],
			"faces": {
				"north": {"uv": [5, 2, 6, 5], "texture": "#0"},
				"east": {"uv": [5, 5, 6, 8], "texture": "#0"},
				"south": {"uv": [0, 6, 1, 9], "texture": "#0"},
				"west": {"uv": [1, 6, 2, 9], "texture": "#0"},
				"up": {"uv": [5, 12, 4, 11], "texture": "#0"},
				"down": {"uv": [12, 4, 11, 5], "texture": "#0"}
			}
		},
		{
			"from": [2, 2, 8],
			"to": [3, 5, 9],
			"faces": {
				"north": {"uv": [5, 8, 6, 11], "texture": "#0"},
				"east": {"uv": [8, 5, 9, 8], "texture": "#0"},
				"south": {"uv": [6, 8, 7, 11], "texture": "#0"},
				"west": {"uv": [7, 8, 8, 11], "texture": "#0"},
				"up": {"uv": [8, 12, 7, 11], "texture": "#0"},
				"down": {"uv": [12, 7, 11, 8], "texture": "#0"}
			}
		},
		{
			"from": [11, 2, 8],
			"to": [12, 5.25, 9],
			"faces": {
				"north": {"uv": [2, 6, 3, 9], "texture": "#0"},
				"east": {"uv": [6, 2, 7, 5], "texture": "#0"},
				"south": {"uv": [3, 6, 4, 9], "texture": "#0"},
				"west": {"uv": [4, 6, 5, 9], "texture": "#0"},
				"up": {"uv": [6, 12, 5, 11], "texture": "#0"},
				"down": {"uv": [12, 5, 11, 6], "texture": "#0"}
			}
		},
		{
			"from": [4, 2, 8],
			"to": [5, 5.25, 9],
			"faces": {
				"north": {"uv": [6, 5, 7, 8], "texture": "#0"},
				"east": {"uv": [7, 2, 8, 5], "texture": "#0"},
				"south": {"uv": [7, 5, 8, 8], "texture": "#0"},
				"west": {"uv": [8, 2, 9, 5], "texture": "#0"},
				"up": {"uv": [7, 12, 6, 11], "texture": "#0"},
				"down": {"uv": [12, 6, 11, 7], "texture": "#0"}
			}
		},
		{
			"from": [0, 1, 8],
			"to": [5, 2, 9],
			"faces": {
				"north": {"uv": [0, 4, 5, 5], "texture": "#0"},
				"east": {"uv": [2, 11, 3, 12], "texture": "#0"},
				"south": {"uv": [0, 5, 5, 6], "texture": "#0"},
				"west": {"uv": [11, 2, 12, 3], "texture": "#0"},
				"up": {"uv": [10, 1, 5, 0], "texture": "#0"},
				"down": {"uv": [10, 1, 5, 2], "texture": "#0"}
			}
		}
	],
	"display": {
		"gui": {
			"rotation": [30, 138, 0],
			"translation": [-0.25, 3, 0]
		},
		"head": {
			"translation": [0, 25.25, 0],
			"scale": [2.34, 2.34, 2.34]
		}
	}
}