{
	"credit": "Made with Blockbench",
	"texture_size": [32, 32],
	"textures": {
		"0": "item/cosmetics/hats/sharik",
		"particle": "item/cosmetics/hats/sharik"
	},
	"elements": [
		{
			"from": [7.25, 0, 8.25],
			"to": [7.75, 7, 8.75],
			"faces": {
				"north": {"uv": [2, 7, 2.5, 10.5], "texture": "#0"},
				"east": {"uv": [2.5, 7, 3, 10.5], "texture": "#0"},
				"south": {"uv": [3, 7, 3.5, 10.5], "texture": "#0"},
				"west": {"uv": [3.5, 7, 4, 10.5], "texture": "#0"},
				"up": {"uv": [1.5, 9.5, 1, 9], "texture": "#0"},
				"down": {"uv": [9.5, 1, 9, 1.5], "texture": "#0"}
			}
		},
		{
			"from": [6.5, 7, 7.5],
			"to": [8.5, 8, 9.5],
			"faces": {
				"north": {"uv": [8, 7.5, 9, 8], "texture": "#0"},
				"east": {"uv": [8, 8, 9, 8.5], "texture": "#0"},
				"south": {"uv": [6, 8.5, 7, 9], "texture": "#0"},
				"west": {"uv": [7, 8.5, 8, 9], "texture": "#0"},
				"up": {"uv": [5, 8, 4, 7], "texture": "#0"},
				"down": {"uv": [6, 7, 5, 8], "texture": "#0"}
			}
		},
		{
			"from": [6.75, 8, 7.75],
			"to": [8.25, 9, 9.25],
			"faces": {
				"north": {"uv": [8, 8.5, 9, 9], "texture": "#0"},
				"east": {"uv": [0, 9, 1, 9.5], "texture": "#0"},
				"south": {"uv": [9, 0, 10, 0.5], "texture": "#0"},
				"west": {"uv": [9, 0.5, 10, 1], "texture": "#0"},
				"up": {"uv": [5, 9, 4, 8], "texture": "#0"},
				"down": {"uv": [6, 8, 5, 9], "texture": "#0"}
			}
		},
		{
			"from": [5.75, 9, 6.75],
			"to": [9.25, 10, 10.25],
			"faces": {
				"north": {"uv": [6, 8, 8, 8.5], "texture": "#0"},
				"east": {"uv": [8, 6, 10, 6.5], "texture": "#0"},
				"south": {"uv": [8, 6.5, 10, 7], "texture": "#0"},
				"west": {"uv": [8, 7, 10, 7.5], "texture": "#0"},
				"up": {"uv": [8, 8, 6, 6], "texture": "#0"},
				"down": {"uv": [2, 7, 0, 9], "texture": "#0"}
			}
		},
		{
			"from": [4.75, 10, 5.75],
			"to": [10.25, 17, 11.25],
			"faces": {
				"north": {"uv": [0, 0, 3, 3.5], "texture": "#0"},
				"east": {"uv": [3, 0, 6, 3.5], "texture": "#0"},
				"south": {"uv": [0, 3.5, 3, 7], "texture": "#0"},
				"west": {"uv": [3, 3.5, 6, 7], "texture": "#0"},
				"up": {"uv": [9, 3, 6, 0], "texture": "#0"},
				"down": {"uv": [9, 3, 6, 6], "texture": "#0"}
			}
		}
	],
	"display": {
		"gui": {
			"rotation": [0, 45, 30],
			"translation": [0.75, -0.75, 0],
			"scale": [0.9, 0.9, 0.9]
		},
		"head": {
			"translation": [0, 15.75, 0],
			"scale": [1.88, 1.88, 1.88]
		}
	}
}