{
	"credit": "Made by SwitchedCube",
	"texture_size": [128, 64],
	"textures": {
		"0": "item/cosmetics/hats/sniffer"
	},
	"elements": [
		{
			"name": "head",
			"from": [3.25, 20.5, 1],
			"to": [12.75, 25.5, 10],
			"rotation": {"angle": 0, "axis": "x", "origin": [0, 13, 0]},
			"faces": {
				"north": {"uv": [14.8125, 4, 16, 5.25], "texture": "#0"},
				"east": {"uv": [14.4375, 3.75, 15.5625, 5], "texture": "#0"},
				"south": {"uv": [6.66667, 3, 7.85417, 4.25], "texture": "#0"},
				"west": {"uv": [14.4375, 3.75, 15.5625, 5], "texture": "#0"},
				"up": {"uv": [16, 3.25, 14.8125, 1], "texture": "#0"},
				"down": {"uv": [15.625, 4.25, 14.4375, 6.5], "texture": "#0"}
			}
		},
		{
			"name": "head",
			"from": [3.25, 25.5, 1],
			"to": [12.75, 30.25, 6],
			"rotation": {"angle": 0, "axis": "x", "origin": [0, 13, 0]},
			"faces": {
				"north": {"uv": [14.4375, 6.75, 15.625, 7.9375], "texture": "#0"},
				"east": {"uv": [15.375, 4.1875, 16, 3], "texture": "#0"},
				"south": {"uv": [6.66667, 3, 7.85417, 4.1875], "texture": "#0"},
				"west": {"uv": [16, 4.1875, 15.375, 3], "texture": "#0"},
				"up": {"uv": [16, 2.25, 14.8125, 1], "texture": "#0"},
				"down": {"uv": [16, 1.25, 14.8125, 2.5], "texture": "#0"}
			}
		},
		{
			"name": "head",
			"from": [3, 25.5, 5],
			"to": [13, 30.5, 8],
			"rotation": {"angle": 0, "axis": "x", "origin": [0, 13, 0]},
			"faces": {
				"north": {"uv": [2, 3, 3.25, 4.25], "texture": "#0"},
				"east": {"uv": [0.375, 3, 0.75, 4.25], "texture": "#0"},
				"south": {"uv": [4.29167, 3.75, 5.54167, 5], "texture": "#0"},
				"west": {"uv": [0.14167, 3, 0.51667, 4.25], "texture": "#0"},
				"up": {"uv": [3.25, 1.25, 2, 0.5], "texture": "#0"},
				"down": {"uv": [5.91667, 0, 4.66667, 1.25], "texture": "#0"}
			}
		},
		{
			"name": "head",
			"from": [3, 19.5, 8],
			"to": [13, 30.5, 14],
			"rotation": {"angle": 0, "axis": "x", "origin": [0, 13, 0]},
			"faces": {
				"north": {"uv": [2, 3, 3.25, 5.5], "texture": "#0"},
				"east": {"uv": [0, 3, 0.5, 5.5], "texture": "#0"},
				"south": {"uv": [4.16667, 0.75, 5.41667, 3.5], "texture": "#0"},
				"west": {"uv": [4.66667, 3, 5.16667, 5.5], "texture": "#0"},
				"up": {"uv": [3.25, 1, 2, 0.25], "texture": "#0"},
				"down": {"uv": [5.91667, 0, 4.66667, 1], "texture": "#0"}
			}
		},
		{
			"name": "bone",
			"from": [13, 19.5, 8],
			"to": [14, 30.5, 14],
			"rotation": {"angle": 0, "axis": "x", "origin": [0, 13, 0]},
			"faces": {
				"north": {"uv": [5.375, 3, 5.5, 5.75], "texture": "#0"},
				"east": {"uv": [3.375, 3, 4.125, 5.75], "texture": "#0"},
				"south": {"uv": [5.54167, 1.75, 5.66667, 4.5], "texture": "#0"},
				"west": {"uv": [4.66667, 3, 5.41667, 5.75], "texture": "#0"},
				"up": {"uv": [5.5, 1.5, 5.375, 0], "texture": "#0"},
				"down": {"uv": [4.79167, 0, 4.66667, 1.5], "texture": "#0"}
			}
		},
		{
			"name": "bone2",
			"from": [2, 19.5, 8],
			"to": [3, 30.5, 14],
			"rotation": {"angle": 0, "axis": "x", "origin": [0, 13, 0]},
			"faces": {
				"north": {"uv": [5.375, 3, 5.5, 5.75], "texture": "#0"},
				"east": {"uv": [3.375, 3, 4.125, 5.75], "texture": "#0"},
				"south": {"uv": [5.66667, 1, 5.79167, 3.75], "texture": "#0"},
				"west": {"uv": [4.66667, 3, 5.41667, 5.75], "texture": "#0"},
				"up": {"uv": [5.5, 1.5, 5.375, 0], "texture": "#0"},
				"down": {"uv": [4.79167, 0, 4.66667, 1.5], "texture": "#0"}
			}
		},
		{
			"name": "body_rotation",
			"from": [1, -0.25, 6.5],
			"to": [15, 19.75, 18.5],
			"rotation": {"angle": 0, "axis": "x", "origin": [0, 13, 0]},
			"faces": {
				"north": {"uv": [11.375, 2, 13.125, 7], "texture": "#0"},
				"east": {"uv": [14.5, 11, 16, 16], "texture": "#0"},
				"south": {"uv": [14, 10.5, 15.75, 15.5], "texture": "#0"},
				"west": {"uv": [14.5, 11, 16, 16], "texture": "#0"},
				"up": {"uv": [15.75, 16, 14, 13], "texture": "#0"},
				"down": {"uv": [16, 13, 14.25, 16], "texture": "#0"}
			}
		},
		{
			"name": "body_rotation",
			"from": [1.5, 0.5, 4],
			"to": [14.5, 19.5, 9],
			"rotation": {"angle": 0, "axis": "x", "origin": [0, 13, 0]},
			"faces": {
				"north": {"uv": [0, 9.25, 1.625, 14], "texture": "#0"},
				"east": {"uv": [0, 9.25, 0.625, 14], "texture": "#0"},
				"south": {"uv": [3.75, 9.5, 5.375, 14.25], "texture": "#0"},
				"west": {"uv": [0, 9.25, 0.625, 14], "texture": "#0"},
				"up": {"uv": [3.5, 11.25, 1.875, 10], "texture": "#0"},
				"down": {"uv": [1.625, 9.5, 0, 10.75], "texture": "#0"}
			}
		},
		{
			"name": "body_rotation",
			"from": [1.5, 0.5, 2],
			"to": [14.5, 19.5, 4],
			"rotation": {"angle": 0, "axis": "x", "origin": [0, 13, 0]},
			"faces": {
				"north": {"uv": [6, 9.75, 7.625, 14.5], "texture": "#0"},
				"east": {"uv": [5.5, 10.25, 5.75, 15], "texture": "#0"},
				"south": {"uv": [6.25, 9.75, 7.875, 14.5], "texture": "#0"},
				"west": {"uv": [5.75, 10, 5.5, 14.75], "texture": "#0"},
				"up": {"uv": [4.125, 15.75, 2.5, 15.25], "texture": "#0"},
				"down": {"uv": [2.125, 15.25, 0.5, 15.75], "texture": "#0"}
			}
		},
		{
			"name": "body_rotation",
			"from": [1.5, 0.5, 9],
			"to": [14.5, 19.5, 18],
			"rotation": {"angle": 0, "axis": "x", "origin": [0, 13, 0]},
			"faces": {
				"north": {"uv": [9.625, 10.625, 11.25, 15.375], "texture": "#0"},
				"east": {"uv": [8.75, 10.625, 9.875, 15.375], "texture": "#0"},
				"south": {"uv": [9.25, 9.875, 10.875, 14.625], "texture": "#0"},
				"west": {"uv": [9.75, 9.875, 10.875, 14.625], "texture": "#0"},
				"up": {"uv": [9.125, 10.5, 10.75, 12.75], "texture": "#0"},
				"down": {"uv": [9.25, 9.75, 10.875, 12], "texture": "#0"}
			}
		},
		{
			"name": "leg1",
			"from": [11.001, 9, 0.25],
			"to": [14.001, 12, 4.25],
			"rotation": {"angle": 0, "axis": "x", "origin": [0, 13, 0]},
			"faces": {
				"north": {"uv": [9.83333, 0.75, 9.45833, 1.5], "rotation": 180, "texture": "#0"},
				"east": {"uv": [8.125, 1.75, 8.5, 2.75], "rotation": 270, "texture": "#0"},
				"south": {"uv": [9.16667, 1.5, 8.79167, 0.75], "texture": "#0"},
				"west": {"uv": [9.45833, 1.75, 9.83333, 2.75], "rotation": 90, "texture": "#0"},
				"up": {"uv": [8.79167, 1.75, 9.16667, 2.75], "rotation": 180, "texture": "#0"},
				"down": {"uv": [8.75, 1.25, 9.125, 2.25], "texture": "#0"}
			}
		},
		{
			"name": "leg1",
			"from": [11.001, 1, -3.5],
			"to": [14.001, 4, 0.5],
			"rotation": {"angle": -22.5, "axis": "x", "origin": [0, 13, 0]},
			"faces": {
				"north": {"uv": [9.83333, 0.75, 9.45833, 1.5], "rotation": 180, "texture": "#0"},
				"east": {"uv": [8.125, 1.75, 8.5, 2.75], "rotation": 270, "texture": "#0"},
				"south": {"uv": [9.16667, 1.5, 8.79167, 0.75], "texture": "#0"},
				"west": {"uv": [9.45833, 1.75, 9.83333, 2.75], "rotation": 90, "texture": "#0"},
				"up": {"uv": [8.79167, 1.75, 9.16667, 2.75], "rotation": 180, "texture": "#0"},
				"down": {"uv": [8.75, 1.25, 9.125, 2.25], "texture": "#0"}
			}
		},
		{
			"name": "leg2",
			"from": [1.999, 9.25, 0.25],
			"to": [4.999, 12.25, 4.25],
			"rotation": {"angle": 0, "axis": "x", "origin": [0, 13, 0]},
			"faces": {
				"north": {"uv": [9.83333, 0.75, 9.45833, 1.5], "rotation": 180, "texture": "#0"},
				"east": {"uv": [8.125, 1.75, 8.5, 2.75], "rotation": 270, "texture": "#0"},
				"south": {"uv": [9.16667, 1.5, 8.79167, 0.75], "texture": "#0"},
				"west": {"uv": [9.45833, 1.75, 9.83333, 2.75], "rotation": 90, "texture": "#0"},
				"up": {"uv": [8.79167, 1.75, 9.16667, 2.75], "rotation": 180, "texture": "#0"},
				"down": {"uv": [9.125, 1.5, 9.5, 2.5], "texture": "#0"}
			}
		},
		{
			"name": "leg2",
			"from": [1.999, 1, -3.5],
			"to": [4.999, 4, 0.5],
			"rotation": {"angle": -22.5, "axis": "x", "origin": [0, 13, 0]},
			"faces": {
				"north": {"uv": [9.83333, 0.75, 9.45833, 1.5], "rotation": 180, "texture": "#0"},
				"east": {"uv": [8.125, 1.75, 8.5, 2.75], "rotation": 270, "texture": "#0"},
				"south": {"uv": [9.16667, 1.5, 8.79167, 0.75], "texture": "#0"},
				"west": {"uv": [9.45833, 1.75, 9.83333, 2.75], "rotation": 90, "texture": "#0"},
				"up": {"uv": [8.79167, 1.75, 9.16667, 2.75], "rotation": 180, "texture": "#0"},
				"down": {"uv": [9.125, 1.5, 9.5, 2.5], "texture": "#0"}
			}
		},
		{
			"name": "leg3",
			"from": [11.001, 15.5, 0.25],
			"to": [14.001, 18.5, 4.25],
			"rotation": {"angle": 0, "axis": "x", "origin": [0, 13, 0]},
			"faces": {
				"north": {"uv": [9.83333, 0.75, 9.45833, 1.5], "rotation": 180, "texture": "#0"},
				"east": {"uv": [8.125, 1.75, 8.5, 2.75], "rotation": 270, "texture": "#0"},
				"south": {"uv": [9.16667, 1.5, 8.79167, 0.75], "texture": "#0"},
				"west": {"uv": [9.45833, 1.75, 9.83333, 2.75], "rotation": 90, "texture": "#0"},
				"up": {"uv": [8.79167, 1.75, 9.16667, 2.75], "rotation": 180, "texture": "#0"},
				"down": {"uv": [8.75, 1.25, 9.125, 2.25], "texture": "#0"}
			}
		},
		{
			"name": "leg4",
			"from": [1.999, 15.5, 0],
			"to": [4.999, 18.5, 4],
			"rotation": {"angle": 0, "axis": "x", "origin": [0, 13, 0]},
			"faces": {
				"north": {"uv": [9.83333, 0.75, 9.45833, 1.5], "rotation": 180, "texture": "#0"},
				"east": {"uv": [8.125, 1.75, 8.5, 2.75], "rotation": 270, "texture": "#0"},
				"south": {"uv": [9.16667, 1.5, 8.79167, 0.75], "texture": "#0"},
				"west": {"uv": [9.45833, 1.75, 9.83333, 2.75], "rotation": 90, "texture": "#0"},
				"up": {"uv": [8.79167, 1.75, 9.16667, 2.75], "rotation": 180, "texture": "#0"},
				"down": {"uv": [9.125, 1.5, 9.5, 2.5], "texture": "#0"}
			}
		}
	],
	"display": {
		"gui": {
			"rotation": [25, 150, 0],
			"translation": [0, -3, 0],
			"scale": [0.44, 0.44, 0.44]
		},
		"head": {
			"translation": [0, 10.5, -0.75],
			"scale": [0.6, 0.6, 0.6]
		}
	},
	"groups": [
		{
			"name": "head",
			"origin": [1, 7.5, -3],
			"color": 0,
			"children": [
				0,
				1,
				2,
				3,
				{
					"name": "bone",
					"origin": [5.5, 13.5, -5],
					"color": 0,
					"children": [4]
				},
				{
					"name": "bone2",
					"origin": [-5.5, 13.5, -5],
					"color": 0,
					"children": [5]
				}
			]
		},
		{
			"name": "body",
			"origin": [0, 16.5, 3.5],
			"color": 0,
			"children": [
				{
					"name": "body_rotation",
					"origin": [0, 7.5, 3],
					"color": 0,
					"children": [6, 7, 8, 9]
				}
			]
		},
		{
			"name": "leg1",
			"origin": [5, 6.5, 7],
			"color": 0,
			"children": [10, 11]
		},
		{
			"name": "leg2",
			"origin": [1, 6.5, 7],
			"color": 0,
			"children": [12, 13]
		},
		{
			"name": "leg3",
			"origin": [5, 6.5, 0],
			"color": 0,
			"children": [14]
		},
		{
			"name": "leg4",
			"origin": [1, 6.5, 0],
			"color": 0,
			"children": [15]
		},
		{
			"name": "tail",
			"origin": [4, 11, 10],
			"color": 0,
			"children": [
				{
					"name": "tail_rotation",
					"origin": [0, 8.5, 11.5],
					"color": 0,
					"children": []
				}
			]
		}
	]
}