{
	"credit": "Made with Blockbench",
	"texture_size": [64, 64],
	"textures": {
		"0": "item/cosmetics/hats/soloma",
		"particle": "item/cosmetics/hats/soloma"
	},
	"elements": [
		{
			"from": [2, 0, 2],
			"to": [14, 1, 14],
			"faces": {
				"north": {"uv": [5.25, 2.25, 8.25, 2.5], "texture": "#0"},
				"east": {"uv": [5.25, 2.5, 8.25, 2.75], "texture": "#0"},
				"south": {"uv": [5.25, 2.75, 8.25, 3], "texture": "#0"},
				"west": {"uv": [3, 5.25, 6, 5.5], "texture": "#0"},
				"up": {"uv": [3, 3, 0, 0], "texture": "#0"},
				"down": {"uv": [3, 3, 0, 6], "texture": "#0"}
			}
		},
		{
			"from": [3.5, 1, 3.5],
			"to": [12.5, 4, 12.5],
			"faces": {
				"north": {"uv": [3, 4.5, 5.25, 5.25], "texture": "#0"},
				"east": {"uv": [5.25, 0, 7.5, 0.75], "texture": "#0"},
				"south": {"uv": [5.25, 0.75, 7.5, 1.5], "texture": "#0"},
				"west": {"uv": [5.25, 1.5, 7.5, 2.25], "texture": "#0"},
				"up": {"uv": [5.25, 2.25, 3, 0], "texture": "#0"},
				"down": {"uv": [5.25, 2.25, 3, 4.5], "texture": "#0"}
			}
		}
	],
	"display": {
		"gui": {
			"rotation": [30, 45, 0],
			"translation": [0, 2, 0],
			"scale": [0.9, 0.9, 0.9]
		},
		"head": {
			"translation": [0, 16, -0.5],
			"scale": [1.24, 1.24, 1.24]
		}
	}
}