{
	"credit": "Made by SwitchedCube",
	"texture_size": [64, 64],
	"textures": {
		"1": "item/cosmetics/hats/tuff_golem",
		"particle": "item/cosmetics/hats/tuff_golem"
	},
	"elements": [
		{
			"name": "body",
			"from": [4, 6, 9],
			"to": [12, 12, 15],
			"faces": {
				"north": {"uv": [1.5, 5.5, 3.5, 7], "texture": "#1"},
				"east": {"uv": [0, 5.5, 1.5, 7], "texture": "#1"},
				"south": {"uv": [5, 5.5, 7, 7], "texture": "#1"},
				"west": {"uv": [3.5, 5.5, 5, 7], "texture": "#1"},
				"up": {"uv": [3.5, 5.5, 1.5, 4], "texture": "#1"},
				"down": {"uv": [5.5, 4, 3.5, 5.5], "texture": "#1"}
			}
		},
		{
			"name": "body",
			"from": [12, 8, 5],
			"to": [16, 12, 15],
			"faces": {
				"north": {"uv": [11, 0, 10, 1], "rotation": 180, "texture": "#1"},
				"east": {"uv": [8, 1, 9, 3.5], "rotation": 270, "texture": "#1"},
				"south": {"uv": [10, 1, 9, 0], "texture": "#1"},
				"west": {"uv": [10, 1, 11, 3.5], "rotation": 90, "texture": "#1"},
				"up": {"uv": [9, 1, 10, 3.5], "rotation": 180, "texture": "#1"},
				"down": {"uv": [11, 1, 12, 3.5], "texture": "#1"}
			}
		},
		{
			"name": "body",
			"from": [0, 8, 5],
			"to": [4, 12, 15],
			"faces": {
				"north": {"uv": [9, 6, 8, 7], "rotation": 180, "texture": "#1"},
				"east": {"uv": [6, 7, 7, 9.5], "rotation": 270, "texture": "#1"},
				"south": {"uv": [8, 7, 7, 6], "texture": "#1"},
				"west": {"uv": [8, 7, 9, 9.5], "rotation": 90, "texture": "#1"},
				"up": {"uv": [7, 7, 8, 9.5], "rotation": 180, "texture": "#1"},
				"down": {"uv": [9, 7, 10, 9.5], "texture": "#1"}
			}
		},
		{
			"name": "bone",
			"from": [3, 7.5, -0.9],
			"to": [13, 11.5, 15.1],
			"faces": {
				"north": {"uv": [5.5, 15, 8, 16], "texture": "#1"},
				"east": {"uv": [7.5, 12.75, 7.75, 14.75], "texture": "#1"},
				"south": {"uv": [5.5, 15, 8, 16], "texture": "#1"},
				"west": {"uv": [7.5, 12.75, 7.75, 14.75], "texture": "#1"},
				"up": {"uv": [7, 13, 4.5, 13], "texture": "#1"},
				"down": {"uv": [7.25, 13.5, 4.75, 13.5], "texture": "#1"}
			}
		},
		{
			"name": "head",
			"from": [4, 11, 8],
			"to": [12, 19, 16],
			"faces": {
				"north": {"uv": [2, 2, 4, 4], "texture": "#1"},
				"east": {"uv": [0, 2, 2, 4], "texture": "#1"},
				"south": {"uv": [6, 2, 8, 4], "texture": "#1"},
				"west": {"uv": [4, 2, 6, 4], "texture": "#1"},
				"up": {"uv": [4, 2, 2, 0], "texture": "#1"},
				"down": {"uv": [6, 0, 4, 2], "texture": "#1"}
			}
		},
		{
			"name": "head",
			"from": [7, 11, 6],
			"to": [9, 14, 8],
			"faces": {
				"north": {"uv": [0.5, 0.5, 1, 1.25], "texture": "#1"},
				"east": {"uv": [0, 0.5, 0.5, 1.25], "texture": "#1"},
				"south": {"uv": [1.5, 0.5, 2, 1.25], "texture": "#1"},
				"west": {"uv": [1, 0.5, 1.5, 1.25], "texture": "#1"},
				"up": {"uv": [1, 0.5, 0.5, 0], "texture": "#1"},
				"down": {"uv": [1.5, 0, 1, 0.5], "texture": "#1"}
			}
		},
		{
			"name": "leg3",
			"from": [8, 2, 7],
			"to": [12, 6, 14],
			"faces": {
				"north": {"uv": [12, 8.5, 11, 9.5], "rotation": 180, "texture": "#1"},
				"east": {"uv": [9, 9, 10, 10.75], "rotation": 270, "texture": "#1"},
				"south": {"uv": [11, 9.5, 10, 8.5], "texture": "#1"},
				"west": {"uv": [11, 9, 12, 10.75], "rotation": 90, "texture": "#1"},
				"up": {"uv": [10, 9, 11, 10.75], "rotation": 180, "texture": "#1"},
				"down": {"uv": [12, 9.25, 13, 11], "texture": "#1"}
			}
		},
		{
			"name": "leg4",
			"from": [4, 2, 7],
			"to": [8, 6, 14],
			"faces": {
				"north": {"uv": [10, 3.5, 9, 4.5], "rotation": 180, "texture": "#1"},
				"east": {"uv": [7, 4, 8, 6.25], "rotation": 270, "texture": "#1"},
				"south": {"uv": [9, 4.5, 8, 3.5], "texture": "#1"},
				"west": {"uv": [9, 4, 10, 5.75], "rotation": 90, "texture": "#1"},
				"up": {"uv": [8, 4, 9, 5.75], "rotation": 180, "texture": "#1"},
				"down": {"uv": [10, 4, 11, 5.75], "texture": "#1"}
			}
		}
	],
	"display": {
		"gui": {
			"rotation": [23, 150, 0],
			"translation": [-0.5, -2.5, 0],
			"scale": [0.71, 0.71, 0.71]
		},
		"head": {
			"translation": [0, 9.75, -0.75]
		}
	},
	"groups": [
		{
			"name": "body",
			"origin": [0, 13, 2],
			"color": 0,
			"children": [
				0,
				1,
				2,
				{
					"name": "bone",
					"origin": [0, 28.5, 1.1],
					"color": 0,
					"children": [3]
				}
			]
		},
		{
			"name": "head",
			"origin": [0, 12, -6],
			"color": 0,
			"children": [4, 5]
		},
		{
			"name": "leg1",
			"origin": [3, 6, 7],
			"color": 0,
			"children": []
		},
		{
			"name": "leg2",
			"origin": [-3, 6, 7],
			"color": 0,
			"children": []
		},
		{
			"name": "leg3",
			"origin": [3, 6, -5],
			"color": 0,
			"children": [6]
		},
		{
			"name": "leg4",
			"origin": [-3, 6, -5],
			"color": 0,
			"children": [7]
		}
	]
}