{
	"credit": "Made with Blockbench",
	"texture_size": [64, 64],
	"textures": {
		"0": "item/cosmetics/hats/ushki",
		"particle": "item/cosmetics/hats/ushki"
	},
	"elements": [
		{
			"from": [0, 0, 7],
			"to": [16, 1, 9],
			"faces": {
				"north": {"uv": [5, 5, 9, 5.25], "texture": "#0"},
				"east": {"uv": [6.25, 3.25, 6.75, 3.5], "texture": "#0"},
				"south": {"uv": [5, 5.25, 9, 5.5], "texture": "#0"},
				"west": {"uv": [6.25, 3.5, 6.75, 3.75], "texture": "#0"},
				"up": {"uv": [4, 3.25, 0, 2.75], "texture": "#0"},
				"down": {"uv": [7, 0, 3, 0.5], "texture": "#0"}
			}
		},
		{
			"from": [15, -9, 7],
			"to": [16, 0, 9],
			"faces": {
				"north": {"uv": [0.5, 6, 0.75, 8.25], "texture": "#0"},
				"east": {"uv": [3, 0.5, 3.5, 2.75], "texture": "#0"},
				"south": {"uv": [6, 0.5, 6.25, 2.75], "texture": "#0"},
				"west": {"uv": [3.5, 0.5, 4, 2.75], "texture": "#0"},
				"up": {"uv": [6.5, 4.25, 6.25, 3.75], "texture": "#0"},
				"down": {"uv": [6.5, 4.25, 6.25, 4.75], "texture": "#0"}
			}
		},
		{
			"from": [0, -9, 7],
			"to": [1, 0, 9],
			"faces": {
				"north": {"uv": [0.75, 6, 1, 8.25], "texture": "#0"},
				"east": {"uv": [5, 0.5, 5.5, 2.75], "texture": "#0"},
				"south": {"uv": [1, 6, 1.25, 8.25], "texture": "#0"},
				"west": {"uv": [5, 2.75, 5.5, 5], "texture": "#0"},
				"up": {"uv": [1.5, 7, 1.25, 6.5], "texture": "#0"},
				"down": {"uv": [1.75, 6.5, 1.5, 7], "texture": "#0"}
			}
		},
		{
			"from": [2, 1, 7.5],
			"to": [5, 12, 9],
			"faces": {
				"north": {"uv": [0, 0, 0.75, 2.75], "texture": "#0"},
				"east": {"uv": [0, 3.25, 0.5, 6], "texture": "#0"},
				"south": {"uv": [0.75, 0, 1.5, 2.75], "texture": "#0"},
				"west": {"uv": [0.5, 3.25, 1, 6], "texture": "#0"},
				"up": {"uv": [6.25, 3.75, 5.5, 3.25], "texture": "#0"},
				"down": {"uv": [6.25, 3.75, 5.5, 4.25], "texture": "#0"}
			}
		},
		{
			"from": [11.25, 12, 7.25],
			"to": [13.75, 13, 9],
			"faces": {
				"north": {"uv": [5.5, 4.75, 6.25, 5], "texture": "#0"},
				"east": {"uv": [6.25, 4.75, 6.75, 5], "texture": "#0"},
				"south": {"uv": [6.25, 1, 7, 1.25], "texture": "#0"},
				"west": {"uv": [3.75, 6.5, 4.25, 6.75], "texture": "#0"},
				"up": {"uv": [2.75, 6.5, 2, 6], "texture": "#0"},
				"down": {"uv": [3.5, 6, 2.75, 6.5], "texture": "#0"}
			}
		},
		{
			"from": [2.25, 12, 7.25],
			"to": [4.75, 13, 9],
			"faces": {
				"north": {"uv": [6.25, 1.25, 7, 1.5], "texture": "#0"},
				"east": {"uv": [6.5, 3.75, 7, 4], "texture": "#0"},
				"south": {"uv": [6.25, 1.5, 7, 1.75], "texture": "#0"},
				"west": {"uv": [6.5, 4, 7, 4.25], "texture": "#0"},
				"up": {"uv": [6.75, 3.25, 6, 2.75], "texture": "#0"},
				"down": {"uv": [4.25, 6, 3.5, 6.5], "texture": "#0"}
			}
		},
		{
			"from": [11, 1, 7.5],
			"to": [14, 12, 9],
			"faces": {
				"north": {"uv": [1.5, 0, 2.25, 2.75], "texture": "#0"},
				"east": {"uv": [1, 3.25, 1.5, 6], "texture": "#0"},
				"south": {"uv": [2.25, 0, 3, 2.75], "texture": "#0"},
				"west": {"uv": [1.5, 3.25, 2, 6], "texture": "#0"},
				"up": {"uv": [6.25, 4.75, 5.5, 4.25], "texture": "#0"},
				"down": {"uv": [2, 6, 1.25, 6.5], "texture": "#0"}
			}
		},
		{
			"from": [14, 1, 7],
			"to": [14.5, 12, 8.75],
			"faces": {
				"north": {"uv": [5.5, 0.5, 5.75, 3.25], "texture": "#0"},
				"east": {"uv": [2, 3.25, 2.5, 6], "texture": "#0"},
				"south": {"uv": [5, 5.5, 5.25, 8.25], "texture": "#0"},
				"west": {"uv": [2.5, 3.25, 3, 6], "texture": "#0"},
				"up": {"uv": [2, 7, 1.75, 6.5], "texture": "#0"},
				"down": {"uv": [2.25, 6.5, 2, 7], "texture": "#0"}
			}
		},
		{
			"from": [10.5, 1, 7],
			"to": [11, 12, 8.75],
			"faces": {
				"north": {"uv": [5.25, 5.5, 5.5, 8.25], "texture": "#0"},
				"east": {"uv": [3, 3.25, 3.5, 6], "texture": "#0"},
				"south": {"uv": [5.5, 5.5, 5.75, 8.25], "texture": "#0"},
				"west": {"uv": [3.5, 3.25, 4, 6], "texture": "#0"},
				"up": {"uv": [2.5, 7, 2.25, 6.5], "texture": "#0"},
				"down": {"uv": [2.75, 6.5, 2.5, 7], "texture": "#0"}
			}
		},
		{
			"from": [10.75, 12, 7],
			"to": [11.25, 13.25, 8.75],
			"faces": {
				"north": {"uv": [7, 1.25, 7.25, 1.5], "texture": "#0"},
				"east": {"uv": [4.25, 6.5, 4.75, 6.75], "texture": "#0"},
				"south": {"uv": [7, 1.5, 7.25, 1.75], "texture": "#0"},
				"west": {"uv": [6.5, 4.25, 7, 4.5], "texture": "#0"},
				"up": {"uv": [5, 7, 4.75, 6.5], "texture": "#0"},
				"down": {"uv": [6.25, 6.5, 6, 7], "texture": "#0"}
			}
		},
		{
			"from": [13.75, 12, 7],
			"to": [14.25, 13.25, 8.75],
			"faces": {
				"north": {"uv": [1.75, 7, 2, 7.25], "texture": "#0"},
				"east": {"uv": [6.5, 4.5, 7, 4.75], "texture": "#0"},
				"south": {"uv": [7, 1.75, 7.25, 2], "texture": "#0"},
				"west": {"uv": [6.25, 6.5, 6.75, 6.75], "texture": "#0"},
				"up": {"uv": [7, 3.25, 6.75, 2.75], "texture": "#0"},
				"down": {"uv": [7, 3.25, 6.75, 3.75], "texture": "#0"}
			}
		},
		{
			"from": [11.25, 13, 7],
			"to": [13.75, 13.5, 8.75],
			"faces": {
				"north": {"uv": [6.25, 1.75, 7, 2], "texture": "#0"},
				"east": {"uv": [7, 0.5, 7.5, 0.75], "texture": "#0"},
				"south": {"uv": [6.25, 2, 7, 2.25], "texture": "#0"},
				"west": {"uv": [7, 0.75, 7.5, 1], "texture": "#0"},
				"up": {"uv": [5, 6.5, 4.25, 6], "texture": "#0"},
				"down": {"uv": [6.75, 5.5, 6, 6], "texture": "#0"}
			}
		},
		{
			"from": [2.25, 13, 7],
			"to": [4.75, 13.5, 8.75],
			"faces": {
				"north": {"uv": [6.25, 2.25, 7, 2.5], "texture": "#0"},
				"east": {"uv": [7, 1, 7.5, 1.25], "texture": "#0"},
				"south": {"uv": [6.25, 2.5, 7, 2.75], "texture": "#0"},
				"west": {"uv": [1.25, 7, 1.75, 7.25], "texture": "#0"},
				"up": {"uv": [6.75, 6.5, 6, 6], "texture": "#0"},
				"down": {"uv": [7, 0.5, 6.25, 1], "texture": "#0"}
			}
		},
		{
			"from": [4.75, 12, 7],
			"to": [5.25, 13.25, 8.75],
			"faces": {
				"north": {"uv": [2, 7, 2.25, 7.25], "texture": "#0"},
				"east": {"uv": [3.75, 6.75, 4.25, 7], "texture": "#0"},
				"south": {"uv": [7, 2, 7.25, 2.25], "texture": "#0"},
				"west": {"uv": [4.25, 6.75, 4.75, 7], "texture": "#0"},
				"up": {"uv": [7, 6, 6.75, 5.5], "texture": "#0"},
				"down": {"uv": [7, 6, 6.75, 6.5], "texture": "#0"}
			}
		},
		{
			"from": [1.75, 12, 7],
			"to": [2.25, 13.25, 8.75],
			"faces": {
				"north": {"uv": [2.25, 7, 2.5, 7.25], "texture": "#0"},
				"east": {"uv": [6.75, 4.75, 7.25, 5], "texture": "#0"},
				"south": {"uv": [7, 2.25, 7.25, 2.5], "texture": "#0"},
				"west": {"uv": [6.25, 6.75, 6.75, 7], "texture": "#0"},
				"up": {"uv": [7, 7, 6.75, 6.5], "texture": "#0"},
				"down": {"uv": [7.25, 0, 7, 0.5], "texture": "#0"}
			}
		},
		{
			"from": [5, 1, 7],
			"to": [5.5, 12, 8.75],
			"faces": {
				"north": {"uv": [5.75, 0.5, 6, 3.25], "texture": "#0"},
				"east": {"uv": [4, 0.5, 4.5, 3.25], "texture": "#0"},
				"south": {"uv": [5.75, 5.5, 6, 8.25], "texture": "#0"},
				"west": {"uv": [4, 3.25, 4.5, 6], "texture": "#0"},
				"up": {"uv": [3, 7, 2.75, 6.5], "texture": "#0"},
				"down": {"uv": [3.25, 6.5, 3, 7], "texture": "#0"}
			}
		},
		{
			"from": [1.5, 1, 7],
			"to": [2, 12, 8.75],
			"faces": {
				"north": {"uv": [0, 6, 0.25, 8.75], "texture": "#0"},
				"east": {"uv": [4.5, 0.5, 5, 3.25], "texture": "#0"},
				"south": {"uv": [0.25, 6, 0.5, 8.75], "texture": "#0"},
				"west": {"uv": [4.5, 3.25, 5, 6], "texture": "#0"},
				"up": {"uv": [3.5, 7, 3.25, 6.5], "texture": "#0"},
				"down": {"uv": [3.75, 6.5, 3.5, 7], "texture": "#0"}
			}
		}
	],
	"display": {
		"gui": {
			"rotation": [30, 163, 0],
			"translation": [0, 3.5, 0],
			"scale": [0.66, 0.66, 0.66]
		},
		"head": {
			"translation": [-0.25, 14.25, 0],
			"scale": [0.98, 0.98, 0.98]
		}
	}
}