{
	"credit": "Made with Blockbench",
	"texture_size": [32, 32],
	"textures": {
		"1": "item/cosmetics/hats/vertolet"
	},
	"elements": [
		{
			"from": [6, 0, 2],
			"to": [7, 0.5, 7],
			"faces": {
				"north": {"uv": [5.5, 11, 6, 11.5], "texture": "#1"},
				"east": {"uv": [11, 12, 13.5, 12.5], "texture": "#1"},
				"south": {"uv": [13, 13.5, 13.5, 14], "texture": "#1"},
				"west": {"uv": [12, 11, 14.5, 11.5], "texture": "#1"},
				"up": {"uv": [9, 14, 8.5, 11.5], "texture": "#1"},
				"down": {"uv": [13, 0, 12.5, 2.5], "texture": "#1"}
			}
		},
		{
			"from": [9, 0, 2],
			"to": [10, 0.5, 7],
			"faces": {
				"north": {"uv": [13.5, 13, 14, 13.5], "texture": "#1"},
				"east": {"uv": [12, 11.5, 14.5, 12], "texture": "#1"},
				"south": {"uv": [13.5, 13.5, 14, 14], "texture": "#1"},
				"west": {"uv": [12.5, 2.5, 15, 3], "texture": "#1"},
				"up": {"uv": [3.5, 15, 3, 12.5], "texture": "#1"},
				"down": {"uv": [4, 12.5, 3.5, 15], "texture": "#1"}
			}
		},
		{
			"from": [9, 0.5, 6],
			"to": [10, 1.5, 6.5],
			"faces": {
				"north": {"uv": [14, 0, 14.5, 0.5], "texture": "#1"},
				"east": {"uv": [14, 0.5, 14.5, 1], "texture": "#1"},
				"south": {"uv": [14, 1.5, 14.5, 2], "texture": "#1"},
				"west": {"uv": [2, 14, 2.5, 14.5], "texture": "#1"},
				"up": {"uv": [14.5, 2.5, 14, 2], "texture": "#1"},
				"down": {"uv": [3, 14, 2.5, 14.5], "texture": "#1"}
			}
		},
		{
			"from": [9, 0.5, 2.5],
			"to": [10, 1.5, 3],
			"faces": {
				"north": {"uv": [14.5, 4.5, 15, 5], "texture": "#1"},
				"east": {"uv": [5, 14.5, 5.5, 15], "texture": "#1"},
				"south": {"uv": [5.5, 14.5, 6, 15], "texture": "#1"},
				"west": {"uv": [6, 14.5, 6.5, 15], "texture": "#1"},
				"up": {"uv": [7, 15, 6.5, 14.5], "texture": "#1"},
				"down": {"uv": [7.5, 14.5, 7, 15], "texture": "#1"}
			}
		},
		{
			"from": [6, 0.5, 2.5],
			"to": [7, 1.5, 3],
			"faces": {
				"north": {"uv": [14, 3.5, 14.5, 4], "texture": "#1"},
				"east": {"uv": [14, 4.5, 14.5, 5], "texture": "#1"},
				"south": {"uv": [5.5, 14, 6, 14.5], "texture": "#1"},
				"west": {"uv": [6, 14, 6.5, 14.5], "texture": "#1"},
				"up": {"uv": [7, 14.5, 6.5, 14], "texture": "#1"},
				"down": {"uv": [7.5, 14, 7, 14.5], "texture": "#1"}
			}
		},
		{
			"from": [6, 0.5, 6],
			"to": [7, 1.5, 6.5],
			"faces": {
				"north": {"uv": [1.5, 14.5, 2, 15], "texture": "#1"},
				"east": {"uv": [14.5, 1.5, 15, 2], "texture": "#1"},
				"south": {"uv": [2, 14.5, 2.5, 15], "texture": "#1"},
				"west": {"uv": [14.5, 2, 15, 2.5], "texture": "#1"},
				"up": {"uv": [3, 15, 2.5, 14.5], "texture": "#1"},
				"down": {"uv": [15, 3.5, 14.5, 4], "texture": "#1"}
			}
		},
		{
			"from": [5, 1.5, 1],
			"to": [11, 6.5, 8],
			"faces": {
				"north": {"uv": [6, 5, 9, 7.5], "texture": "#1"},
				"east": {"uv": [6, 0, 9.5, 2.5], "texture": "#1"},
				"south": {"uv": [0, 6.5, 3, 9], "texture": "#1"},
				"west": {"uv": [6, 2.5, 9.5, 5], "texture": "#1"},
				"up": {"uv": [3, 3.5, 0, 0], "texture": "#1"},
				"down": {"uv": [6, 0, 3, 3.5], "texture": "#1"}
			}
		},
		{
			"from": [7, 2, 8],
			"to": [9, 6.75, 10],
			"faces": {
				"north": {"uv": [9, 10, 10, 12.5], "texture": "#1"},
				"east": {"uv": [10, 10, 11, 12.5], "texture": "#1"},
				"south": {"uv": [1, 11, 2, 13.5], "texture": "#1"},
				"west": {"uv": [2, 11, 3, 13.5], "texture": "#1"},
				"up": {"uv": [13.5, 13.5, 12.5, 12.5], "texture": "#1"},
				"down": {"uv": [14, 0, 13, 1], "texture": "#1"}
			}
		},
		{
			"from": [6.5, 2.25, 8],
			"to": [9.5, 6.5, 8.5],
			"faces": {
				"north": {"uv": [6, 9.5, 7.5, 11.5], "texture": "#1"},
				"east": {"uv": [2.5, 9, 3, 11], "texture": "#1"},
				"south": {"uv": [7.5, 9.5, 9, 11.5], "texture": "#1"},
				"west": {"uv": [4.5, 13, 5, 15], "texture": "#1"},
				"up": {"uv": [14, 5, 12.5, 4.5], "texture": "#1"},
				"down": {"uv": [15, 1, 13.5, 1.5], "texture": "#1"}
			}
		},
		{
			"from": [7.25, 2.25, 10],
			"to": [8.75, 6.25, 12.5],
			"faces": {
				"north": {"uv": [5.5, 11.5, 6.5, 13.5], "texture": "#1"},
				"east": {"uv": [1, 9, 2.5, 11], "texture": "#1"},
				"south": {"uv": [6.5, 11.5, 7.5, 13.5], "texture": "#1"},
				"west": {"uv": [9.5, 2, 11, 4], "texture": "#1"},
				"up": {"uv": [8.5, 13, 7.5, 11.5], "texture": "#1"},
				"down": {"uv": [13, 9.5, 12, 11], "texture": "#1"}
			}
		},
		{
			"from": [7.5, 2.5, 12.5],
			"to": [8.5, 5.75, 15],
			"faces": {
				"north": {"uv": [13, 1, 13.5, 2.5], "texture": "#1"},
				"east": {"uv": [11, 2, 12.5, 3.5], "texture": "#1"},
				"south": {"uv": [5, 13, 5.5, 14.5], "texture": "#1"},
				"west": {"uv": [3, 11, 4.5, 12.5], "texture": "#1"},
				"up": {"uv": [8, 14.5, 7.5, 13], "texture": "#1"},
				"down": {"uv": [8.5, 13, 8, 14.5], "texture": "#1"}
			}
		},
		{
			"from": [7.5, 2.75, 15],
			"to": [8.5, 7.25, 17.5],
			"faces": {
				"north": {"uv": [4, 12.5, 4.5, 15], "texture": "#1"},
				"east": {"uv": [3, 8.5, 4.5, 11], "texture": "#1"},
				"south": {"uv": [9, 12.5, 9.5, 15], "texture": "#1"},
				"west": {"uv": [4.5, 8.5, 6, 11], "texture": "#1"},
				"up": {"uv": [13.5, 11, 13, 9.5], "texture": "#1"},
				"down": {"uv": [1.5, 13.5, 1, 15], "texture": "#1"}
			}
		},
		{
			"from": [7.5, 7.25, 15.75],
			"to": [8.5, 8.5, 17.5],
			"faces": {
				"north": {"uv": [14.5, 11, 15, 11.5], "texture": "#1"},
				"east": {"uv": [13.5, 10, 14.5, 10.5], "texture": "#1"},
				"south": {"uv": [14.5, 11.5, 15, 12], "texture": "#1"},
				"west": {"uv": [13.5, 10.5, 14.5, 11], "texture": "#1"},
				"up": {"uv": [14, 13, 13.5, 12], "texture": "#1"},
				"down": {"uv": [13, 13.5, 12.5, 14.5], "texture": "#1"}
			}
		},
		{
			"from": [7.25, 3.5, 15.75],
			"to": [9.5, 4.5, 16.75],
			"faces": {
				"north": {"uv": [2, 13.5, 3, 14], "texture": "#1"},
				"east": {"uv": [7.5, 14.5, 8, 15], "texture": "#1"},
				"south": {"uv": [5.5, 13.5, 6.5, 14], "texture": "#1"},
				"west": {"uv": [8, 14.5, 8.5, 15], "texture": "#1"},
				"up": {"uv": [7.5, 14, 6.5, 13.5], "texture": "#1"},
				"down": {"uv": [14.5, 9.5, 13.5, 10], "texture": "#1"}
			}
		},
		{
			"from": [9.5, 1.5, 15.75],
			"to": [9.75, 6.5, 16.75],
			"faces": {
				"north": {"uv": [9.5, 12.5, 10, 15], "texture": "#1"},
				"east": {"uv": [10, 12.5, 10.5, 15], "texture": "#1"},
				"south": {"uv": [10.5, 12.5, 11, 15], "texture": "#1"},
				"west": {"uv": [11, 12.5, 11.5, 15], "texture": "#1"},
				"up": {"uv": [9, 15, 8.5, 14.5], "texture": "#1"},
				"down": {"uv": [15, 9.5, 14.5, 10], "texture": "#1"}
			}
		},
		{
			"from": [9.75, 3.5, 13.75],
			"to": [10, 4.5, 18.75],
			"faces": {
				"north": {"uv": [14.5, 10, 15, 10.5], "texture": "#1"},
				"east": {"uv": [12.5, 3, 15, 3.5], "texture": "#1"},
				"south": {"uv": [14.5, 10.5, 15, 11], "texture": "#1"},
				"west": {"uv": [12.5, 4, 15, 4.5], "texture": "#1"},
				"up": {"uv": [12, 15, 11.5, 12.5], "texture": "#1"},
				"down": {"uv": [12.5, 12.5, 12, 15], "texture": "#1"}
			}
		},
		{
			"from": [5, 1.5, 0.5],
			"to": [11, 3, 1],
			"faces": {
				"north": {"uv": [9.5, 0, 12.5, 1], "texture": "#1"},
				"east": {"uv": [1.5, 13.5, 2, 14.5], "texture": "#1"},
				"south": {"uv": [9.5, 1, 12.5, 2], "texture": "#1"},
				"west": {"uv": [13.5, 1.5, 14, 2.5], "texture": "#1"},
				"up": {"uv": [15, 9, 12, 8.5], "texture": "#1"},
				"down": {"uv": [15, 9, 12, 9.5], "texture": "#1"}
			}
		},
		{
			"from": [4.9, 3, 0.9],
			"to": [11.1, 6.6, 3],
			"faces": {
				"north": {"uv": [3, 6.5, 6, 8.5], "texture": "#1"},
				"east": {"uv": [4.5, 11, 5.5, 13], "texture": "#1"},
				"south": {"uv": [6, 7.5, 9, 9.5], "texture": "#1"},
				"west": {"uv": [11, 10, 12, 12], "texture": "#1"},
				"up": {"uv": [12, 9, 9, 8], "texture": "#1"},
				"down": {"uv": [12, 9, 9, 10], "texture": "#1"}
			}
		},
		{
			"from": [5, 6.5, 2],
			"to": [11, 7, 8],
			"faces": {
				"north": {"uv": [9.5, 4, 12.5, 4.5], "texture": "#1"},
				"east": {"uv": [9.5, 4.5, 12.5, 5], "texture": "#1"},
				"south": {"uv": [11, 3.5, 14, 4], "texture": "#1"},
				"west": {"uv": [12, 8, 15, 8.5], "texture": "#1"},
				"up": {"uv": [3, 6.5, 0, 3.5], "texture": "#1"},
				"down": {"uv": [6, 3.5, 3, 6.5], "texture": "#1"}
			}
		},
		{
			"from": [7.5, 6.75, 4.25],
			"to": [8.5, 7.75, 5.25],
			"faces": {
				"north": {"uv": [8.5, 14, 9, 14.5], "texture": "#1"},
				"east": {"uv": [14, 12, 14.5, 12.5], "texture": "#1"},
				"south": {"uv": [14, 12.5, 14.5, 13], "texture": "#1"},
				"west": {"uv": [13, 14, 13.5, 14.5], "texture": "#1"},
				"up": {"uv": [14.5, 13.5, 14, 13], "texture": "#1"},
				"down": {"uv": [14, 14, 13.5, 14.5], "texture": "#1"}
			}
		},
		{
			"from": [1.5, 7.75, 4.25],
			"to": [14.5, 8, 5.25],
			"faces": {
				"north": {"uv": [9, 5, 15.5, 5.5], "texture": "#1"},
				"east": {"uv": [14, 13.5, 14.5, 14], "texture": "#1"},
				"south": {"uv": [9, 5.5, 15.5, 6], "texture": "#1"},
				"west": {"uv": [14, 14, 14.5, 14.5], "texture": "#1"},
				"up": {"uv": [15.5, 6.5, 9, 6], "texture": "#1"},
				"down": {"uv": [15.5, 6.5, 9, 7], "texture": "#1"}
			}
		},
		{
			"from": [7.25, 8, -1.5],
			"to": [8.25, 8.25, 11.5],
			"faces": {
				"north": {"uv": [14.5, 0, 15, 0.5], "texture": "#1"},
				"east": {"uv": [9, 7, 15.5, 7.5], "texture": "#1"},
				"south": {"uv": [14.5, 0.5, 15, 1], "texture": "#1"},
				"west": {"uv": [9, 7.5, 15.5, 8], "texture": "#1"},
				"up": {"uv": [0.5, 15.5, 0, 9], "texture": "#1"},
				"down": {"uv": [1, 9, 0.5, 15.5], "texture": "#1"}
			}
		}
	],
	"display": {
		"gui": {
			"rotation": [30, 131, 0],
			"translation": [0, 2.25, 0],
			"scale": [0.94, 0.94, 0.94]
		},
		"head": {
			"translation": [0, 18.5, 4],
			"scale": [1.5, 1.5, 1.5]
		}
	}
}