{
	"credit": "Made with Blockbench",
	"textures": {
		"0": "item/gui/equip_gui_knifes",
		"particle": "gui/equip_gui_knifes"
	},
	"elements": [
		{
			"from": [-16, 0, 15.9375],
			"to": [32, 16, 16],
			"faces": {
				"north": {"uv": [16, 16, 0, 0], "rotation": 180, "texture": "#0"},
				"south": {"uv": [0, 0, 16, 16], "texture": "#0"}
			}
		}
	],
	"gui_light": "front",
	"display": {
		"ground": {
			"scale": [0, 0, 0]
		},
		"gui": {
			"translation": [17.75, 0, 0],
			"scale": [1.12, 1.12, 1]
		}
	}
}