{
	"credit": "Made with Blockbench",
	"textures": {
		"0": "item/gui/options_gui_empty",
		"1": "item/iron_sword",
		"particle": "gui/options_gui_empty"
	},
	"elements": [
		{
			"from": [-1, -1, 0],
			"to": [17, 17, 0.0625],
			"faces": {
				"north": {"uv": [16, 16, 0, 0.1875], "rotation": 180, "texture": "#0"},
				"south": {"uv": [0, 0.1875, 16, 16], "texture": "#0"}
			}
		},
		{
			"from": [0, 0, 0.01],
			"to": [16, 16, 0.0725],
			"faces": {
				"north": {"uv": [16, 16, 0, 0.1875], "rotation": 180, "texture": "#0"},
				"south": {"uv": [0, 0.1875, 16, 16], "texture": "#1"}
			}
		}
	],
	"gui_light": "front",
	"display": {
		"ground": {
			"scale": [0, 0, 0]
		}
	}
}