{
	"credit": "Made with Blockbench",
	"textures": {
		"0": "item/gui/trash_gui",
		"particle": "gui/shop_gui"
	},
	"elements": [
		{
			"from": [-16, -16, 15.9375],
			"to": [32, 32, 16],
			"faces": {
				"north": {"uv": [11, 11, 0, 0], "rotation": 180, "texture": "#0"},
				"south": {"uv": [0, 0, 11, 11], "texture": "#0"}
			}
		}
	],
	"gui_light": "front",
	"display": {
		"ground": {
			"scale": [0, 0, 0]
		},
		"gui": {
			"translation": [72, -55, -80],
			"scale": [3.66, 3.66, 3.66]
		}
	}
}