{
	"credit": "Made with Blockbench",
	"texture_size": [64, 64],
	"textures": {
		"0": "item/camera",
		"particle": "item/camera"
	},
	"elements": [
		{
			"from": [1, 0, 5],
			"to": [15, 8, 9],
			"faces": {
				"north": {"uv": [0, 0, 3.5, 2], "texture": "#0"},
				"east": {"uv": [5.5, 2, 6.5, 4], "texture": "#0"},
				"south": {"uv": [0, 2, 3.5, 4], "texture": "#0"},
				"west": {"uv": [5.5, 4, 6.5, 6], "texture": "#0"},
				"up": {"uv": [7, 1, 3.5, 0], "texture": "#0"},
				"down": {"uv": [7, 1, 3.5, 2], "texture": "#0"}
			}
		},
		{
			"from": [14, 0, 4],
			"to": [15, 8, 5],
			"faces": {
				"north": {"uv": [4.25, 7.5, 4.5, 9.5], "texture": "#0"},
				"east": {"uv": [4.5, 7.5, 4.75, 9.5], "texture": "#0"},
				"south": {"uv": [4.75, 7.5, 5, 9.5], "texture": "#0"},
				"west": {"uv": [5, 7.5, 5.25, 9.5], "texture": "#0"},
				"up": {"uv": [7.25, 8.75, 7, 8.5], "texture": "#0"},
				"down": {"uv": [7.5, 8.5, 7.25, 8.75], "texture": "#0"}
			}
		},
		{
			"from": [1, 0, 4],
			"to": [6, 8, 5],
			"faces": {
				"north": {"uv": [0, 4, 1.25, 6], "texture": "#0"},
				"east": {"uv": [5.25, 7.5, 5.5, 9.5], "texture": "#0"},
				"south": {"uv": [1.25, 4, 2.5, 6], "texture": "#0"},
				"west": {"uv": [5.5, 7.5, 5.75, 9.5], "texture": "#0"},
				"up": {"uv": [9.75, 1.5, 8.5, 1.25], "texture": "#0"},
				"down": {"uv": [9.75, 1.5, 8.5, 1.75], "texture": "#0"}
			}
		},
		{
			"from": [7.5, 8, 6],
			"to": [12.5, 8.125, 7],
			"faces": {
				"north": {"uv": [8.5, 1.75, 9.75, 2], "texture": "#0"},
				"east": {"uv": [1, 9, 1.25, 9.25], "texture": "#0"},
				"south": {"uv": [8.5, 3, 9.75, 3.25], "texture": "#0"},
				"west": {"uv": [1.25, 9, 1.5, 9.25], "texture": "#0"},
				"up": {"uv": [9.75, 3.5, 8.5, 3.25], "texture": "#0"},
				"down": {"uv": [9.75, 3.5, 8.5, 3.75], "texture": "#0"}
			}
		},
		{
			"from": [2.5, 8, 5.5],
			"to": [4.5, 8.25, 7.5],
			"faces": {
				"north": {"uv": [5, 6.5, 5.5, 6.75], "texture": "#0"},
				"east": {"uv": [8.5, 5.25, 9, 5.5], "texture": "#0"},
				"south": {"uv": [5.75, 8.5, 6.25, 8.75], "texture": "#0"},
				"west": {"uv": [6.25, 8.5, 6.75, 8.75], "texture": "#0"},
				"up": {"uv": [3.75, 9, 3.25, 8.5], "texture": "#0"},
				"down": {"uv": [9, 4.75, 8.5, 5.25], "texture": "#0"}
			}
		},
		{
			"from": [3, 2, 3.85],
			"to": [4, 3, 4],
			"faces": {
				"north": {"uv": [0.25, 8.75, 0.5, 9], "texture": "#0"},
				"east": {"uv": [0.5, 8.75, 0.75, 9], "texture": "#0"},
				"south": {"uv": [0.75, 8.75, 1, 9], "texture": "#0"},
				"west": {"uv": [1, 8.75, 1.25, 9], "texture": "#0"},
				"up": {"uv": [1.5, 9, 1.25, 8.75], "texture": "#0"},
				"down": {"uv": [1.75, 8.75, 1.5, 9], "texture": "#0"}
			}
		},
		{
			"from": [3.75, 6, 3.85],
			"to": [5, 7, 4],
			"faces": {
				"north": {"uv": [1.5, 9, 1.75, 9.25], "texture": "#0"},
				"east": {"uv": [1.75, 9, 2, 9.25], "texture": "#0"},
				"south": {"uv": [2, 9, 2.25, 9.25], "texture": "#0"},
				"west": {"uv": [9, 2, 9.25, 2.25], "texture": "#0"},
				"up": {"uv": [2.5, 9.25, 2.25, 9], "texture": "#0"},
				"down": {"uv": [9.25, 2.25, 9, 2.5], "texture": "#0"}
			}
		},
		{
			"from": [3.25, 6, 3.9],
			"to": [3.75, 7, 4],
			"faces": {
				"north": {"uv": [9, 5, 9.25, 5.25], "texture": "#0"},
				"east": {"uv": [9, 5.25, 9.25, 5.5], "texture": "#0"},
				"south": {"uv": [5.75, 9, 6, 9.25], "texture": "#0"},
				"west": {"uv": [6, 9, 6.25, 9.25], "texture": "#0"},
				"up": {"uv": [6.5, 9.25, 6.25, 9], "texture": "#0"},
				"down": {"uv": [6.75, 9, 6.5, 9.25], "texture": "#0"}
			}
		},
		{
			"from": [2, 6, 3.85],
			"to": [3.25, 7, 4],
			"faces": {
				"north": {"uv": [9, 2.5, 9.25, 2.75], "texture": "#0"},
				"east": {"uv": [9, 2.75, 9.25, 3], "texture": "#0"},
				"south": {"uv": [3.25, 9, 3.5, 9.25], "texture": "#0"},
				"west": {"uv": [3.5, 9, 3.75, 9.25], "texture": "#0"},
				"up": {"uv": [4, 9.25, 3.75, 9], "texture": "#0"},
				"down": {"uv": [9.25, 4.75, 9, 5], "texture": "#0"}
			}
		},
		{
			"from": [3, 3.25, 3.85],
			"to": [4, 4, 4],
			"faces": {
				"north": {"uv": [1.75, 8.75, 2, 9], "texture": "#0"},
				"east": {"uv": [8.75, 2, 9, 2.25], "texture": "#0"},
				"south": {"uv": [8.75, 2.25, 9, 2.5], "texture": "#0"},
				"west": {"uv": [8.75, 2.5, 9, 2.75], "texture": "#0"},
				"up": {"uv": [9, 3, 8.75, 2.75], "texture": "#0"},
				"down": {"uv": [4, 8.75, 3.75, 9], "texture": "#0"}
			}
		},
		{
			"from": [3, 1, 3.85],
			"to": [4, 1.75, 4],
			"faces": {
				"north": {"uv": [5.75, 8.75, 6, 9], "texture": "#0"},
				"east": {"uv": [6, 8.75, 6.25, 9], "texture": "#0"},
				"south": {"uv": [6.25, 8.75, 6.5, 9], "texture": "#0"},
				"west": {"uv": [6.5, 8.75, 6.75, 9], "texture": "#0"},
				"up": {"uv": [7, 9, 6.75, 8.75], "texture": "#0"},
				"down": {"uv": [7.25, 8.75, 7, 9], "texture": "#0"}
			}
		},
		{
			"from": [2, 2, 3.85],
			"to": [2.75, 3, 4],
			"faces": {
				"north": {"uv": [2.25, 7, 2.5, 7.25], "texture": "#0"},
				"east": {"uv": [3.25, 7.25, 3.5, 7.5], "texture": "#0"},
				"south": {"uv": [7.75, 1.25, 8, 1.5], "texture": "#0"},
				"west": {"uv": [7, 7.75, 7.25, 8], "texture": "#0"},
				"up": {"uv": [4, 8.75, 3.75, 8.5], "texture": "#0"},
				"down": {"uv": [7, 8.5, 6.75, 8.75], "texture": "#0"}
			}
		},
		{
			"from": [4.25, 2, 3.85],
			"to": [5, 3, 4],
			"faces": {
				"north": {"uv": [8.75, 8.5, 9, 8.75], "texture": "#0"},
				"east": {"uv": [8.75, 8.75, 9, 9], "texture": "#0"},
				"south": {"uv": [0, 9, 0.25, 9.25], "texture": "#0"},
				"west": {"uv": [0.25, 9, 0.5, 9.25], "texture": "#0"},
				"up": {"uv": [0.75, 9.25, 0.5, 9], "texture": "#0"},
				"down": {"uv": [1, 9, 0.75, 9.25], "texture": "#0"}
			}
		},
		{
			"from": [0, 2.825, 3.875],
			"to": [1.425, 3.5, 4],
			"rotation": {"angle": -45, "axis": "z", "origin": [0, 0, 0]},
			"faces": {
				"north": {"uv": [8.75, 7, 9, 7.25], "texture": "#0"},
				"east": {"uv": [7.25, 8.75, 7.5, 9], "texture": "#0"},
				"south": {"uv": [8.75, 7.25, 9, 7.5], "texture": "#0"},
				"west": {"uv": [7.5, 8.75, 7.75, 9], "texture": "#0"},
				"up": {"uv": [9, 7.75, 8.75, 7.5], "texture": "#0"},
				"down": {"uv": [8, 8.75, 7.75, 9], "texture": "#0"}
			}
		},
		{
			"from": [0, 4.975, 3.875],
			"to": [1.4, 5.65, 4],
			"rotation": {"angle": -45, "axis": "z", "origin": [0, 0, 0]},
			"faces": {
				"north": {"uv": [8.75, 7.75, 9, 8], "texture": "#0"},
				"east": {"uv": [8, 8.75, 8.25, 9], "texture": "#0"},
				"south": {"uv": [8.75, 8, 9, 8.25], "texture": "#0"},
				"west": {"uv": [8.25, 8.75, 8.5, 9], "texture": "#0"},
				"up": {"uv": [9, 8.5, 8.75, 8.25], "texture": "#0"},
				"down": {"uv": [8.75, 8.75, 8.5, 9], "texture": "#0"}
			}
		},
		{
			"from": [6, 1, 4.5],
			"to": [14, 7, 5],
			"faces": {
				"north": {"uv": [3.5, 2, 5.5, 3.5], "texture": "#0"},
				"east": {"uv": [2.75, 8.5, 3, 10], "texture": "#0"},
				"south": {"uv": [3.5, 3.5, 5.5, 5], "texture": "#0"},
				"west": {"uv": [3, 8.5, 3.25, 10], "texture": "#0"},
				"up": {"uv": [9.75, 0.5, 7.75, 0.25], "texture": "#0"},
				"down": {"uv": [9.75, 0.5, 7.75, 0.75], "texture": "#0"}
			}
		},
		{
			"from": [6, 0, 4],
			"to": [14, 1, 5],
			"faces": {
				"north": {"uv": [7.5, 5.5, 9.5, 5.75], "texture": "#0"},
				"east": {"uv": [7.5, 8.5, 7.75, 8.75], "texture": "#0"},
				"south": {"uv": [7.5, 5.75, 9.5, 6], "texture": "#0"},
				"west": {"uv": [7.75, 8.5, 8, 8.75], "texture": "#0"},
				"up": {"uv": [9.5, 6.25, 7.5, 6], "texture": "#0"},
				"down": {"uv": [9.5, 6.25, 7.5, 6.5], "texture": "#0"}
			}
		},
		{
			"from": [6, 7, 4],
			"to": [14, 8, 5],
			"faces": {
				"north": {"uv": [7.5, 6.5, 9.5, 6.75], "texture": "#0"},
				"east": {"uv": [8, 8.5, 8.25, 8.75], "texture": "#0"},
				"south": {"uv": [7.5, 6.75, 9.5, 7], "texture": "#0"},
				"west": {"uv": [8.25, 8.5, 8.5, 8.75], "texture": "#0"},
				"up": {"uv": [2, 8, 0, 7.75], "texture": "#0"},
				"down": {"uv": [9.75, 0, 7.75, 0.25], "texture": "#0"}
			}
		},
		{
			"from": [2.75, 8.5, 9],
			"to": [6.75, 12.5, 12],
			"rotation": {"angle": -45, "axis": "z", "origin": [0, 0, 0]},
			"faces": {
				"north": {"uv": [2.5, 4, 3.5, 5], "texture": "#0"},
				"east": {"uv": [1, 6, 1.75, 7], "texture": "#0"},
				"south": {"uv": [0, 6, 1, 7], "texture": "#0"},
				"west": {"uv": [1.75, 6, 2.5, 7], "texture": "#0"},
				"up": {"uv": [6.5, 6.75, 5.5, 6], "texture": "#0"},
				"down": {"uv": [7.5, 2, 6.5, 2.75], "texture": "#0"}
			}
		},
		{
			"from": [7.775, 1.05, 9],
			"to": [13.775, 7.05, 10],
			"faces": {
				"north": {"uv": [2.5, 5, 4, 6.5], "texture": "#0"},
				"east": {"uv": [4, 8, 4.25, 9.5], "texture": "#0"},
				"south": {"uv": [4, 5, 5.5, 6.5], "texture": "#0"},
				"west": {"uv": [2.5, 8.25, 2.75, 9.75], "texture": "#0"},
				"up": {"uv": [10, 1, 8.5, 0.75], "texture": "#0"},
				"down": {"uv": [10, 1, 8.5, 1.25], "texture": "#0"}
			}
		},
		{
			"from": [2.275, 6.3, 9],
			"to": [6.275, 7.3, 9.25],
			"faces": {
				"north": {"uv": [8.5, 3.75, 9.5, 4], "texture": "#0"},
				"east": {"uv": [8.5, 8.5, 8.75, 8.75], "texture": "#0"},
				"south": {"uv": [8.5, 4, 9.5, 4.25], "texture": "#0"},
				"west": {"uv": [0, 8.75, 0.25, 9], "texture": "#0"},
				"up": {"uv": [9.5, 4.5, 8.5, 4.25], "texture": "#0"},
				"down": {"uv": [9.5, 4.5, 8.5, 4.75], "texture": "#0"}
			}
		},
		{
			"from": [5.8, 6.8, 9],
			"to": [9.2, 8.95, 11.975],
			"rotation": {"angle": -22.5, "axis": "z", "origin": [0, 0.05, 0]},
			"faces": {
				"north": {"uv": [5.75, 7.5, 6.5, 8], "texture": "#0"},
				"east": {"uv": [7.75, 0.75, 8.5, 1.25], "texture": "#0"},
				"south": {"uv": [2, 7.75, 2.75, 8.25], "texture": "#0"},
				"west": {"uv": [7.75, 3.5, 8.5, 4], "texture": "#0"},
				"up": {"uv": [5.75, 7.5, 5, 6.75], "texture": "#0"},
				"down": {"uv": [6.5, 6.75, 5.75, 7.5], "texture": "#0"}
			}
		},
		{
			"from": [10.375, -1.125, 9],
			"to": [12.575, 2.25, 11.925],
			"rotation": {"angle": 22.5, "axis": "z", "origin": [0, 0.05, 0]},
			"faces": {
				"north": {"uv": [2.75, 7.75, 3.25, 8.5], "texture": "#0"},
				"east": {"uv": [0, 7, 0.75, 7.75], "texture": "#0"},
				"south": {"uv": [6.5, 7.75, 7, 8.5], "texture": "#0"},
				"west": {"uv": [7, 0, 7.75, 0.75], "texture": "#0"},
				"up": {"uv": [8.25, 7.75, 7.75, 7], "texture": "#0"},
				"down": {"uv": [8.25, 7.75, 7.75, 8.5], "texture": "#0"}
			}
		},
		{
			"from": [8.9, -1.55, 9],
			"to": [12.65, 0.7, 11.975],
			"rotation": {"angle": 22.5, "axis": "z", "origin": [0, 0.05, 0]},
			"faces": {
				"north": {"uv": [7, 1.5, 8, 2], "texture": "#0"},
				"east": {"uv": [7.75, 4, 8.5, 4.5], "texture": "#0"},
				"south": {"uv": [2.25, 7.25, 3.25, 7.75], "texture": "#0"},
				"west": {"uv": [7.75, 4.5, 8.5, 5], "texture": "#0"},
				"up": {"uv": [3.5, 7.25, 2.5, 6.5], "texture": "#0"},
				"down": {"uv": [7.5, 2.75, 6.5, 3.5], "texture": "#0"}
			}
		},
		{
			"from": [7.425, 5.225, 9],
			"to": [9.5, 8.975, 11.95],
			"rotation": {"angle": -22.5, "axis": "z", "origin": [0, 0.05, 0]},
			"faces": {
				"north": {"uv": [7.25, 3.5, 7.75, 4.5], "texture": "#0"},
				"east": {"uv": [3.5, 6.5, 4.25, 7.5], "texture": "#0"},
				"south": {"uv": [7.25, 4.5, 7.75, 5.5], "texture": "#0"},
				"west": {"uv": [6.5, 3.5, 7.25, 4.5], "texture": "#0"},
				"up": {"uv": [0.5, 8.75, 0, 8], "texture": "#0"},
				"down": {"uv": [1, 8, 0.5, 8.75], "texture": "#0"}
			}
		},
		{
			"from": [8.95, 5.85, 9],
			"to": [11.175, 9.225, 11.925],
			"rotation": {"angle": 22.5, "axis": "z", "origin": [21.55, 8.025, 0]},
			"faces": {
				"north": {"uv": [1.5, 8, 2, 8.75], "texture": "#0"},
				"east": {"uv": [1.5, 7, 2.25, 7.75], "texture": "#0"},
				"south": {"uv": [2, 8.25, 2.5, 9], "texture": "#0"},
				"west": {"uv": [6.5, 7, 7.25, 7.75], "texture": "#0"},
				"up": {"uv": [8.75, 7.75, 8.25, 7], "texture": "#0"},
				"down": {"uv": [8.75, 7.75, 8.25, 8.5], "texture": "#0"}
			}
		},
		{
			"from": [12.35, -0.875, 9],
			"to": [15.75, 1.325, 11.975],
			"rotation": {"angle": -22.5, "axis": "z", "origin": [21.55, 8.025, 0]},
			"faces": {
				"north": {"uv": [8, 2.5, 8.75, 3], "texture": "#0"},
				"east": {"uv": [3.25, 8, 4, 8.5], "texture": "#0"},
				"south": {"uv": [5.75, 8, 6.5, 8.5], "texture": "#0"},
				"west": {"uv": [7, 8, 7.75, 8.5], "texture": "#0"},
				"up": {"uv": [1.5, 7.75, 0.75, 7], "texture": "#0"},
				"down": {"uv": [7.75, 0.75, 7, 1.5], "texture": "#0"}
			}
		},
		{
			"from": [8.9, 7.375, 9],
			"to": [12.7, 9.625, 11.975],
			"rotation": {"angle": 22.5, "axis": "z", "origin": [21.55, 8.025, 0]},
			"faces": {
				"north": {"uv": [7.5, 3, 8.5, 3.5], "texture": "#0"},
				"east": {"uv": [7.75, 5, 8.5, 5.5], "texture": "#0"},
				"south": {"uv": [3.25, 7.5, 4.25, 8], "texture": "#0"},
				"west": {"uv": [8, 2, 8.75, 2.5], "texture": "#0"},
				"up": {"uv": [7.5, 6.25, 6.5, 5.5], "texture": "#0"},
				"down": {"uv": [7.5, 6.25, 6.5, 7], "texture": "#0"}
			}
		},
		{
			"from": [12.05, -0.9, 9],
			"to": [14.175, 2.875, 11.95],
			"rotation": {"angle": -22.5, "axis": "z", "origin": [21.55, 8.025, 0]},
			"faces": {
				"north": {"uv": [7.25, 7, 7.75, 8], "texture": "#0"},
				"east": {"uv": [4.25, 6.5, 5, 7.5], "texture": "#0"},
				"south": {"uv": [7.5, 2, 8, 3], "texture": "#0"},
				"west": {"uv": [6.5, 4.5, 7.25, 5.5], "texture": "#0"},
				"up": {"uv": [1.5, 8.75, 1, 8], "texture": "#0"},
				"down": {"uv": [8.5, 1.25, 8, 2], "texture": "#0"}
			}
		}
	],
	"display": {
		"thirdperson_righthand": {
			"rotation": [0, 180, 0],
			"translation": [0.5, 4.5, 0],
			"scale": [0.57, 0.57, 0.57]
		},
		"thirdperson_lefthand": {
			"rotation": [0, -180, 0],
			"translation": [0, 4.5, 0],
			"scale": [0.57, 0.57, 0.57]
		},
		"firstperson_righthand": {
			"rotation": [0, -180, 0],
			"translation": [2.75, 6.25, -4.5]
		},
		"firstperson_lefthand": {
			"rotation": [0, -180, 0],
			"translation": [1.25, 6.75, -4.5],
			"scale": [1, 1.10938, 1]
		},
		"ground": {
			"translation": [0, 2, 0],
			"scale": [0.75, 0.75, 0.75]
		},
		"gui": {
			"rotation": [30, -140, 0],
			"translation": [-0.25, 3.5, 0]
		},
		"head": {
			"rotation": [0, -180, 0],
			"translation": [0, 2.25, -6]
		}
	}
}