{
	"credit": "Made with Blockbench",
	"texture_size": [64, 64],
	"textures": {
		"1": "block/mystery_box"
	},
	"elements": [
		{
			"from": [3, 0, 4],
			"to": [13, 4, 12],
			"faces": {
				"north": {"uv": [5.5, 2, 8, 3], "texture": "#1"},
				"east": {"uv": [0, 6.5, 2, 7.5], "texture": "#1"},
				"south": {"uv": [5.5, 3, 8, 4], "texture": "#1"},
				"west": {"uv": [2, 6.5, 4, 7.5], "texture": "#1"},
				"up": {"uv": [2.5, 6.5, 0, 4.5], "texture": "#1"},
				"down": {"uv": [5, 4.5, 2.5, 6.5], "texture": "#1"}
			}
		},
		{
			"from": [3, 5.225, 4.15],
			"to": [13, 8.225, 12.15],
			"rotation": {"angle": 22.5, "axis": "x", "origin": [8, 5, 12]},
			"faces": {
				"north": {"uv": [4, 6.5, 6.5, 7.25], "texture": "#1"},
				"east": {"uv": [4, 7.25, 6, 8], "texture": "#1"},
				"south": {"uv": [6.5, 6.5, 9, 7.25], "texture": "#1"},
				"west": {"uv": [6, 7.25, 8, 8], "texture": "#1"},
				"up": {"uv": [7.5, 6.5, 5, 4.5], "texture": "#1"},
				"down": {"uv": [8, 0, 5.5, 2], "texture": "#1"}
			}
		},
		{
			"from": [2.5, 4, 3.5],
			"to": [13.5, 4.5, 12.5],
			"faces": {
				"north": {"uv": [5.5, 4, 8.25, 4.25], "texture": "#1"},
				"east": {"uv": [7.5, 4.75, 9.75, 5], "texture": "#1"},
				"south": {"uv": [5.5, 4.25, 8.25, 4.5], "texture": "#1"},
				"west": {"uv": [7.5, 5, 9.75, 5.25], "texture": "#1"},
				"up": {"uv": [2.75, 2.25, 0, 0], "texture": "#1"},
				"down": {"uv": [2.75, 2.25, 0, 4.5], "texture": "#1"}
			}
		},
		{
			"from": [2.5, 4.725, 3.65],
			"to": [13.5, 5.225, 12.65],
			"rotation": {"angle": 22.5, "axis": "x", "origin": [8, 5, 12]},
			"faces": {
				"north": {"uv": [0, 7.5, 2.75, 7.75], "texture": "#1"},
				"east": {"uv": [7.5, 5.25, 9.75, 5.5], "texture": "#1"},
				"south": {"uv": [7.5, 4.5, 10.25, 4.75], "texture": "#1"},
				"west": {"uv": [7.5, 5.5, 9.75, 5.75], "texture": "#1"},
				"up": {"uv": [5.5, 2.25, 2.75, 0], "texture": "#1"},
				"down": {"uv": [5.5, 2.25, 2.75, 4.5], "texture": "#1"}
			}
		},
		{
			"from": [7.5, 3.975, 3.4],
			"to": [8.5, 5.225, 3.65],
			"rotation": {"angle": 22.5, "axis": "x", "origin": [8, 5, 12]},
			"faces": {
				"north": {"uv": [0.75, 7.75, 1, 8], "texture": "#1"},
				"east": {"uv": [1, 7.75, 1.25, 8], "texture": "#1"},
				"south": {"uv": [1.25, 7.75, 1.5, 8], "texture": "#1"},
				"west": {"uv": [1.5, 7.75, 1.75, 8], "texture": "#1"},
				"up": {"uv": [2, 8, 1.75, 7.75], "texture": "#1"},
				"down": {"uv": [2.25, 7.75, 2, 8], "texture": "#1"}
			}
		},
		{
			"from": [3.5, 3.975, 12.4],
			"to": [4.5, 5.475, 12.9],
			"rotation": {"angle": 22.5, "axis": "x", "origin": [8, 5, 12]},
			"faces": {
				"north": {"uv": [2.75, 7.5, 3, 8], "texture": "#1"},
				"east": {"uv": [3, 7.5, 3.25, 8], "texture": "#1"},
				"south": {"uv": [3.25, 7.5, 3.5, 8], "texture": "#1"},
				"west": {"uv": [3.5, 7.5, 3.75, 8], "texture": "#1"},
				"up": {"uv": [7.75, 6.5, 7.5, 6.25], "texture": "#1"},
				"down": {"uv": [0.75, 7.75, 0.5, 8], "texture": "#1"}
			}
		},
		{
			"from": [11.5, 3.975, 12.4],
			"to": [12.5, 5.475, 12.9],
			"rotation": {"angle": 22.5, "axis": "x", "origin": [8, 5, 12]},
			"faces": {
				"north": {"uv": [3.75, 7.5, 4, 8], "texture": "#1"},
				"east": {"uv": [7.5, 5.75, 7.75, 6.25], "texture": "#1"},
				"south": {"uv": [0, 7.75, 0.25, 8.25], "texture": "#1"},
				"west": {"uv": [0.25, 7.75, 0.5, 8.25], "texture": "#1"},
				"up": {"uv": [2.5, 8, 2.25, 7.75], "texture": "#1"},
				"down": {"uv": [2.75, 7.75, 2.5, 8], "texture": "#1"}
			}
		}
	],
	"display": {
		"thirdperson_righthand": {
			"rotation": [-4.65, 63.18, 61.46],
			"translation": [-0.5, 4, 2.25],
			"scale": [0.7, 0.7, 0.7]
		},
		"thirdperson_lefthand": {
			"scale": [0, 0, 0]
		},
		"firstperson_righthand": {
			"rotation": [-175.99, 53.16, 175],
			"translation": [-1, 5.75, 1.5],
			"scale": [0.49805, 0.49805, 0.49805]
		},
		"firstperson_lefthand": {
			"scale": [0, 0, 0]
		},
		"ground": {
			"translation": [0, 2.5, 0],
			"scale": [0.70703, 0.70703, 0.70703]
		},
		"gui": {
			"rotation": [-156, 53.5, -180],
			"translation": [0, 3, 0]
		},
		"fixed": {
			"translation": [0, 0, -3.5]
		}
	}
}