{
	"credit": "Made with Blockbench",
	"textures": {
		"0": "block/spruce_planks",
		"1": "block/light_gray_wool",
		"3": "item/heavenwars/umbrella",
		"particle": "block/spruce_planks"
	},
	"elements": [
		{
			"from": [3, 1, 3],
			"to": [13, 11, 13],
			"faces": {
				"north": {"uv": [0, 0, 10, 10], "texture": "#0"},
				"east": {"uv": [0, 0, 10, 10], "texture": "#0"},
				"south": {"uv": [0, 0, 10, 10], "texture": "#0"},
				"west": {"uv": [0, 0, 10, 10], "texture": "#0"},
				"up": {"uv": [0, 0, 10, 10], "texture": "#0"},
				"down": {"uv": [0, 0, 10, 10], "texture": "#0"}
			}
		},
		{
			"from": [3, 11, 2],
			"to": [13, 12, 3],
			"faces": {
				"north": {"uv": [0, 0, 10, 1], "texture": "#1"},
				"east": {"uv": [0, 0, 1, 1], "texture": "#1"},
				"south": {"uv": [0, 0, 10, 1], "texture": "#1"},
				"west": {"uv": [0, 0, 1, 1], "texture": "#1"},
				"up": {"uv": [0, 0, 10, 1], "texture": "#1"},
				"down": {"uv": [0, 0, 10, 1], "texture": "#1"}
			}
		},
		{
			"from": [2, 0, 2],
			"to": [3, 1, 14],
			"faces": {
				"north": {"uv": [0, 0, 1, 1], "texture": "#1"},
				"east": {"uv": [0, 0, 12, 1], "texture": "#1"},
				"south": {"uv": [0, 0, 1, 1], "texture": "#1"},
				"west": {"uv": [0, 0, 12, 1], "texture": "#1"},
				"up": {"uv": [0, 0, 1, 12], "texture": "#1"},
				"down": {"uv": [0, 0, 1, 12], "texture": "#1"}
			}
		},
		{
			"from": [13, 0, 2],
			"to": [14, 1, 14],
			"faces": {
				"north": {"uv": [0, 0, 1, 1], "texture": "#1"},
				"east": {"uv": [0, 0, 12, 1], "texture": "#1"},
				"south": {"uv": [0, 0, 1, 1], "texture": "#1"},
				"west": {"uv": [0, 0, 12, 1], "texture": "#1"},
				"up": {"uv": [0, 0, 1, 12], "texture": "#1"},
				"down": {"uv": [0, 0, 1, 12], "texture": "#1"}
			}
		},
		{
			"from": [13, 1, 13],
			"to": [14, 11, 14],
			"faces": {
				"north": {"uv": [0, 0, 1, 10], "texture": "#1"},
				"east": {"uv": [0, 0, 1, 10], "texture": "#1"},
				"south": {"uv": [0, 0, 1, 10], "texture": "#1"},
				"west": {"uv": [0, 0, 1, 10], "texture": "#1"},
				"up": {"uv": [0, 0, 1, 1], "texture": "#1"},
				"down": {"uv": [0, 0, 1, 1], "texture": "#1"}
			}
		},
		{
			"from": [2, 1, 13],
			"to": [3, 11, 14],
			"faces": {
				"north": {"uv": [0, 0, 1, 10], "texture": "#1"},
				"east": {"uv": [0, 0, 1, 10], "texture": "#1"},
				"south": {"uv": [0, 0, 1, 10], "texture": "#1"},
				"west": {"uv": [0, 0, 1, 10], "texture": "#1"},
				"up": {"uv": [0, 0, 1, 1], "texture": "#1"},
				"down": {"uv": [0, 0, 1, 1], "texture": "#1"}
			}
		},
		{
			"from": [2, 1, 2],
			"to": [3, 11, 3],
			"faces": {
				"north": {"uv": [0, 0, 1, 10], "texture": "#1"},
				"east": {"uv": [0, 0, 1, 10], "texture": "#1"},
				"south": {"uv": [0, 0, 1, 10], "texture": "#1"},
				"west": {"uv": [0, 0, 1, 10], "texture": "#1"},
				"up": {"uv": [0, 0, 1, 1], "texture": "#1"},
				"down": {"uv": [0, 0, 1, 1], "texture": "#1"}
			}
		},
		{
			"from": [13, 1, 2],
			"to": [14, 11, 3],
			"faces": {
				"north": {"uv": [0, 0, 1, 10], "texture": "#1"},
				"east": {"uv": [0, 0, 1, 10], "texture": "#1"},
				"south": {"uv": [0, 0, 1, 10], "texture": "#1"},
				"west": {"uv": [0, 0, 1, 10], "texture": "#1"},
				"up": {"uv": [0, 0, 1, 1], "texture": "#1"},
				"down": {"uv": [0, 0, 1, 1], "texture": "#1"}
			}
		},
		{
			"from": [3, 0, 13],
			"to": [13, 1, 14],
			"faces": {
				"north": {"uv": [0, 0, 10, 1], "texture": "#1"},
				"east": {"uv": [0, 0, 1, 1], "texture": "#1"},
				"south": {"uv": [0, 0, 10, 1], "texture": "#1"},
				"west": {"uv": [0, 0, 1, 1], "texture": "#1"},
				"up": {"uv": [0, 0, 10, 1], "texture": "#1"},
				"down": {"uv": [0, 0, 10, 1], "texture": "#1"}
			}
		},
		{
			"from": [3, 0, 2],
			"to": [13, 1, 3],
			"faces": {
				"north": {"uv": [0, 0, 10, 1], "texture": "#1"},
				"east": {"uv": [0, 0, 1, 1], "texture": "#1"},
				"south": {"uv": [0, 0, 10, 1], "texture": "#1"},
				"west": {"uv": [0, 0, 1, 1], "texture": "#1"},
				"up": {"uv": [0, 0, 10, 1], "texture": "#1"},
				"down": {"uv": [0, 0, 10, 1], "texture": "#1"}
			}
		},
		{
			"from": [3, 11, 13],
			"to": [13, 12, 14],
			"faces": {
				"north": {"uv": [0, 0, 10, 1], "texture": "#1"},
				"east": {"uv": [0, 0, 1, 1], "texture": "#1"},
				"south": {"uv": [0, 0, 10, 1], "texture": "#1"},
				"west": {"uv": [0, 0, 1, 1], "texture": "#1"},
				"up": {"uv": [0, 0, 10, 1], "texture": "#1"},
				"down": {"uv": [0, 0, 10, 1], "texture": "#1"}
			}
		},
		{
			"from": [13, 11, 2],
			"to": [14, 12, 14],
			"faces": {
				"north": {"uv": [0, 0, 1, 1], "texture": "#1"},
				"east": {"uv": [0, 0, 12, 1], "texture": "#1"},
				"south": {"uv": [0, 0, 1, 1], "texture": "#1"},
				"west": {"uv": [0, 0, 12, 1], "texture": "#1"},
				"up": {"uv": [0, 0, 1, 12], "texture": "#1"},
				"down": {"uv": [0, 0, 1, 12], "texture": "#1"}
			}
		},
		{
			"from": [2, 11, 2],
			"to": [3, 12, 14],
			"faces": {
				"north": {"uv": [0, 0, 1, 1], "texture": "#1"},
				"east": {"uv": [0, 0, 12, 1], "texture": "#1"},
				"south": {"uv": [0, 0, 1, 1], "texture": "#1"},
				"west": {"uv": [0, 0, 12, 1], "texture": "#1"},
				"up": {"uv": [0, 0, 1, 12], "texture": "#1"},
				"down": {"uv": [0, 0, 1, 12], "texture": "#1"}
			}
		},
		{
			"from": [7, 11, 7],
			"to": [9, 27, 9],
			"faces": {
				"north": {"uv": [0, 0, 2, 16], "texture": "#1"},
				"east": {"uv": [0, 0, 2, 16], "texture": "#1"},
				"south": {"uv": [0, 0, 2, 16], "texture": "#1"},
				"west": {"uv": [0, 0, 2, 16], "texture": "#1"},
				"up": {"uv": [0, 0, 2, 2], "texture": "#1"},
				"down": {"uv": [0, 0, 2, 2], "texture": "#missing"}
			}
		},
		{
			"from": [-10, 27, -10],
			"to": [26, 27, 26],
			"faces": {
				"up": {"uv": [0, 0, 16, 16], "texture": "#3"},
				"down": {"uv": [16, 0, 0, 16], "rotation": 180, "texture": "#3"}
			}
		}
	],
	"display": {
		"thirdperson_righthand": {
			"rotation": [0, -45, 0],
			"translation": [0.5, 4, -1],
			"scale": [0.49, 0.49, 0.49]
		},
		"thirdperson_lefthand": {
			"rotation": [0, -45, 0],
			"translation": [0, 4, 0],
			"scale": [0.49, 0.49, 0.49]
		},
		"firstperson_righthand": {
			"rotation": [0, -45, 0],
			"translation": [0, 9, 2.5]
		},
		"firstperson_lefthand": {
			"rotation": [0, -45, 0],
			"translation": [-0.75, 9.75, 2.25]
		},
		"ground": {
			"translation": [0, 4.5, 0]
		},
		"gui": {
			"rotation": [45, -45, 0],
			"translation": [0, 7.25, 0],
			"scale": [1.39, 1.39, 1.39]
		},
		"head": {
			"translation": [0, -15.25, 0],
			"scale": [2, 2, 2]
		},
		"fixed": {
			"rotation": [-90, 0, 0],
			"translation": [0, 0, -18.75],
			"scale": [2.29, 2.29, 2.29]
		}
	},
	"groups": [
		0,
		{
			"name": "out",
			"origin": [8, 8, 8],
			"color": 0,
			"children": [1, 2, 3, 4, 5, 6, 7, 8, 9, 10, 11, 12]
		},
		{
			"name": "bag",
			"origin": [8, 8, 8],
			"color": 0,
			"children": [13, 14]
		}
	]
}