{
	"credit": "Made with Blockbench",
	"textures": {
		"3": "block/light_gray_wool",
		"4": "block/lava_still"
	},
	"elements": [
		{
			"from": [-4.95, 0.025, 10.625],
			"to": [-3.95, 0.975, 12.025],
			"rotation": {"angle": 45, "axis": "y", "origin": [0, 0, 0]},
			"faces": {
				"north": {"uv": [0, 0, 1, 0.975], "texture": "#3"},
				"east": {"uv": [0, 0, 1.4, 0.975], "texture": "#3"},
				"south": {"uv": [0, 0, 1, 0.975], "texture": "#3"},
				"west": {"uv": [0, 0, 1.4, 0.975], "texture": "#3"},
				"up": {"uv": [0, 0, 1, 1.4], "texture": "#3"},
				"down": {"uv": [0, 0, 1, 1], "texture": "#3"}
			}
		},
		{
			"from": [5, 0, 4],
			"to": [11, 1, 12],
			"faces": {
				"north": {"uv": [0, 0, 6, 1], "texture": "#3"},
				"east": {"uv": [0, 0, 8, 1], "texture": "#3"},
				"south": {"uv": [0, 0, 6, 1], "texture": "#3"},
				"west": {"uv": [0, 0, 8, 1], "texture": "#3"},
				"up": {"uv": [0, 0, 6, 8], "texture": "#3"},
				"down": {"uv": [0, 0, 6, 8], "texture": "#3"}
			}
		},
		{
			"from": [4, 0, 5],
			"to": [5, 1, 11],
			"faces": {
				"north": {"uv": [0, 0, 1, 1], "texture": "#3"},
				"east": {"uv": [0, 0, 6, 1], "texture": "#3"},
				"south": {"uv": [0, 0, 1, 1], "texture": "#3"},
				"west": {"uv": [0, 0, 6, 1], "texture": "#3"},
				"up": {"uv": [0, 0, 1, 6], "texture": "#3"},
				"down": {"uv": [0, 0, 1, 6], "texture": "#3"}
			}
		},
		{
			"from": [11, 0, 5],
			"to": [12, 1, 11],
			"faces": {
				"north": {"uv": [0, 0, 1, 1], "texture": "#3"},
				"east": {"uv": [0, 0, 6, 1], "texture": "#3"},
				"south": {"uv": [0, 0, 1, 1], "texture": "#3"},
				"west": {"uv": [0, 0, 6, 1], "texture": "#3"},
				"up": {"uv": [0, 0, 1, 6], "texture": "#3"},
				"down": {"uv": [0, 0, 1, 6], "texture": "#3"}
			}
		},
		{
			"from": [3.95, 0.025, 10.6],
			"to": [4.95, 0.975, 12],
			"rotation": {"angle": 45, "axis": "y", "origin": [0, 0, 0]},
			"faces": {
				"north": {"uv": [0, 0, 1, 0.975], "texture": "#3"},
				"east": {"uv": [0, 0, 1.4, 0.975], "texture": "#3"},
				"south": {"uv": [0, 0, 1, 0.975], "texture": "#3"},
				"west": {"uv": [0, 0, 1.4, 0.975], "texture": "#3"},
				"up": {"uv": [0, 0, 1, 1.4], "texture": "#3"},
				"down": {"uv": [0, 0, 1, 1], "texture": "#3"}
			}
		},
		{
			"from": [-0.725, 0.025, 6.35],
			"to": [0.7, 0.975, 7.75],
			"rotation": {"angle": 45, "axis": "y", "origin": [0, 0, 0]},
			"faces": {
				"north": {"uv": [0, 0, 1.425, 0.975], "texture": "#3"},
				"east": {"uv": [0, 0, 1.4, 0.975], "texture": "#3"},
				"south": {"uv": [0, 0, 1.425, 0.975], "texture": "#3"},
				"west": {"uv": [0, 0, 1.4, 0.975], "texture": "#3"},
				"up": {"uv": [0, 0, 1.425, 1.4], "texture": "#3"},
				"down": {"uv": [0, 0, 1, 1], "texture": "#3"}
			}
		},
		{
			"from": [-0.725, 0.025, 14.875],
			"to": [0.7, 0.975, 16.275],
			"rotation": {"angle": 45, "axis": "y", "origin": [0, 0, 0]},
			"faces": {
				"north": {"uv": [0, 0, 1.425, 0.975], "texture": "#3"},
				"east": {"uv": [0, 0, 1.4, 0.975], "texture": "#3"},
				"south": {"uv": [0, 0, 1.425, 0.975], "texture": "#3"},
				"west": {"uv": [0, 0, 1.4, 0.975], "texture": "#3"},
				"up": {"uv": [0, 0, 1.425, 1.4], "texture": "#3"},
				"down": {"uv": [0, 0, 1, 1], "texture": "#3"}
			}
		},
		{
			"from": [6.15, 1, 6.25],
			"to": [9.825, 1.325, 9.9],
			"faces": {
				"north": {"uv": [5, 10, 11, 11], "texture": "#4"},
				"east": {"uv": [10, 16, 11, 10], "rotation": 90, "texture": "#4"},
				"south": {"uv": [5, 15, 11, 16], "texture": "#4"},
				"west": {"uv": [5, 16, 6, 10], "rotation": 90, "texture": "#4"},
				"up": {"uv": [5, 10, 11, 16], "texture": "#4"},
				"down": {"uv": [0, 0, 1.675, 1.65], "texture": "#3"}
			}
		}
	],
	"display": {
		"thirdperson_righthand": {
			"rotation": [0, -45, 0],
			"translation": [0.5, 4, -1],
			"scale": [0.49, 0.49, 0.49]
		},
		"thirdperson_lefthand": {
			"rotation": [0, -45, 0],
			"translation": [0, 4, 0],
			"scale": [0.49, 0.49, 0.49]
		},
		"firstperson_righthand": {
			"rotation": [0, -45, 0],
			"translation": [0, 9, 2.5]
		},
		"firstperson_lefthand": {
			"rotation": [0, -45, 0],
			"translation": [-0.75, 9.75, 2.25]
		},
		"ground": {
			"translation": [0, 4.5, 0]
		},
		"gui": {
			"rotation": [45, -45, 0],
			"translation": [0, 7.25, 0],
			"scale": [1.39, 1.39, 1.39]
		},
		"head": {
			"translation": [0, -15.25, 0],
			"scale": [2, 2, 2]
		},
		"fixed": {
			"rotation": [-90, 0, 0],
			"translation": [0, 0, -18.75],
			"scale": [2.29, 2.29, 2.29]
		}
	}
}