{
	"credit": "Made with Blockbench",
	"texture_size": [64, 64],
	"textures": {
		"0": "item/kitpvp/big_sword",
		"particle": "item/kitpvp/big_sword"
	},
	"elements": [
		{
			"from": [7, 0, 7],
			"to": [9, 1, 9],
			"faces": {
				"north": {"uv": [5.5, 1.5, 6, 1.75], "texture": "#0"},
				"east": {"uv": [5.5, 1.75, 6, 2], "texture": "#0"},
				"south": {"uv": [5.5, 2, 6, 2.25], "texture": "#0"},
				"west": {"uv": [2.25, 5.5, 2.75, 5.75], "texture": "#0"},
				"up": {"uv": [2, 5.5, 1.5, 5], "texture": "#0"},
				"down": {"uv": [2.5, 5, 2, 5.5], "texture": "#0"}
			}
		},
		{
			"from": [7.25, 1, 7.25],
			"to": [8.75, 5, 8.75],
			"faces": {
				"north": {"uv": [4, 4.75, 4.5, 5.75], "texture": "#0"},
				"east": {"uv": [4.5, 4.75, 5, 5.75], "texture": "#0"},
				"south": {"uv": [5, 0, 5.5, 1], "texture": "#0"},
				"west": {"uv": [5, 1, 5.5, 2], "texture": "#0"},
				"up": {"uv": [6, 0.75, 5.5, 0.25], "texture": "#0"},
				"down": {"uv": [6, 0.75, 5.5, 1.25], "texture": "#0"}
			}
		},
		{
			"from": [7.25, 6, 7.5],
			"to": [8.75, 25.7, 8.5],
			"faces": {
				"north": {"uv": [1.5, 0, 2, 5], "texture": "#0"},
				"east": {"uv": [2.5, 0, 2.75, 5], "texture": "#0"},
				"south": {"uv": [2, 0, 2.5, 5], "texture": "#0"},
				"west": {"uv": [2.75, 0, 3, 5], "texture": "#0"},
				"up": {"uv": [6.5, 0.75, 6, 0.5], "texture": "#0"},
				"down": {"uv": [6.5, 0.75, 6, 1], "texture": "#0"}
			}
		},
		{
			"from": [11.275, 6, -0.075],
			"to": [11.775, 24.5, 0.425],
			"rotation": {"angle": -45, "axis": "y", "origin": [0, 0, 0]},
			"faces": {
				"north": {"uv": [3.5, 0, 3.75, 4.75], "texture": "#0"},
				"east": {"uv": [3.75, 0, 4, 4.75], "texture": "#0"},
				"south": {"uv": [4, 0, 4.25, 4.75], "texture": "#0"},
				"west": {"uv": [4.25, 0, 4.5, 4.75], "texture": "#0"},
				"up": {"uv": [3.25, 6.25, 3, 6], "texture": "#0"},
				"down": {"uv": [6.25, 3, 6, 3.25], "texture": "#0"}
			}
		},
		{
			"from": [10.875, 6, -0.475],
			"to": [11.375, 24.5, 0.025],
			"rotation": {"angle": -45, "axis": "y", "origin": [0, 0, 0]},
			"faces": {
				"north": {"uv": [4.5, 0, 4.75, 4.75], "texture": "#0"},
				"east": {"uv": [0, 4.75, 0.25, 9.5], "texture": "#0"},
				"south": {"uv": [4.75, 0, 5, 4.75], "texture": "#0"},
				"west": {"uv": [0.25, 4.75, 0.5, 9.5], "texture": "#0"},
				"up": {"uv": [3.5, 6.25, 3.25, 6], "texture": "#0"},
				"down": {"uv": [6.25, 3.25, 6, 3.5], "texture": "#0"}
			}
		},
		{
			"from": [6.75, 6, 7.75],
			"to": [9.25, 24.5, 8.25],
			"faces": {
				"north": {"uv": [0, 0, 0.75, 4.75], "texture": "#0"},
				"east": {"uv": [3, 0, 3.25, 4.75], "texture": "#0"},
				"south": {"uv": [0.75, 0, 1.5, 4.75], "texture": "#0"},
				"west": {"uv": [3.25, 0, 3.5, 4.75], "texture": "#0"},
				"up": {"uv": [6.25, 1.5, 5.5, 1.25], "texture": "#0"},
				"down": {"uv": [2.25, 5.5, 1.5, 5.75], "texture": "#0"}
			}
		},
		{
			"from": [-3.125, 25.2, 7.775],
			"to": [-2.625, 26.5, 8.225],
			"rotation": {"angle": -22.5, "axis": "z", "origin": [0, 0, 0]},
			"faces": {
				"north": {"uv": [1.5, 6, 1.75, 6.25], "texture": "#0"},
				"east": {"uv": [6, 1.5, 6.25, 1.75], "texture": "#0"},
				"south": {"uv": [1.75, 6, 2, 6.25], "texture": "#0"},
				"west": {"uv": [6, 1.75, 6.25, 2], "texture": "#0"},
				"up": {"uv": [2.25, 6.25, 2, 6], "texture": "#0"},
				"down": {"uv": [6.25, 2, 6, 2.25], "texture": "#0"}
			}
		},
		{
			"from": [17.4, 19.075, 7.775],
			"to": [17.9, 20.375, 8.225],
			"rotation": {"angle": 22.5, "axis": "z", "origin": [0, 0, 0]},
			"faces": {
				"north": {"uv": [2.25, 6, 2.5, 6.25], "texture": "#0"},
				"east": {"uv": [6, 2.25, 6.25, 2.5], "texture": "#0"},
				"south": {"uv": [2.5, 6, 2.75, 6.25], "texture": "#0"},
				"west": {"uv": [6, 2.5, 6.25, 2.75], "texture": "#0"},
				"up": {"uv": [3, 6.25, 2.75, 6], "texture": "#0"},
				"down": {"uv": [6.25, 2.75, 6, 3], "texture": "#0"}
			}
		},
		{
			"from": [6.25, 5, 7],
			"to": [9.75, 6, 9],
			"faces": {
				"north": {"uv": [3, 5.25, 4, 5.5], "texture": "#0"},
				"east": {"uv": [2, 5.75, 2.5, 6], "texture": "#0"},
				"south": {"uv": [5.5, 0, 6.5, 0.25], "texture": "#0"},
				"west": {"uv": [2.5, 5.75, 3, 6], "texture": "#0"},
				"up": {"uv": [1.5, 5.25, 0.5, 4.75], "texture": "#0"},
				"down": {"uv": [4, 4.75, 3, 5.25], "texture": "#0"}
			}
		},
		{
			"from": [10.9, 0.9, 7.275],
			"to": [12.4, 1.9, 8.725],
			"rotation": {"angle": 22.5, "axis": "z", "origin": [0, 0, 0]},
			"faces": {
				"north": {"uv": [3, 5.75, 3.5, 6], "texture": "#0"},
				"east": {"uv": [3.75, 5.5, 4, 5.75], "texture": "#0"},
				"south": {"uv": [3.5, 5.75, 4, 6], "texture": "#0"},
				"west": {"uv": [1, 6, 1.25, 6.25], "texture": "#0"},
				"up": {"uv": [4.5, 6, 4, 5.75], "texture": "#0"},
				"down": {"uv": [5, 5.75, 4.5, 6], "texture": "#0"}
			}
		},
		{
			"from": [2.375, 7.025, 7.275],
			"to": [3.875, 8.025, 8.725],
			"rotation": {"angle": -22.5, "axis": "z", "origin": [0, 0, 0]},
			"faces": {
				"north": {"uv": [5, 5.75, 5.5, 6], "texture": "#0"},
				"east": {"uv": [6, 1, 6.25, 1.25], "texture": "#0"},
				"south": {"uv": [5.5, 5.75, 6, 6], "texture": "#0"},
				"west": {"uv": [1.25, 6, 1.5, 6.25], "texture": "#0"},
				"up": {"uv": [6.5, 0.5, 6, 0.25], "texture": "#0"},
				"down": {"uv": [1, 6, 0.5, 6.25], "texture": "#0"}
			}
		},
		{
			"from": [7.2, 4.5, 7.2],
			"to": [8.8, 4.75, 8.8],
			"faces": {
				"north": {"uv": [5.5, 2.25, 6, 2.5], "texture": "#0"},
				"east": {"uv": [5.5, 2.5, 6, 2.75], "texture": "#0"},
				"south": {"uv": [2.75, 5.5, 3.25, 5.75], "texture": "#0"},
				"west": {"uv": [5.5, 2.75, 6, 3], "texture": "#0"},
				"up": {"uv": [5.5, 2.5, 5, 2], "texture": "#0"},
				"down": {"uv": [3, 5, 2.5, 5.5], "texture": "#0"}
			}
		},
		{
			"from": [7.2, 3.75, 7.2],
			"to": [8.8, 4, 8.8],
			"faces": {
				"north": {"uv": [5.5, 3, 6, 3.25], "texture": "#0"},
				"east": {"uv": [3.25, 5.5, 3.75, 5.75], "texture": "#0"},
				"south": {"uv": [5.5, 3.25, 6, 3.5], "texture": "#0"},
				"west": {"uv": [5.5, 3.5, 6, 3.75], "texture": "#0"},
				"up": {"uv": [5.5, 3, 5, 2.5], "texture": "#0"},
				"down": {"uv": [5.5, 3, 5, 3.5], "texture": "#0"}
			}
		},
		{
			"from": [7.2, 3, 7.2],
			"to": [8.8, 3.25, 8.8],
			"faces": {
				"north": {"uv": [5.5, 3.75, 6, 4], "texture": "#0"},
				"east": {"uv": [5.5, 4, 6, 4.25], "texture": "#0"},
				"south": {"uv": [5.5, 4.25, 6, 4.5], "texture": "#0"},
				"west": {"uv": [5.5, 4.5, 6, 4.75], "texture": "#0"},
				"up": {"uv": [5.5, 4, 5, 3.5], "texture": "#0"},
				"down": {"uv": [5.5, 4, 5, 4.5], "texture": "#0"}
			}
		},
		{
			"from": [7.2, 2.25, 7.2],
			"to": [8.8, 2.5, 8.8],
			"faces": {
				"north": {"uv": [5.5, 4.75, 6, 5], "texture": "#0"},
				"east": {"uv": [5, 5.5, 5.5, 5.75], "texture": "#0"},
				"south": {"uv": [5.5, 5, 6, 5.25], "texture": "#0"},
				"west": {"uv": [5.5, 5.25, 6, 5.5], "texture": "#0"},
				"up": {"uv": [5.5, 5, 5, 4.5], "texture": "#0"},
				"down": {"uv": [5.5, 5, 5, 5.5], "texture": "#0"}
			}
		},
		{
			"from": [7.2, 1.5, 7.2],
			"to": [8.8, 1.75, 8.8],
			"faces": {
				"north": {"uv": [5.5, 5.5, 6, 5.75], "texture": "#0"},
				"east": {"uv": [0.5, 5.75, 1, 6], "texture": "#0"},
				"south": {"uv": [1, 5.75, 1.5, 6], "texture": "#0"},
				"west": {"uv": [1.5, 5.75, 2, 6], "texture": "#0"},
				"up": {"uv": [1, 5.75, 0.5, 5.25], "texture": "#0"},
				"down": {"uv": [1.5, 5.25, 1, 5.75], "texture": "#0"}
			}
		}
	],
	"display": {
		"thirdperson_righthand": {
			"rotation": [0, -90, 0],
			"translation": [0, 3.75, 1.5]
		},
		"firstperson_righthand": {
			"rotation": [-4, -79, 0],
			"translation": [0.75, 2.25, 0],
			"scale": [0.8, 0.8, 0.8]
		},
		"gui": {
			"rotation": [-41.36, -20.04, -41.36],
			"translation": [-2.75, -2.5, 0],
			"scale": [0.8, 0.8, 0.8]
		}
	}
}