{
	"credit": "Made with Blockbench",
	"texture_size": [32, 32],
	"textures": {
		"0": "item/kitpvp/bondana",
		"particle": "item/kitpvp/bondana"
	},
	"elements": [
		{
			"from": [2, 0, 2],
			"to": [14, 2, 2.5],
			"faces": {
				"north": {"uv": [0, 0, 6, 1], "texture": "#0"},
				"east": {"uv": [4, 6.5, 4.5, 7.5], "texture": "#0"},
				"south": {"uv": [0, 1, 6, 2], "texture": "#0"},
				"west": {"uv": [4.5, 6.5, 5, 7.5], "texture": "#0"},
				"up": {"uv": [6, 6.5, 0, 6], "texture": "#0"},
				"down": {"uv": [12, 0, 6, 0.5], "texture": "#0"}
			}
		},
		{
			"from": [2, 0, 13.5],
			"to": [14, 2, 14],
			"faces": {
				"north": {"uv": [0, 2, 6, 3], "texture": "#0"},
				"east": {"uv": [5, 6.5, 5.5, 7.5], "texture": "#0"},
				"south": {"uv": [0, 3, 6, 4], "texture": "#0"},
				"west": {"uv": [5.5, 6.5, 6, 7.5], "texture": "#0"},
				"up": {"uv": [12, 1, 6, 0.5], "texture": "#0"},
				"down": {"uv": [12, 1, 6, 1.5], "texture": "#0"}
			}
		},
		{
			"from": [2.125, -3.25, 14],
			"to": [8.375, -1.25, 14.5],
			"rotation": {"angle": 22.5, "axis": "z", "origin": [0, 0, 0]},
			"faces": {
				"north": {"uv": [6, 1.5, 9, 2.5], "texture": "#0"},
				"east": {"uv": [1.5, 8, 2, 9], "texture": "#0"},
				"south": {"uv": [6, 2.5, 9, 3.5], "texture": "#0"},
				"west": {"uv": [2, 8, 2.5, 9], "texture": "#0"},
				"up": {"uv": [9, 4, 6, 3.5], "texture": "#0"},
				"down": {"uv": [9.5, 7, 6.5, 7.5], "texture": "#0"}
			}
		},
		{
			"from": [6.95, -0.375, 13.3],
			"to": [9.45, 2.275, 15],
			"faces": {
				"north": {"uv": [6, 1.5, 9, 2.5], "rotation": 90, "texture": "#0"},
				"east": {"uv": [9.5, 7, 6.5, 7.5], "rotation": 270, "texture": "#0"},
				"south": {"uv": [6.5, 4.5, 7.325, 5.25], "rotation": 270, "texture": "#0"},
				"west": {"uv": [9, 4, 6, 3.5], "rotation": 270, "texture": "#0"},
				"up": {"uv": [1.5, 8, 2.1, 8.75], "rotation": 270, "texture": "#0"},
				"down": {"uv": [2, 8, 2.5, 9], "rotation": 270, "texture": "#0"}
			}
		},
		{
			"from": [6.8, 3.025, 14],
			"to": [11.475, 5.025, 14.475],
			"rotation": {"angle": -22.5, "axis": "z", "origin": [0, 0, 0]},
			"faces": {
				"north": {"uv": [1.5, 6.5, 4, 7.5], "texture": "#0"},
				"east": {"uv": [2.5, 8, 3, 9], "texture": "#0"},
				"south": {"uv": [6.5, 6, 9, 7], "texture": "#0"},
				"west": {"uv": [3, 8, 3.5, 9], "texture": "#0"},
				"up": {"uv": [4, 8, 1.5, 7.5], "texture": "#0"},
				"down": {"uv": [9, 7.5, 6.5, 8], "texture": "#0"}
			}
		},
		{
			"from": [2, 0, 2.5],
			"to": [2.5, 2, 13.5],
			"faces": {
				"north": {"uv": [4, 7.5, 4.5, 8.5], "texture": "#0"},
				"east": {"uv": [0, 4, 5.5, 5], "texture": "#0"},
				"south": {"uv": [4.5, 7.5, 5, 8.5], "texture": "#0"},
				"west": {"uv": [0, 5, 5.5, 6], "texture": "#0"},
				"up": {"uv": [6.5, 11.5, 6, 6], "texture": "#0"},
				"down": {"uv": [0.5, 6.5, 0, 12], "texture": "#0"}
			}
		},
		{
			"from": [13.5, 0, 2.5],
			"to": [14, 2, 13.5],
			"faces": {
				"north": {"uv": [5, 7.5, 5.5, 8.5], "texture": "#0"},
				"east": {"uv": [5.5, 4, 11, 5], "texture": "#0"},
				"south": {"uv": [5.5, 7.5, 6, 8.5], "texture": "#0"},
				"west": {"uv": [5.5, 5, 11, 6], "texture": "#0"},
				"up": {"uv": [1, 12, 0.5, 6.5], "texture": "#0"},
				"down": {"uv": [1.5, 6.5, 1, 12], "texture": "#0"}
			}
		}
	],
	"display": {
		"thirdperson_righthand": {
			"translation": [0, 2.75, 1],
			"scale": [0.33, 0.33, 0.33]
		},
		"thirdperson_lefthand": {
			"translation": [0, 2.75, 1.5],
			"scale": [0.33, 0.33, 0.33]
		},
		"ground": {
			"translation": [0, 4, 0]
		},
		"gui": {
			"rotation": [38, 137, 0],
			"translation": [0, 4, 0],
			"scale": [0.92, 0.92, 0.92]
		},
		"head": {
			"translation": [0, 12, 0],
			"scale": [1.24, 1.24, 1.24]
		}
	}
}