{
	"credit": "Made with Blockbench",
	"texture_size": [128, 128],
	"textures": {
		"2": "item/kitpvp/cook"
	},
	"elements": [
		{
			"from": [3, 3.1, 3],
			"to": [13, 13, 13],
			"faces": {
				"north": {"uv": [1.375, 0, 2.625, 1.25], "texture": "#2"},
				"east": {"uv": [1.375, 1.25, 2.625, 2.5], "texture": "#2"},
				"south": {"uv": [1.375, 2.5, 2.625, 3.75], "texture": "#2"},
				"west": {"uv": [2.625, 0, 3.875, 1.25], "texture": "#2"},
				"up": {"uv": [3.875, 2.5, 2.625, 1.25], "texture": "#2"},
				"down": {"uv": [3.875, 2.5, 2.625, 3.75], "texture": "#2"}
			}
		},
		{
			"from": [2.5, 0, 2.5],
			"to": [13.5, 4, 13.5],
			"faces": {
				"north": {"uv": [2.5, 9, 3.875, 9.5], "texture": "#2"},
				"east": {"uv": [3.875, 9, 5.25, 9.5], "texture": "#2"},
				"south": {"uv": [5.25, 9, 6.625, 9.5], "texture": "#2"},
				"west": {"uv": [6.625, 9, 8, 9.5], "texture": "#2"},
				"up": {"uv": [1.375, 1.375, 0, 0], "texture": "#2"},
				"down": {"uv": [1.375, 1.375, 0, 2.75], "texture": "#2"}
			}
		},
		{
			"from": [2.7, 7, 11.5],
			"to": [13.3, 15.975, 12.4],
			"faces": {
				"north": {"uv": [6.625, 1.125, 8, 2.25], "texture": "#2"},
				"east": {"uv": [3.875, 9.5, 4, 10.625], "texture": "#2"},
				"south": {"uv": [6.625, 2.25, 8, 3.375], "texture": "#2"},
				"west": {"uv": [4, 9.5, 4.125, 10.625], "texture": "#2"},
				"up": {"uv": [10.375, 7.875, 9, 7.75], "texture": "#2"},
				"down": {"uv": [10.5, 4.75, 9.125, 4.875], "texture": "#2"}
			}
		},
		{
			"from": [2.7, 7, 9.5],
			"to": [13.3, 15.975, 10.4],
			"faces": {
				"north": {"uv": [0, 6.125, 1.375, 7.25], "texture": "#2"},
				"east": {"uv": [3.625, 9.5, 3.75, 10.625], "texture": "#2"},
				"south": {"uv": [6.625, 0, 8, 1.125], "texture": "#2"},
				"west": {"uv": [3.75, 9.5, 3.875, 10.625], "texture": "#2"},
				"up": {"uv": [10.375, 7.625, 9, 7.5], "texture": "#2"},
				"down": {"uv": [10.375, 7.625, 9, 7.75], "texture": "#2"}
			}
		},
		{
			"from": [2.7, 7, 7.5],
			"to": [13.3, 15.975, 8.4],
			"faces": {
				"north": {"uv": [5.25, 5.625, 6.625, 6.75], "texture": "#2"},
				"east": {"uv": [9.5, 3.375, 9.625, 4.5], "texture": "#2"},
				"south": {"uv": [1.375, 6, 2.75, 7.125], "texture": "#2"},
				"west": {"uv": [3.5, 9.5, 3.625, 10.625], "texture": "#2"},
				"up": {"uv": [10.375, 7.375, 9, 7.25], "texture": "#2"},
				"down": {"uv": [10.375, 7.375, 9, 7.5], "texture": "#2"}
			}
		},
		{
			"from": [2.7, 7, 5.5],
			"to": [13.3, 15.975, 6.4],
			"faces": {
				"north": {"uv": [5.25, 4.5, 6.625, 5.625], "texture": "#2"},
				"east": {"uv": [3.25, 9.5, 3.375, 10.625], "texture": "#2"},
				"south": {"uv": [3.875, 5.625, 5.25, 6.75], "texture": "#2"},
				"west": {"uv": [3.375, 9.5, 3.5, 10.625], "texture": "#2"},
				"up": {"uv": [10.375, 7.125, 9, 7], "texture": "#2"},
				"down": {"uv": [10.375, 7.125, 9, 7.25], "texture": "#2"}
			}
		},
		{
			"from": [3.5, 7, 2.7],
			"to": [4.5, 15.975, 13.3],
			"faces": {
				"north": {"uv": [3, 9.5, 3.125, 10.625], "texture": "#2"},
				"east": {"uv": [5.25, 2.25, 6.625, 3.375], "texture": "#2"},
				"south": {"uv": [3.125, 9.5, 3.25, 10.625], "texture": "#2"},
				"west": {"uv": [5.25, 3.375, 6.625, 4.5], "texture": "#2"},
				"up": {"uv": [9.125, 10.375, 9, 9], "texture": "#2"},
				"down": {"uv": [9.25, 3.375, 9.125, 4.75], "texture": "#2"}
			}
		},
		{
			"from": [5.5, 7, 2.7],
			"to": [6.5, 15.975, 13.3],
			"faces": {
				"north": {"uv": [2.75, 9.5, 2.875, 10.625], "texture": "#2"},
				"east": {"uv": [5.25, 0, 6.625, 1.125], "texture": "#2"},
				"south": {"uv": [2.875, 9.5, 3, 10.625], "texture": "#2"},
				"west": {"uv": [5.25, 1.125, 6.625, 2.25], "texture": "#2"},
				"up": {"uv": [8.875, 10.375, 8.75, 9], "texture": "#2"},
				"down": {"uv": [9, 9, 8.875, 10.375], "texture": "#2"}
			}
		},
		{
			"from": [7.5, 7, 2.7],
			"to": [8.5, 15.975, 13.3],
			"faces": {
				"north": {"uv": [2.5, 9.5, 2.625, 10.625], "texture": "#2"},
				"east": {"uv": [2.5, 4.875, 3.875, 6], "texture": "#2"},
				"south": {"uv": [2.625, 9.5, 2.75, 10.625], "texture": "#2"},
				"west": {"uv": [0, 5, 1.375, 6.125], "texture": "#2"},
				"up": {"uv": [8.625, 10.375, 8.5, 9], "texture": "#2"},
				"down": {"uv": [8.75, 9, 8.625, 10.375], "texture": "#2"}
			}
		},
		{
			"from": [9.5, 7, 2.7],
			"to": [10.5, 15.975, 13.3],
			"faces": {
				"north": {"uv": [9.5, 1.125, 9.625, 2.25], "texture": "#2"},
				"east": {"uv": [3.875, 3.375, 5.25, 4.5], "texture": "#2"},
				"south": {"uv": [9.5, 2.25, 9.625, 3.375], "texture": "#2"},
				"west": {"uv": [3.875, 4.5, 5.25, 5.625], "texture": "#2"},
				"up": {"uv": [8.375, 10.375, 8.25, 9], "texture": "#2"},
				"down": {"uv": [8.5, 9, 8.375, 10.375], "texture": "#2"}
			}
		},
		{
			"from": [2.7, 7, 3.5],
			"to": [13.3, 15.975, 4.4],
			"faces": {
				"north": {"uv": [3.875, 1.125, 5.25, 2.25], "texture": "#2"},
				"east": {"uv": [1, 9.5, 1.125, 10.625], "texture": "#2"},
				"south": {"uv": [3.875, 2.25, 5.25, 3.375], "texture": "#2"},
				"west": {"uv": [1.125, 9.5, 1.25, 10.625], "texture": "#2"},
				"up": {"uv": [10.375, 6.875, 9, 6.75], "texture": "#2"},
				"down": {"uv": [10.375, 6.875, 9, 7], "texture": "#2"}
			}
		},
		{
			"from": [2.85, 7.1, 2.85],
			"to": [13.15, 16, 13.15],
			"faces": {
				"north": {"uv": [8, 2.25, 9.25, 3.375], "texture": "#2"},
				"east": {"uv": [1.25, 8.25, 2.5, 9.375], "texture": "#2"},
				"south": {"uv": [0, 8.375, 1.25, 9.5], "texture": "#2"},
				"west": {"uv": [8.875, 7.875, 10.125, 9], "texture": "#2"},
				"up": {"uv": [1.25, 4, 0, 2.75], "texture": "#2"},
				"down": {"uv": [2.5, 3.75, 1.25, 5], "texture": "#2"}
			}
		},
		{
			"from": [11.5, 7, 2.7],
			"to": [12.5, 15.975, 13.3],
			"faces": {
				"north": {"uv": [0.75, 9.5, 0.875, 10.625], "texture": "#2"},
				"east": {"uv": [2.5, 3.75, 3.875, 4.875], "texture": "#2"},
				"south": {"uv": [0.875, 9.5, 1, 10.625], "texture": "#2"},
				"west": {"uv": [3.875, 0, 5.25, 1.125], "texture": "#2"},
				"up": {"uv": [8.125, 10.375, 8, 9], "texture": "#2"},
				"down": {"uv": [8.25, 9, 8.125, 10.375], "texture": "#2"}
			}
		},
		{
			"from": [11.5, 4, 2.85],
			"to": [12.5, 12.975, 13.15],
			"faces": {
				"north": {"uv": [1.375, 9.375, 1.5, 10.5], "texture": "#2"},
				"east": {"uv": [6.625, 3.375, 7.875, 4.5], "texture": "#2"},
				"south": {"uv": [1.5, 9.375, 1.625, 10.5], "texture": "#2"},
				"west": {"uv": [6.625, 4.5, 7.875, 5.625], "texture": "#2"},
				"up": {"uv": [9.25, 6.125, 9.125, 4.875], "texture": "#2"},
				"down": {"uv": [9.25, 9, 9.125, 10.25], "texture": "#2"}
			}
		},
		{
			"from": [2.85, 4, 3.5],
			"to": [13.15, 12.975, 4.5],
			"faces": {
				"north": {"uv": [2.625, 7.875, 3.875, 9], "texture": "#2"},
				"east": {"uv": [9.375, 3.625, 9.5, 4.75], "texture": "#2"},
				"south": {"uv": [7.875, 3.375, 9.125, 4.5], "texture": "#2"},
				"west": {"uv": [9.375, 4.875, 9.5, 6], "texture": "#2"},
				"up": {"uv": [1.25, 4.125, 0, 4], "texture": "#2"},
				"down": {"uv": [1.25, 4.125, 0, 4.25], "texture": "#2"}
			}
		},
		{
			"from": [2.85, 4, 5.5],
			"to": [13.15, 12.975, 6.5],
			"faces": {
				"north": {"uv": [3.875, 7.875, 5.125, 9], "texture": "#2"},
				"east": {"uv": [9.375, 9, 9.5, 10.125], "texture": "#2"},
				"south": {"uv": [7.875, 4.5, 9.125, 5.625], "texture": "#2"},
				"west": {"uv": [0, 9.5, 0.125, 10.625], "texture": "#2"},
				"up": {"uv": [1.25, 4.375, 0, 4.25], "texture": "#2"},
				"down": {"uv": [1.25, 4.375, 0, 4.5], "texture": "#2"}
			}
		},
		{
			"from": [2.85, 4, 7.5],
			"to": [13.15, 12.975, 8.5],
			"faces": {
				"north": {"uv": [5.125, 7.875, 6.375, 9], "texture": "#2"},
				"east": {"uv": [9.5, 0, 9.625, 1.125], "texture": "#2"},
				"south": {"uv": [7.875, 5.625, 9.125, 6.75], "texture": "#2"},
				"west": {"uv": [0.125, 9.5, 0.25, 10.625], "texture": "#2"},
				"up": {"uv": [1.25, 4.625, 0, 4.5], "texture": "#2"},
				"down": {"uv": [1.25, 4.625, 0, 4.75], "texture": "#2"}
			}
		},
		{
			"from": [2.85, 4, 9.5],
			"to": [13.15, 12.975, 10.5],
			"faces": {
				"north": {"uv": [6.375, 7.875, 7.625, 9], "texture": "#2"},
				"east": {"uv": [0.25, 9.5, 0.375, 10.625], "texture": "#2"},
				"south": {"uv": [7.625, 7.875, 8.875, 9], "texture": "#2"},
				"west": {"uv": [0.375, 9.5, 0.5, 10.625], "texture": "#2"},
				"up": {"uv": [1.25, 4.875, 0, 4.75], "texture": "#2"},
				"down": {"uv": [1.25, 4.875, 0, 5], "texture": "#2"}
			}
		},
		{
			"from": [2.85, 4, 11.5],
			"to": [13.15, 12.975, 12.5],
			"faces": {
				"north": {"uv": [8, 0, 9.25, 1.125], "texture": "#2"},
				"east": {"uv": [0.5, 9.5, 0.625, 10.625], "texture": "#2"},
				"south": {"uv": [8, 1.125, 9.25, 2.25], "texture": "#2"},
				"west": {"uv": [0.625, 9.5, 0.75, 10.625], "texture": "#2"},
				"up": {"uv": [10.375, 6.25, 9.125, 6.125], "texture": "#2"},
				"down": {"uv": [10.375, 6.25, 9.125, 6.375], "texture": "#2"}
			}
		},
		{
			"from": [9.5, 4, 2.85],
			"to": [10.5, 12.975, 13.15],
			"faces": {
				"north": {"uv": [1.625, 9.375, 1.75, 10.5], "texture": "#2"},
				"east": {"uv": [6.625, 5.625, 7.875, 6.75], "texture": "#2"},
				"south": {"uv": [1.75, 9.375, 1.875, 10.5], "texture": "#2"},
				"west": {"uv": [2.75, 6.75, 4, 7.875], "texture": "#2"},
				"up": {"uv": [9.375, 1.25, 9.25, 0], "texture": "#2"},
				"down": {"uv": [9.375, 1.25, 9.25, 2.5], "texture": "#2"}
			}
		},
		{
			"from": [7.5, 4, 2.85],
			"to": [8.5, 12.975, 13.15],
			"faces": {
				"north": {"uv": [1.875, 9.375, 2, 10.5], "texture": "#2"},
				"east": {"uv": [4, 6.75, 5.25, 7.875], "texture": "#2"},
				"south": {"uv": [2, 9.375, 2.125, 10.5], "texture": "#2"},
				"west": {"uv": [5.25, 6.75, 6.5, 7.875], "texture": "#2"},
				"up": {"uv": [9.375, 3.75, 9.25, 2.5], "texture": "#2"},
				"down": {"uv": [9.375, 4.875, 9.25, 6.125], "texture": "#2"}
			}
		},
		{
			"from": [5.5, 4, 2.85],
			"to": [6.5, 12.975, 13.15],
			"faces": {
				"north": {"uv": [2.125, 9.375, 2.25, 10.5], "texture": "#2"},
				"east": {"uv": [6.5, 6.75, 7.75, 7.875], "texture": "#2"},
				"south": {"uv": [2.25, 9.375, 2.375, 10.5], "texture": "#2"},
				"west": {"uv": [1.375, 7.125, 2.625, 8.25], "texture": "#2"},
				"up": {"uv": [9.375, 10.25, 9.25, 9], "texture": "#2"},
				"down": {"uv": [9.5, 0, 9.375, 1.25], "texture": "#2"}
			}
		},
		{
			"from": [3.5, 4, 2.85],
			"to": [4.5, 12.975, 13.15],
			"faces": {
				"north": {"uv": [2.375, 9.375, 2.5, 10.5], "texture": "#2"},
				"east": {"uv": [0, 7.25, 1.25, 8.375], "texture": "#2"},
				"south": {"uv": [9.375, 2.5, 9.5, 3.625], "texture": "#2"},
				"west": {"uv": [7.75, 6.75, 9, 7.875], "texture": "#2"},
				"up": {"uv": [1.375, 10.625, 1.25, 9.375], "texture": "#2"},
				"down": {"uv": [9.5, 1.25, 9.375, 2.5], "texture": "#2"}
			}
		}
	],
	"display": {
		"thirdperson_righthand": {
			"scale": [0.46, 0.46, 0.46]
		},
		"thirdperson_lefthand": {
			"scale": [0, 0, 0]
		},
		"gui": {
			"rotation": [30, 45, 0],
			"scale": [0.73, 0.73, 0.73]
		},
		"head": {
			"rotation": [0, 0, 3.75],
			"translation": [-0.5, 11.25, -0.25],
			"scale": [1.4, 1.1, 1.4]
		}
	}
}