{
	"credit": "Made with Blockbench",
	"texture_size": [32, 32],
	"textures": {
		"0": "item/kitpvp/cucumber",
		"particle": "item/kitpvp/cucumber"
	},
	"elements": [
		{
			"from": [7, 0, 7],
			"to": [9, 20, 8.25],
			"faces": {
				"north": {"uv": [0, 0, 1, 10], "texture": "#0"},
				"east": {"uv": [1.5, 0, 2, 10], "texture": "#0"},
				"south": {"uv": [2, 0, 3, 10], "texture": "#0"},
				"west": {"uv": [3, 0, 3.5, 10], "texture": "#0"},
				"up": {"uv": [5, 0.625, 4, 0], "texture": "#0"},
				"down": {"uv": [5, 1, 4, 1.625], "texture": "#0"}
			}
		},
		{
			"from": [7, 0, 8.25],
			"to": [9, 3, 8.75],
			"faces": {
				"north": {"uv": [0, 0, 1, 10], "texture": "#0"},
				"east": {"uv": [1, 0, 1.25, 1.5], "texture": "#0"},
				"south": {"uv": [2, 0, 3, 1.5], "texture": "#0"},
				"west": {"uv": [3, 0, 3.25, 1.5], "texture": "#0"},
				"up": {"uv": [5, 0.25, 4, 0], "texture": "#0"},
				"down": {"uv": [5, 1, 4, 1.25], "texture": "#0"}
			}
		},
		{
			"from": [7.025, -2.625, 6.925],
			"to": [8.975, 0.375, 7.7],
			"rotation": {"angle": -22.5, "axis": "x", "origin": [0, 0, 0]},
			"faces": {
				"north": {"uv": [0, 0, 0.975, 1.5], "texture": "#0"},
				"east": {"uv": [1, 0, 1.3875, 1.5], "texture": "#0"},
				"south": {"uv": [2, 0, 3, 1.5], "texture": "#0"},
				"west": {"uv": [3, 0, 3.3875, 1.5], "texture": "#0"},
				"up": {"uv": [5, 0.25, 4, 0], "texture": "#0"},
				"down": {"uv": [5, 1, 4, 1.25], "texture": "#0"}
			}
		},
		{
			"from": [7.025, -0.575, 8.45],
			"to": [8.975, 0.875, 9.225],
			"rotation": {"angle": -22.5, "axis": "x", "origin": [0, 0, 0]},
			"faces": {
				"north": {"uv": [0, 0, 1, 10], "texture": "#0"},
				"east": {"uv": [1, 0, 1.3875, 0.725], "texture": "#0"},
				"south": {"uv": [2, 0, 2.975, 0.725], "texture": "#0"},
				"west": {"uv": [3, 0, 3.3875, 0.725], "texture": "#0"},
				"up": {"uv": [5, 0.25, 4, 0], "texture": "#0"},
				"down": {"uv": [5, 1, 4, 1.25], "texture": "#0"}
			}
		},
		{
			"from": [7, 18, 8.25],
			"to": [9, 20, 8.75],
			"faces": {
				"north": {"uv": [0, 0, 1, 10], "texture": "#0"},
				"east": {"uv": [1, 0, 1.25, 1], "texture": "#0"},
				"south": {"uv": [2, 0, 3, 1], "texture": "#0"},
				"west": {"uv": [3, 0, 3.25, 1], "texture": "#0"},
				"up": {"uv": [5, 0.25, 4, 0], "texture": "#0"},
				"down": {"uv": [5, 1, 4, 1.25], "texture": "#0"}
			}
		},
		{
			"from": [7.025, 19, -1.1],
			"to": [8.975, 21, -0.225],
			"rotation": {"angle": 22.5, "axis": "x", "origin": [0, 0, 0]},
			"faces": {
				"north": {"uv": [0, 0, 0.975, 1], "texture": "#0"},
				"east": {"uv": [1, 0, 1.4375, 1], "texture": "#0"},
				"south": {"uv": [2, 0, 3, 1], "texture": "#0"},
				"west": {"uv": [3, 0, 3.4375, 1], "texture": "#0"},
				"up": {"uv": [5, 0.25, 4, 0], "texture": "#0"},
				"down": {"uv": [5, 1, 4, 1.25], "texture": "#0"}
			}
		},
		{
			"from": [7.025, 18.525, 0.3],
			"to": [8.975, 19.975, 1.175],
			"rotation": {"angle": 22.5, "axis": "x", "origin": [0, 0, 0]},
			"faces": {
				"north": {"uv": [0, 0, 1, 10], "texture": "#0"},
				"east": {"uv": [1, 0, 1.25, 1], "texture": "#0"},
				"south": {"uv": [2, 0, 2.975, 0.725], "texture": "#0"},
				"west": {"uv": [3, 0, 3.4375, 0.725], "texture": "#0"},
				"up": {"uv": [5, 0.25, 4, 0], "texture": "#0"},
				"down": {"uv": [5, 1, 4, 1.25], "texture": "#0"}
			}
		},
		{
			"from": [7, 3, 6.25],
			"to": [9, 18, 7],
			"faces": {
				"north": {"uv": [0, 0, 1, 7.5], "texture": "#0"},
				"east": {"uv": [1, 0, 1.375, 7.5], "texture": "#0"},
				"south": {"uv": [2, 0, 3, 10], "texture": "#0"},
				"west": {"uv": [3, 0, 3.375, 7.5], "texture": "#0"},
				"up": {"uv": [5, 0.375, 4, 0], "texture": "#0"},
				"down": {"uv": [5, 1, 4, 1.375], "texture": "#0"}
			}
		}
	],
	"display": {
		"thirdperson_righthand": {
			"translation": [0, 0.5, 1.75]
		},
		"thirdperson_lefthand": {
			"translation": [0, 6.5, 1.25]
		},
		"firstperson_righthand": {
			"rotation": [-28.76, -19.27, -10.26],
			"translation": [2, 0, 0]
		},
		"ground": {
			"rotation": [90, -180, 0],
			"translation": [0, -3, 0]
		},
		"gui": {
			"rotation": [-45, 37, 60],
			"translation": [1.25, -1.25, 0],
			"scale": [0.9, 0.9, 0.9]
		}
	}
}