{
	"credit": "Made with Blockbench",
	"texture_size": [64, 64],
	"textures": {
		"0": "item/kitpvp/gachi",
		"particle": "item/kitpvp/gachi"
	},
	"elements": [
		{
			"from": [2, 0, 2],
			"to": [2.25, 11, 14],
			"faces": {
				"north": {"uv": [3.25, 6.75, 3.5, 8.75], "texture": "#0"},
				"east": {"uv": [3, 0, 6, 2], "texture": "#0"},
				"south": {"uv": [3.5, 6.75, 3.75, 8.75], "texture": "#0"},
				"west": {"uv": [3, 2, 6, 4.75], "texture": "#0"},
				"up": {"uv": [6.25, 7.5, 6, 4.5], "texture": "#0"},
				"down": {"uv": [6.5, 4.5, 6.25, 7.5], "texture": "#0"}
			}
		},
		{
			"from": [13.75, 0, 2],
			"to": [14, 11, 14],
			"faces": {
				"north": {"uv": [3.75, 6.75, 4, 8.75], "texture": "#0"},
				"east": {"uv": [3, 4, 6, 6.75], "texture": "#0"},
				"south": {"uv": [4, 6.75, 4.25, 8.75], "texture": "#0"},
				"west": {"uv": [0, 6, 3, 8], "texture": "#0"},
				"up": {"uv": [6.75, 7.75, 6.5, 4.75], "texture": "#0"},
				"down": {"uv": [3.25, 6.75, 3, 9.75], "texture": "#0"}
			}
		},
		{
			"from": [2.25, 6, 2],
			"to": [13.75, 11, 2.25],
			"faces": {
				"north": {"uv": [3, 6, 5.875, 7.25], "texture": "#0"},
				"east": {"uv": [5.75, 6.75, 6, 7.25], "texture": "#0"},
				"south": {"uv": [6, 4, 9, 4.5], "texture": "#0"},
				"west": {"uv": [8, 8.5, 8.25, 9], "texture": "#0"},
				"up": {"uv": [6, 6.75, 3, 6.5], "texture": "#0"},
				"down": {"uv": [9.5, 4.5, 6.5, 4.75], "texture": "#0"}
			}
		},
		{
			"from": [2, 11, 2],
			"to": [14, 11.25, 14],
			"faces": {
				"north": {"uv": [6.75, 5.25, 9.75, 5.5], "texture": "#0"},
				"east": {"uv": [6.75, 5.5, 9.75, 5.75], "texture": "#0"},
				"south": {"uv": [6.75, 5.75, 9.75, 6], "texture": "#0"},
				"west": {"uv": [6.75, 6, 9.75, 6.25], "texture": "#0"},
				"up": {"uv": [3, 3, 0, 0], "texture": "#0"},
				"down": {"uv": [3, 3, 0, 6], "texture": "#0"}
			}
		},
		{
			"from": [12.25, 2, 2],
			"to": [13.75, 6, 2.25],
			"faces": {
				"north": {"uv": [4.75, 6.75, 5.25, 7.75], "texture": "#0"},
				"east": {"uv": [4.75, 8.25, 5, 9.25], "texture": "#0"},
				"south": {"uv": [5.25, 6.75, 5.75, 7.75], "texture": "#0"},
				"west": {"uv": [5, 8.25, 5.25, 9.25], "texture": "#0"},
				"up": {"uv": [9, 7.75, 8.5, 7.5], "texture": "#0"},
				"down": {"uv": [8.75, 8.5, 8.25, 8.75], "texture": "#0"}
			}
		},
		{
			"from": [2.25, 2, 2],
			"to": [3.75, 6, 2.25],
			"faces": {
				"north": {"uv": [6.75, 6.25, 7.25, 7.25], "texture": "#0"},
				"east": {"uv": [5.25, 8.25, 5.5, 9.25], "texture": "#0"},
				"south": {"uv": [7.25, 6.25, 7.75, 7.25], "texture": "#0"},
				"west": {"uv": [5.5, 8.25, 5.75, 9.25], "texture": "#0"},
				"up": {"uv": [9, 8.5, 8.5, 8.25], "texture": "#0"},
				"down": {"uv": [0.5, 8.75, 0, 9], "texture": "#0"}
			}
		},
		{
			"from": [6.25, 4, 2],
			"to": [9.75, 6, 2.25],
			"faces": {
				"north": {"uv": [6.75, 7.25, 7.75, 7.75], "texture": "#0"},
				"east": {"uv": [0.5, 8.75, 0.75, 9.25], "texture": "#0"},
				"south": {"uv": [4.75, 7.75, 5.75, 8.25], "texture": "#0"},
				"west": {"uv": [0.75, 8.75, 1, 9.25], "texture": "#0"},
				"up": {"uv": [7.5, 8.5, 6.5, 8.25], "texture": "#0"},
				"down": {"uv": [8.5, 8.25, 7.5, 8.5], "texture": "#0"}
			}
		},
		{
			"from": [9, 2, 2],
			"to": [12.25, 4, 2.25],
			"faces": {
				"north": {"uv": [5.75, 7.5, 6.5, 8], "texture": "#0"},
				"east": {"uv": [1, 8.75, 1.25, 9.25], "texture": "#0"},
				"south": {"uv": [7.75, 6.25, 8.5, 6.75], "texture": "#0"},
				"west": {"uv": [1.25, 8.75, 1.5, 9.25], "texture": "#0"},
				"up": {"uv": [0.75, 8.75, 0, 8.5], "texture": "#0"},
				"down": {"uv": [1.5, 8.5, 0.75, 8.75], "texture": "#0"}
			}
		},
		{
			"from": [9.1, -1.575, 2.025],
			"to": [10.1, 0.675, 2.225],
			"rotation": {"angle": 22.5, "axis": "z", "origin": [0, 0, 0]},
			"faces": {
				"north": {"uv": [4.25, 8.75, 4.5, 9.25], "texture": "#0"},
				"east": {"uv": [4.5, 8.75, 4.75, 9.25], "texture": "#0"},
				"south": {"uv": [5.75, 8.75, 6, 9.25], "texture": "#0"},
				"west": {"uv": [6, 8.75, 6.25, 9.25], "texture": "#0"},
				"up": {"uv": [6, 7.5, 5.75, 7.25], "texture": "#0"},
				"down": {"uv": [7.5, 8.75, 7.25, 9], "texture": "#0"}
			}
		},
		{
			"from": [4.675, 4.525, 2.025],
			"to": [5.675, 6.775, 2.225],
			"rotation": {"angle": -22.5, "axis": "z", "origin": [0, 0, 0]},
			"faces": {
				"north": {"uv": [6.25, 8.75, 6.5, 9.25], "texture": "#0"},
				"east": {"uv": [6.5, 8.75, 6.75, 9.25], "texture": "#0"},
				"south": {"uv": [6.75, 8.75, 7, 9.25], "texture": "#0"},
				"west": {"uv": [7, 8.75, 7.25, 9.25], "texture": "#0"},
				"up": {"uv": [7.75, 9, 7.5, 8.75], "texture": "#0"},
				"down": {"uv": [8, 8.75, 7.75, 9], "texture": "#0"}
			}
		},
		{
			"from": [10.5, 0, 2],
			"to": [13.75, 2, 2.25],
			"faces": {
				"north": {"uv": [7.25, 7.75, 8, 8.25], "texture": "#0"},
				"east": {"uv": [2, 8.75, 2.25, 9.25], "texture": "#0"},
				"south": {"uv": [7.75, 7.25, 8.5, 7.75], "texture": "#0"},
				"west": {"uv": [2.25, 8.75, 2.5, 9.25], "texture": "#0"},
				"up": {"uv": [6.5, 8.75, 5.75, 8.5], "texture": "#0"},
				"down": {"uv": [9.25, 6.25, 8.5, 6.5], "texture": "#0"}
			}
		},
		{
			"from": [2.25, 0, 2],
			"to": [5.25, 2, 2.25],
			"faces": {
				"north": {"uv": [0, 8, 0.75, 8.5], "texture": "#0"},
				"east": {"uv": [2.5, 8.75, 2.75, 9.25], "texture": "#0"},
				"south": {"uv": [0.75, 8, 1.5, 8.5], "texture": "#0"},
				"west": {"uv": [2.75, 8.75, 3, 9.25], "texture": "#0"},
				"up": {"uv": [7.25, 8.75, 6.5, 8.5], "texture": "#0"},
				"down": {"uv": [9.25, 6.5, 8.5, 6.75], "texture": "#0"}
			}
		},
		{
			"from": [3.75, -3.55, 2.025],
			"to": [6.35, -1.55, 2.225],
			"rotation": {"angle": 45, "axis": "z", "origin": [0, 0, 0]},
			"faces": {
				"north": {"uv": [1.5, 8, 2.25, 8.5], "texture": "#0"},
				"east": {"uv": [3.25, 8.75, 3.5, 9.25], "texture": "#0"},
				"south": {"uv": [2.25, 8, 3, 8.5], "texture": "#0"},
				"west": {"uv": [3.5, 8.75, 3.75, 9.25], "texture": "#0"},
				"up": {"uv": [9.25, 7, 8.5, 6.75], "texture": "#0"},
				"down": {"uv": [9.25, 7, 8.5, 7.25], "texture": "#0"}
			}
		},
		{
			"from": [7.8, -7.15, 2.025],
			"to": [10.4, -4.95, 2.225],
			"rotation": {"angle": 45, "axis": "z", "origin": [0, 0, 0]},
			"faces": {
				"north": {"uv": [5.75, 8, 6.5, 8.5], "texture": "#0"},
				"east": {"uv": [3.75, 8.75, 4, 9.25], "texture": "#0"},
				"south": {"uv": [8, 7.75, 8.75, 8.25], "texture": "#0"},
				"west": {"uv": [4, 8.75, 4.25, 9.25], "texture": "#0"},
				"up": {"uv": [8, 8.75, 7.25, 8.5], "texture": "#0"},
				"down": {"uv": [9.25, 7.25, 8.5, 7.5], "texture": "#0"}
			}
		},
		{
			"from": [3.75, 2, 2],
			"to": [7, 4, 2.25],
			"faces": {
				"north": {"uv": [6.5, 7.75, 7.25, 8.25], "texture": "#0"},
				"east": {"uv": [1.5, 8.75, 1.75, 9.25], "texture": "#0"},
				"south": {"uv": [7.75, 6.75, 8.5, 7.25], "texture": "#0"},
				"west": {"uv": [1.75, 8.75, 2, 9.25], "texture": "#0"},
				"up": {"uv": [2.25, 8.75, 1.5, 8.5], "texture": "#0"},
				"down": {"uv": [3, 8.5, 2.25, 8.75], "texture": "#0"}
			}
		},
		{
			"from": [2.25, 0, 13.75],
			"to": [13.75, 11, 14],
			"faces": {
				"north": {"uv": [6, 0, 9, 2], "texture": "#0"},
				"east": {"uv": [4.25, 6.75, 4.5, 8.75], "texture": "#0"},
				"south": {"uv": [6, 2, 8.875, 4.75], "texture": "#0"},
				"west": {"uv": [4.5, 6.75, 4.75, 8.75], "texture": "#0"},
				"up": {"uv": [9.75, 5, 6.75, 4.75], "texture": "#0"},
				"down": {"uv": [9.75, 5, 6.75, 5.25], "texture": "#0"}
			}
		}
	],
	"display": {
		"thirdperson_righthand": {
			"translation": [0, 1.75, 1.75],
			"scale": [0.5, 0.5, 0.5]
		},
		"thirdperson_lefthand": {
			"translation": [0, 1.5, 1.75],
			"scale": [0.5, 0.5, 0.5]
		},
		"gui": {
			"rotation": [-154, 49, -180],
			"translation": [0, 1.75, 0],
			"scale": [0.8, 0.8, 0.8]
		},
		"head": {
			"translation": [0, 3.75, 0],
			"scale": [1.25, 1.25, 1.25]
		}
	}
}