{
	"credit": "Made with Blockbench",
	"texture_size": [64, 64],
	"textures": {
		"0": "item/kitpvp/glove",
		"particle": "item/kitpvp/glove"
	},
	"elements": [
		{
			"from": [4, 2.1, 2.2],
			"to": [12, 6, 10],
			"rotation": {"angle": 0, "axis": "y", "origin": [0, 2, 0]},
			"faces": {
				"north": {"uv": [3.5, 0, 5.5, 1], "texture": "#0"},
				"east": {"uv": [3.5, 1, 5.5, 2], "texture": "#0"},
				"south": {"uv": [3.5, 2, 5.5, 3], "texture": "#0"},
				"west": {"uv": [3.5, 3, 5.5, 4], "texture": "#0"},
				"up": {"uv": [2, 2, 0, 0], "texture": "#0"},
				"down": {"uv": [2, 2, 0, 4], "texture": "#0"}
			}
		},
		{
			"from": [5, 6, 2],
			"to": [11, 7, 10],
			"rotation": {"angle": 0, "axis": "y", "origin": [0, 2, 0]},
			"faces": {
				"north": {"uv": [6.25, 5.75, 7.75, 6], "texture": "#0"},
				"east": {"uv": [5.5, 3.5, 7.5, 3.75], "texture": "#0"},
				"south": {"uv": [6.25, 6, 7.75, 6.25], "texture": "#0"},
				"west": {"uv": [5.5, 3.75, 7.5, 4], "texture": "#0"},
				"up": {"uv": [3.5, 2, 2, 0], "texture": "#0"},
				"down": {"uv": [3.5, 2, 2, 4], "texture": "#0"}
			}
		},
		{
			"from": [8.25, 9.825, 2.025],
			"to": [9.05, 10.825, 9.975],
			"rotation": {"angle": -22.5, "axis": "z", "origin": [0, 2, 0]},
			"faces": {
				"north": {"uv": [5.5, 6.5, 5.75, 6.75], "texture": "#0"},
				"east": {"uv": [6.25, 4.25, 8.25, 4.5], "texture": "#0"},
				"south": {"uv": [5.75, 6.5, 6, 6.75], "texture": "#0"},
				"west": {"uv": [6.25, 4.5, 8.25, 4.75], "texture": "#0"},
				"up": {"uv": [3.25, 8.25, 3, 6.25], "texture": "#0"},
				"down": {"uv": [3.5, 6.25, 3.25, 8.25], "texture": "#0"}
			}
		},
		{
			"from": [11.625, 1.1, 2.05],
			"to": [12.625, 1.825, 9.95],
			"rotation": {"angle": 22.5, "axis": "z", "origin": [0, 2, 0]},
			"faces": {
				"north": {"uv": [5, 6.5, 5.25, 6.75], "texture": "#0"},
				"east": {"uv": [6.25, 4, 8.25, 4.25], "texture": "#0"},
				"south": {"uv": [5.25, 6.5, 5.5, 6.75], "texture": "#0"},
				"west": {"uv": [4.25, 6.25, 6.25, 6.5], "texture": "#0"},
				"up": {"uv": [2.75, 8.25, 2.5, 6.25], "texture": "#0"},
				"down": {"uv": [3, 6.25, 2.75, 8.25], "texture": "#0"}
			}
		},
		{
			"from": [5.85, 3.7, 2.025],
			"to": [6.55, 4.7, 9.975],
			"rotation": {"angle": 22.5, "axis": "z", "origin": [0, 2, 0]},
			"faces": {
				"north": {"uv": [6.5, 1.75, 6.75, 2], "texture": "#0"},
				"east": {"uv": [0, 6, 2, 6.25], "texture": "#0"},
				"south": {"uv": [4.25, 6.5, 4.5, 6.75], "texture": "#0"},
				"west": {"uv": [2, 6, 4, 6.25], "texture": "#0"},
				"up": {"uv": [4.25, 8, 4, 6], "texture": "#0"},
				"down": {"uv": [6.25, 4, 6, 6], "texture": "#0"}
			}
		},
		{
			"from": [2.2, 7.175, 2.05],
			"to": [3.2, 8.05, 9.95],
			"rotation": {"angle": -22.5, "axis": "z", "origin": [0, 2, 0]},
			"faces": {
				"north": {"uv": [4.5, 6.5, 4.75, 6.75], "texture": "#0"},
				"east": {"uv": [4.25, 6, 6.25, 6.25], "texture": "#0"},
				"south": {"uv": [4.75, 6.5, 5, 6.75], "texture": "#0"},
				"west": {"uv": [0, 6.25, 2, 6.5], "texture": "#0"},
				"up": {"uv": [2.25, 8.25, 2, 6.25], "texture": "#0"},
				"down": {"uv": [2.5, 6.25, 2.25, 8.25], "texture": "#0"}
			}
		},
		{
			"from": [5, 2.5, 2],
			"to": [11, 6, 3],
			"rotation": {"angle": 0, "axis": "y", "origin": [0, 2, 0]},
			"faces": {
				"north": {"uv": [0, 5, 1.5, 6], "texture": "#0"},
				"east": {"uv": [6.25, 6.25, 6.5, 7.25], "texture": "#0"},
				"south": {"uv": [1.5, 5, 3, 6], "texture": "#0"},
				"west": {"uv": [0, 6.5, 0.25, 7.5], "texture": "#0"},
				"up": {"uv": [7.75, 5, 6.25, 4.75], "texture": "#0"},
				"down": {"uv": [7.75, 5, 6.25, 5.25], "texture": "#0"}
			}
		},
		{
			"from": [3, 2.5, 3.5],
			"to": [4, 5, 8],
			"rotation": {"angle": 0, "axis": "y", "origin": [0, 2, 0]},
			"faces": {
				"north": {"uv": [0.5, 6.5, 0.75, 7.25], "texture": "#0"},
				"east": {"uv": [5.5, 2, 6.75, 2.75], "texture": "#0"},
				"south": {"uv": [0.75, 6.5, 1, 7.25], "texture": "#0"},
				"west": {"uv": [5.5, 2.75, 6.75, 3.5], "texture": "#0"},
				"up": {"uv": [3.75, 7.5, 3.5, 6.25], "texture": "#0"},
				"down": {"uv": [4, 6.25, 3.75, 7.5], "texture": "#0"}
			}
		},
		{
			"from": [4.1, 2.525, 1.3],
			"to": [5.1, 4.975, 2.1],
			"rotation": {"angle": -22.5, "axis": "y", "origin": [0, 2, 0]},
			"faces": {
				"north": {"uv": [1, 6.5, 1.25, 7], "texture": "#0"},
				"east": {"uv": [6.5, 1, 6.75, 1.5], "texture": "#0"},
				"south": {"uv": [1.25, 6.5, 1.5, 7], "texture": "#0"},
				"west": {"uv": [1.5, 6.5, 1.75, 7], "texture": "#0"},
				"up": {"uv": [6.75, 1.75, 6.5, 1.5], "texture": "#0"},
				"down": {"uv": [2, 6.5, 1.75, 6.75], "texture": "#0"}
			}
		},
		{
			"from": [5, 2.475, 10],
			"to": [11, 6, 14],
			"rotation": {"angle": 0, "axis": "y", "origin": [0, 2, 0]},
			"faces": {
				"north": {"uv": [0, 4, 1.5, 5], "texture": "#0"},
				"east": {"uv": [5.5, 0, 6.5, 1], "texture": "#0"},
				"south": {"uv": [1.5, 4, 3, 5], "texture": "#0"},
				"west": {"uv": [5.5, 1, 6.5, 2], "texture": "#0"},
				"up": {"uv": [4.5, 5, 3, 4], "texture": "#0"},
				"down": {"uv": [6, 4, 4.5, 5], "texture": "#0"}
			}
		},
		{
			"from": [4.8, 2.3, 13],
			"to": [11.2, 6.2, 14.025],
			"rotation": {"angle": 0, "axis": "y", "origin": [0, 2, 0]},
			"faces": {
				"north": {"uv": [3, 5, 4.5, 6], "texture": "#0"},
				"east": {"uv": [6.5, 0, 6.75, 1], "texture": "#0"},
				"south": {"uv": [4.5, 5, 6, 6], "texture": "#0"},
				"west": {"uv": [0.25, 6.5, 0.5, 7.5], "texture": "#0"},
				"up": {"uv": [7.75, 5.5, 6.25, 5.25], "texture": "#0"},
				"down": {"uv": [7.75, 5.5, 6.25, 5.75], "texture": "#0"}
			}
		}
	],
	"display": {
		"thirdperson_righthand": {
			"rotation": [0, 0, -90],
			"translation": [4.5, -2, 2.25],
			"scale": [0.72, 1.18, 0.74]
		},
		"thirdperson_lefthand": {
			"rotation": [0, 0, 90],
			"translation": [-5.25, -2, 0.25],
			"scale": [0, 0, 0]
		},
		"firstperson_righthand": {
			"rotation": [0, 0, -51.5],
			"translation": [1.75, 2.75, 0.75],
			"scale": [0.5, 0.72656, 0.5]
		},
		"ground": {
			"translation": [0, 2.75, 0]
		},
		"gui": {
			"rotation": [50, 50, 0],
			"translation": [0, 2.5, 0]
		},
		"head": {
			"rotation": [0, -180, 0],
			"translation": [0, 2.25, -11.25]
		}
	}
}