{
	"credit": "Made with Blockbench",
	"texture_size": [64, 64],
	"textures": {
		"0": "item/kitpvp/tor",
		"particle": "item/kitpvp/tor"
	},
	"elements": [
		{
			"from": [13.575, 3, 3.8],
			"to": [14.425, 6, 6.8],
			"faces": {
				"north": {"uv": [11.25, 5, 11.5, 5.75], "texture": "#0"},
				"east": {"uv": [9.25, 5, 10, 5.75], "texture": "#0"},
				"south": {"uv": [5.5, 11.25, 5.75, 12], "texture": "#0"},
				"west": {"uv": [5.5, 9.25, 6.25, 10], "texture": "#0"},
				"up": {"uv": [6, 12, 5.75, 11.25], "texture": "#0"},
				"down": {"uv": [11.5, 5.75, 11.25, 6.5], "texture": "#0"}
			}
		},
		{
			"from": [13.55, 1.975, 5.575],
			"to": [14.45, 5.55, 7.475],
			"rotation": {"angle": -22.5, "axis": "x", "origin": [0, 0, 0]},
			"faces": {
				"north": {"uv": [0.75, 10.5, 1, 11.5], "texture": "#0"},
				"east": {"uv": [2.5, 5, 3, 6], "texture": "#0"},
				"south": {"uv": [10.5, 6.5, 10.75, 7.5], "texture": "#0"},
				"west": {"uv": [2, 6.5, 2.5, 7.5], "texture": "#0"},
				"up": {"uv": [5.75, 9.25, 5.5, 8.75], "texture": "#0"},
				"down": {"uv": [10.25, 7, 10, 7.5], "texture": "#0"}
			}
		},
		{
			"from": [13.575, -0.925, 7.625],
			"to": [14.425, 2.65, 9.525],
			"rotation": {"angle": -45, "axis": "x", "origin": [0, 0, 0]},
			"faces": {
				"north": {"uv": [0.25, 10.75, 0.5, 11.75], "texture": "#0"},
				"east": {"uv": [8.25, 9.25, 8.75, 10.25], "texture": "#0"},
				"south": {"uv": [10.75, 4.5, 11, 5.5], "texture": "#0"},
				"west": {"uv": [8.75, 9.25, 9.25, 10.25], "texture": "#0"},
				"up": {"uv": [12, 2.5, 11.75, 2], "texture": "#0"},
				"down": {"uv": [12, 2.5, 11.75, 3], "texture": "#0"}
			}
		},
		{
			"from": [1.575, -0.925, 7.625],
			"to": [2.425, 2.65, 9.525],
			"rotation": {"angle": -45, "axis": "x", "origin": [0, 0, 0]},
			"faces": {
				"north": {"uv": [10.75, 6.5, 11, 7.5], "texture": "#0"},
				"east": {"uv": [9.25, 9.25, 9.75, 10.25], "texture": "#0"},
				"south": {"uv": [7.25, 10.75, 7.5, 11.75], "texture": "#0"},
				"west": {"uv": [0.5, 9.5, 1, 10.5], "texture": "#0"},
				"up": {"uv": [12, 3.5, 11.75, 3], "texture": "#0"},
				"down": {"uv": [3.5, 11.75, 3.25, 12.25], "texture": "#0"}
			}
		},
		{
			"from": [1.575, 3.325, 1.325],
			"to": [1.975, 6.1, 3.275],
			"rotation": {"angle": 45, "axis": "x", "origin": [-12.5, 0, 0]},
			"faces": {
				"north": {"uv": [7, 11.25, 7.25, 12], "texture": "#0"},
				"east": {"uv": [4.75, 9.5, 5.25, 10.25], "texture": "#0"},
				"south": {"uv": [11.25, 7.25, 11.5, 8], "texture": "#0"},
				"west": {"uv": [9.5, 5.75, 10, 6.5], "texture": "#0"},
				"up": {"uv": [11.75, 8.5, 11.5, 8], "texture": "#0"},
				"down": {"uv": [11.75, 8.5, 11.5, 9], "texture": "#0"}
			}
		},
		{
			"from": [1.6, -0.85, 4.45],
			"to": [2, 1.1, 7.225],
			"rotation": {"angle": -22.5, "axis": "x", "origin": [-12.5, 0, 0]},
			"faces": {
				"north": {"uv": [7.75, 11.5, 8, 12], "texture": "#0"},
				"east": {"uv": [8.5, 3.5, 9.25, 4], "texture": "#0"},
				"south": {"uv": [8, 11.5, 8.25, 12], "texture": "#0"},
				"west": {"uv": [9.25, 7, 10, 7.5], "texture": "#0"},
				"up": {"uv": [11.5, 7.25, 11.25, 6.5], "texture": "#0"},
				"down": {"uv": [7, 11.25, 6.75, 12], "texture": "#0"}
			}
		},
		{
			"from": [1.55, 5.575, 4.15],
			"to": [1.975, 7.575, 5.225],
			"rotation": {"angle": 22.5, "axis": "x", "origin": [-12.5, 0, 0]},
			"faces": {
				"north": {"uv": [11.5, 6.5, 11.75, 7], "texture": "#0"},
				"east": {"uv": [11.5, 7, 11.75, 7.5], "texture": "#0"},
				"south": {"uv": [7.5, 11.5, 7.75, 12], "texture": "#0"},
				"west": {"uv": [11.5, 7.5, 11.75, 8], "texture": "#0"},
				"up": {"uv": [11.25, 3.5, 11, 3.25], "texture": "#0"},
				"down": {"uv": [11.25, 5.25, 11, 5.5], "texture": "#0"}
			}
		},
		{
			"from": [1.55, 1.975, 5.575],
			"to": [2.45, 5.55, 7.475],
			"rotation": {"angle": -22.5, "axis": "x", "origin": [-12.5, 0, 0]},
			"faces": {
				"north": {"uv": [7.75, 10.5, 8, 11.5], "texture": "#0"},
				"east": {"uv": [6.25, 9.25, 6.75, 10.25], "texture": "#0"},
				"south": {"uv": [8, 10.5, 8.25, 11.5], "texture": "#0"},
				"west": {"uv": [6.75, 9.25, 7.25, 10.25], "texture": "#0"},
				"up": {"uv": [11.75, 6.5, 11.5, 6], "texture": "#0"},
				"down": {"uv": [6.5, 11.5, 6.25, 12], "texture": "#0"}
			}
		},
		{
			"from": [14, 5, 4.75],
			"to": [14.475, 9, 8.75],
			"faces": {
				"north": {"uv": [9.25, 10.25, 9.5, 11.25], "texture": "#0"},
				"east": {"uv": [2.75, 7.5, 3.75, 8.5], "texture": "#0"},
				"south": {"uv": [9.5, 10.25, 9.75, 11.25], "texture": "#0"},
				"west": {"uv": [3.75, 7.5, 4.75, 8.5], "texture": "#0"},
				"up": {"uv": [10.5, 11, 10.25, 10], "texture": "#0"},
				"down": {"uv": [0.75, 10.5, 0.5, 11.5], "texture": "#0"}
			}
		},
		{
			"from": [14.025, 3.925, 8.6],
			"to": [14.45, 5.925, 11.6],
			"rotation": {"angle": -22.5, "axis": "x", "origin": [0, 0, 0]},
			"faces": {
				"north": {"uv": [11.5, 9, 11.75, 9.5], "texture": "#0"},
				"east": {"uv": [9.5, 6.5, 10.25, 7], "texture": "#0"},
				"south": {"uv": [11.5, 9.5, 11.75, 10], "texture": "#0"},
				"west": {"uv": [9.5, 8, 10.25, 8.5], "texture": "#0"},
				"up": {"uv": [11.5, 8.75, 11.25, 8], "texture": "#0"},
				"down": {"uv": [8.5, 11.25, 8.25, 12], "texture": "#0"}
			}
		},
		{
			"from": [14.05, -0.775, 12],
			"to": [14.425, 1.225, 15],
			"rotation": {"angle": -45, "axis": "x", "origin": [0, 0, 0]},
			"faces": {
				"north": {"uv": [11.5, 10, 11.75, 10.5], "texture": "#0"},
				"east": {"uv": [9.75, 2.75, 10.5, 3.25], "texture": "#0"},
				"south": {"uv": [11.5, 10.5, 11.75, 11], "texture": "#0"},
				"west": {"uv": [9.75, 8.5, 10.5, 9], "texture": "#0"},
				"up": {"uv": [8.75, 12, 8.5, 11.25], "texture": "#0"},
				"down": {"uv": [9, 11.25, 8.75, 12], "texture": "#0"}
			}
		},
		{
			"from": [14.025, 12.5, 3.9],
			"to": [14.45, 14.5, 5.9],
			"rotation": {"angle": 22.5, "axis": "x", "origin": [0, 0, 0]},
			"faces": {
				"north": {"uv": [11.5, 11, 11.75, 11.5], "texture": "#0"},
				"east": {"uv": [10.5, 2.75, 11, 3.25], "texture": "#0"},
				"south": {"uv": [11.5, 11.5, 11.75, 12], "texture": "#0"},
				"west": {"uv": [10.75, 2, 11.25, 2.5], "texture": "#0"},
				"up": {"uv": [0.25, 12.25, 0, 11.75], "texture": "#0"},
				"down": {"uv": [12, 0, 11.75, 0.5], "texture": "#0"}
			}
		},
		{
			"from": [14.025, 14.675, -2.3],
			"to": [14.45, 16.1, -0.3],
			"rotation": {"angle": 45, "axis": "x", "origin": [0, 0, 0]},
			"faces": {
				"north": {"uv": [12, 7.25, 12.25, 7.5], "texture": "#0"},
				"east": {"uv": [11.75, 5.5, 12.25, 5.75], "texture": "#0"},
				"south": {"uv": [7.5, 12, 7.75, 12.25], "texture": "#0"},
				"west": {"uv": [11.75, 5.75, 12.25, 6], "texture": "#0"},
				"up": {"uv": [5.5, 12.25, 5.25, 11.75], "texture": "#0"},
				"down": {"uv": [12, 6, 11.75, 6.5], "texture": "#0"}
			}
		},
		{
			"from": [1.525, 14.675, -2.3],
			"to": [1.95, 16.125, -0.3],
			"rotation": {"angle": 45, "axis": "x", "origin": [0, 0, 0]},
			"faces": {
				"north": {"uv": [7.75, 12, 8, 12.25], "texture": "#0"},
				"east": {"uv": [11.75, 6.5, 12.25, 6.75], "texture": "#0"},
				"south": {"uv": [8, 12, 8.25, 12.25], "texture": "#0"},
				"west": {"uv": [11.75, 6.75, 12.25, 7], "texture": "#0"},
				"up": {"uv": [12, 7.5, 11.75, 7], "texture": "#0"},
				"down": {"uv": [7.5, 11.75, 7.25, 12.25], "texture": "#0"}
			}
		},
		{
			"from": [14.025, 10.45, 7.1],
			"to": [14.45, 15.925, 9.475],
			"rotation": {"angle": 22.5, "axis": "x", "origin": [0, 0, 0]},
			"faces": {
				"north": {"uv": [6, 10, 6.25, 11.25], "texture": "#0"},
				"east": {"uv": [8, 2.75, 8.5, 4], "texture": "#0"},
				"south": {"uv": [9.75, 10, 10, 11.25], "texture": "#0"},
				"west": {"uv": [0.5, 8.25, 1, 9.5], "texture": "#0"},
				"up": {"uv": [3.75, 12.25, 3.5, 11.75], "texture": "#0"},
				"down": {"uv": [12, 3.5, 11.75, 4], "texture": "#0"}
			}
		},
		{
			"from": [1.525, 10.45, 7.1],
			"to": [1.95, 15.925, 9.475],
			"rotation": {"angle": 22.5, "axis": "x", "origin": [0, 0, 0]},
			"faces": {
				"north": {"uv": [10, 10, 10.25, 11.25], "texture": "#0"},
				"east": {"uv": [1, 8.25, 1.5, 9.5], "texture": "#0"},
				"south": {"uv": [3.75, 10.25, 4, 11.5], "texture": "#0"},
				"west": {"uv": [1.5, 8.25, 2, 9.5], "texture": "#0"},
				"up": {"uv": [4.25, 12.25, 4, 11.75], "texture": "#0"},
				"down": {"uv": [12, 4, 11.75, 4.5], "texture": "#0"}
			}
		},
		{
			"from": [1.55, -0.775, 12],
			"to": [1.925, 1.225, 15],
			"rotation": {"angle": -45, "axis": "x", "origin": [-12.5, 0, 0]},
			"faces": {
				"north": {"uv": [11.75, 1.5, 12, 2], "texture": "#0"},
				"east": {"uv": [10, 3.5, 10.75, 4], "texture": "#0"},
				"south": {"uv": [1.75, 11.75, 2, 12.25], "texture": "#0"},
				"west": {"uv": [10, 4, 10.75, 4.5], "texture": "#0"},
				"up": {"uv": [9.5, 12, 9.25, 11.25], "texture": "#0"},
				"down": {"uv": [9.75, 11.25, 9.5, 12], "texture": "#0"}
			}
		},
		{
			"from": [1.525, 3.925, 8.6],
			"to": [1.95, 5.925, 11.6],
			"rotation": {"angle": -22.5, "axis": "x", "origin": [-12.5, 0, 0]},
			"faces": {
				"north": {"uv": [1.25, 11.75, 1.5, 12.25], "texture": "#0"},
				"east": {"uv": [9.75, 9, 10.5, 9.5], "texture": "#0"},
				"south": {"uv": [1.5, 11.75, 1.75, 12.25], "texture": "#0"},
				"west": {"uv": [9.75, 9.5, 10.5, 10], "texture": "#0"},
				"up": {"uv": [11.5, 9.5, 11.25, 8.75], "texture": "#0"},
				"down": {"uv": [9.25, 11.25, 9, 12], "texture": "#0"}
			}
		},
		{
			"from": [1.525, 12.5, 3.9],
			"to": [1.95, 14.5, 5.9],
			"rotation": {"angle": 22.5, "axis": "x", "origin": [-12.5, 0, 0]},
			"faces": {
				"north": {"uv": [0.25, 11.75, 0.5, 12.25], "texture": "#0"},
				"east": {"uv": [10.75, 3.5, 11.25, 4], "texture": "#0"},
				"south": {"uv": [11.75, 0.5, 12, 1], "texture": "#0"},
				"west": {"uv": [10.75, 4, 11.25, 4.5], "texture": "#0"},
				"up": {"uv": [1.25, 12.25, 1, 11.75], "texture": "#0"},
				"down": {"uv": [12, 1, 11.75, 1.5], "texture": "#0"}
			}
		},
		{
			"from": [14, 6, 8.75],
			"to": [14.475, 12, 12.75],
			"faces": {
				"north": {"uv": [5.25, 9.5, 5.5, 11], "texture": "#0"},
				"east": {"uv": [2.5, 6, 3.5, 7.5], "texture": "#0"},
				"south": {"uv": [2, 9.75, 2.25, 11.25], "texture": "#0"},
				"west": {"uv": [3.5, 6, 4.5, 7.5], "texture": "#0"},
				"up": {"uv": [10.75, 9, 10.5, 8], "texture": "#0"},
				"down": {"uv": [10.75, 9, 10.5, 10], "texture": "#0"}
			}
		},
		{
			"from": [14.05, 11.05, 9.725],
			"to": [14.425, 13.05, 14.825],
			"faces": {
				"north": {"uv": [4.25, 11.75, 4.5, 12.25], "texture": "#0"},
				"east": {"uv": [8, 4, 9.25, 4.5], "texture": "#0"},
				"south": {"uv": [4.5, 11.75, 4.75, 12.25], "texture": "#0"},
				"west": {"uv": [8.25, 8, 9.5, 8.5], "texture": "#0"},
				"up": {"uv": [4.25, 11.5, 4, 10.25], "texture": "#0"},
				"down": {"uv": [4.5, 10.25, 4.25, 11.5], "texture": "#0"}
			}
		},
		{
			"from": [1.55, 11.05, 9.725],
			"to": [1.925, 13.05, 14.825],
			"faces": {
				"north": {"uv": [11.75, 4.5, 12, 5], "texture": "#0"},
				"east": {"uv": [2, 8.5, 3.25, 9], "texture": "#0"},
				"south": {"uv": [11.75, 5, 12, 5.5], "texture": "#0"},
				"west": {"uv": [8.5, 2.75, 9.75, 3.25], "texture": "#0"},
				"up": {"uv": [4.75, 11.5, 4.5, 10.25], "texture": "#0"},
				"down": {"uv": [5, 10.25, 4.75, 11.5], "texture": "#0"}
			}
		},
		{
			"from": [1.5, 6, 8.75],
			"to": [1.975, 12, 12.75],
			"faces": {
				"north": {"uv": [2.25, 9.75, 2.5, 11.25], "texture": "#0"},
				"east": {"uv": [4.5, 6, 5.5, 7.5], "texture": "#0"},
				"south": {"uv": [2.5, 9.75, 2.75, 11.25], "texture": "#0"},
				"west": {"uv": [5.5, 6, 6.5, 7.5], "texture": "#0"},
				"up": {"uv": [10.75, 11, 10.5, 10], "texture": "#0"},
				"down": {"uv": [0.25, 10.75, 0, 11.75], "texture": "#0"}
			}
		},
		{
			"from": [1.55, 1.925, 1.85],
			"to": [2.45, 6, 4.65],
			"rotation": {"angle": 22.5, "axis": "x", "origin": [0, 0, 0]},
			"faces": {
				"north": {"uv": [8.75, 10.25, 9, 11.25], "texture": "#0"},
				"east": {"uv": [6.25, 7.5, 7, 8.5], "texture": "#0"},
				"south": {"uv": [9, 10.25, 9.25, 11.25], "texture": "#0"},
				"west": {"uv": [7, 7.5, 7.75, 8.5], "texture": "#0"},
				"up": {"uv": [11.5, 4.25, 11.25, 3.5], "texture": "#0"},
				"down": {"uv": [11.5, 4.25, 11.25, 5], "texture": "#0"}
			}
		},
		{
			"from": [13.55, 1.925, 1.775],
			"to": [14.45, 6.1, 4.625],
			"rotation": {"angle": 22.5, "axis": "x", "origin": [0, 0, 0]},
			"faces": {
				"north": {"uv": [8.25, 10.25, 8.5, 11.25], "texture": "#0"},
				"east": {"uv": [4.75, 7.5, 5.5, 8.5], "texture": "#0"},
				"south": {"uv": [8.5, 10.25, 8.75, 11.25], "texture": "#0"},
				"west": {"uv": [5.5, 7.5, 6.25, 8.5], "texture": "#0"},
				"up": {"uv": [11.5, 3.5, 11.25, 2.75], "texture": "#0"},
				"down": {"uv": [3.25, 11.25, 3, 12], "texture": "#0"}
			}
		},
		{
			"from": [14.025, 3.325, 1.325],
			"to": [14.425, 6.1, 3.275],
			"rotation": {"angle": 45, "axis": "x", "origin": [0, 0, 0]},
			"faces": {
				"north": {"uv": [6, 11.25, 6.25, 12], "texture": "#0"},
				"east": {"uv": [3.75, 9.5, 4.25, 10.25], "texture": "#0"},
				"south": {"uv": [6.5, 11.25, 6.75, 12], "texture": "#0"},
				"west": {"uv": [4.25, 9.5, 4.75, 10.25], "texture": "#0"},
				"up": {"uv": [11.75, 5.5, 11.5, 5], "texture": "#0"},
				"down": {"uv": [11.75, 5.5, 11.5, 6], "texture": "#0"}
			}
		},
		{
			"from": [14.025, 5.575, 4.15],
			"to": [14.45, 7.575, 5.225],
			"rotation": {"angle": 22.5, "axis": "x", "origin": [0, 0, 0]},
			"faces": {
				"north": {"uv": [10.25, 8, 10.5, 8.5], "texture": "#0"},
				"east": {"uv": [11.5, 4.5, 11.75, 5], "texture": "#0"},
				"south": {"uv": [4.75, 11.5, 5, 12], "texture": "#0"},
				"west": {"uv": [5, 11.5, 5.25, 12], "texture": "#0"},
				"up": {"uv": [9.5, 6, 9.25, 5.75], "texture": "#0"},
				"down": {"uv": [11, 2.5, 10.75, 2.75], "texture": "#0"}
			}
		},
		{
			"from": [14.025, 1.275, 8.025],
			"to": [14.425, 2.35, 12.6],
			"rotation": {"angle": -22.5, "axis": "x", "origin": [0, 0, 0]},
			"faces": {
				"north": {"uv": [7, 12, 7.25, 12.25], "texture": "#0"},
				"east": {"uv": [10, 6, 11.25, 6.25], "texture": "#0"},
				"south": {"uv": [12, 7, 12.25, 7.25], "texture": "#0"},
				"west": {"uv": [10, 6.25, 11.25, 6.5], "texture": "#0"},
				"up": {"uv": [5.25, 11.5, 5, 10.25], "texture": "#0"},
				"down": {"uv": [6.5, 10.25, 6.25, 11.5], "texture": "#0"}
			}
		},
		{
			"from": [1.575, 1.275, 7.6],
			"to": [1.95, 2.35, 12.875],
			"rotation": {"angle": -22.5, "axis": "x", "origin": [0, 0, 0]},
			"faces": {
				"north": {"uv": [11, 7.25, 11.25, 7.5], "texture": "#0"},
				"east": {"uv": [10, 5.5, 11.25, 5.75], "texture": "#0"},
				"south": {"uv": [5.75, 12, 6, 12.25], "texture": "#0"},
				"west": {"uv": [10, 5.75, 11.25, 6], "texture": "#0"},
				"up": {"uv": [5.75, 11.25, 5.5, 10], "texture": "#0"},
				"down": {"uv": [6, 10, 5.75, 11.25], "texture": "#0"}
			}
		},
		{
			"from": [14, 2, 4],
			"to": [14.475, 5, 7],
			"faces": {
				"north": {"uv": [11.25, 2, 11.5, 2.75], "texture": "#0"},
				"east": {"uv": [9.25, 3.5, 10, 4.25], "texture": "#0"},
				"south": {"uv": [2.25, 11.25, 2.5, 12], "texture": "#0"},
				"west": {"uv": [9.25, 4.25, 10, 5], "texture": "#0"},
				"up": {"uv": [2.75, 12, 2.5, 11.25], "texture": "#0"},
				"down": {"uv": [3, 11.25, 2.75, 12], "texture": "#0"}
			}
		},
		{
			"from": [1.525, 2, 4],
			"to": [2, 5, 7],
			"faces": {
				"north": {"uv": [11, 11, 11.25, 11.75], "texture": "#0"},
				"east": {"uv": [2, 9, 2.75, 9.75], "texture": "#0"},
				"south": {"uv": [11.25, 0.5, 11.5, 1.25], "texture": "#0"},
				"west": {"uv": [9, 8.5, 9.75, 9.25], "texture": "#0"},
				"up": {"uv": [11.5, 2, 11.25, 1.25], "texture": "#0"},
				"down": {"uv": [2.25, 11.25, 2, 12], "texture": "#0"}
			}
		},
		{
			"from": [13.525, 0, 2],
			"to": [14.5, 3, 5],
			"faces": {
				"north": {"uv": [11, 6.5, 11.25, 7.25], "texture": "#0"},
				"east": {"uv": [4, 8.75, 4.75, 9.5], "texture": "#0"},
				"south": {"uv": [10.25, 11, 10.5, 11.75], "texture": "#0"},
				"west": {"uv": [4.75, 8.75, 5.5, 9.5], "texture": "#0"},
				"up": {"uv": [10.75, 11.75, 10.5, 11], "texture": "#0"},
				"down": {"uv": [11, 11, 10.75, 11.75], "texture": "#0"}
			}
		},
		{
			"from": [1.5, 0, 2],
			"to": [2.475, 3, 5],
			"faces": {
				"north": {"uv": [3.25, 11, 3.5, 11.75], "texture": "#0"},
				"east": {"uv": [8.25, 8.5, 9, 9.25], "texture": "#0"},
				"south": {"uv": [3.5, 11, 3.75, 11.75], "texture": "#0"},
				"west": {"uv": [3.25, 8.75, 4, 9.5], "texture": "#0"},
				"up": {"uv": [11.25, 5.25, 11, 4.5], "texture": "#0"},
				"down": {"uv": [5.5, 11, 5.25, 11.75], "texture": "#0"}
			}
		},
		{
			"from": [2.5, 3, 13.5],
			"to": [13.5, 9, 14],
			"faces": {
				"north": {"uv": [3, 0, 5.75, 1.5], "texture": "#0"},
				"east": {"uv": [3.25, 9.5, 3.5, 11], "texture": "#0"},
				"south": {"uv": [3, 1.5, 5.75, 3], "texture": "#0"},
				"west": {"uv": [3.5, 9.5, 3.75, 11], "texture": "#0"},
				"up": {"uv": [2.75, 8.25, 0, 8], "texture": "#0"},
				"down": {"uv": [10.75, 2, 8, 2.25], "texture": "#0"}
			}
		},
		{
			"from": [2.5, 7.4, 2.65],
			"to": [13.5, 9.4, 3.15],
			"faces": {
				"north": {"uv": [6.5, 7, 9.25, 7.5], "texture": "#0"},
				"east": {"uv": [10.75, 11.75, 11, 12.25], "texture": "#0"},
				"south": {"uv": [0, 7.5, 2.75, 8], "texture": "#0"},
				"west": {"uv": [11, 11.75, 11.25, 12.25], "texture": "#0"},
				"up": {"uv": [10.75, 2.5, 8, 2.25], "texture": "#0"},
				"down": {"uv": [10.75, 2.5, 8, 2.75], "texture": "#0"}
			}
		},
		{
			"from": [6.5, 5.4, 2.65],
			"to": [9.5, 7.4, 3.15],
			"faces": {
				"north": {"uv": [10, 4.5, 10.75, 5], "texture": "#0"},
				"east": {"uv": [11.75, 11, 12, 11.5], "texture": "#0"},
				"south": {"uv": [10, 5, 10.75, 5.5], "texture": "#0"},
				"west": {"uv": [11.25, 11.75, 11.5, 12.25], "texture": "#0"},
				"up": {"uv": [2.75, 8.5, 2, 8.25], "texture": "#0"},
				"down": {"uv": [4.75, 11.5, 4, 11.75], "texture": "#0"}
			}
		},
		{
			"from": [7.5, 3.4, 2.65],
			"to": [8.5, 5.4, 3.15],
			"faces": {
				"north": {"uv": [11.75, 11.5, 12, 12], "texture": "#0"},
				"east": {"uv": [12, 0, 12.25, 0.5], "texture": "#0"},
				"south": {"uv": [12, 0.5, 12.25, 1], "texture": "#0"},
				"west": {"uv": [12, 1, 12.25, 1.5], "texture": "#0"},
				"up": {"uv": [12.25, 8.25, 12, 8], "texture": "#0"},
				"down": {"uv": [8.5, 12, 8.25, 12.25], "texture": "#0"}
			}
		},
		{
			"from": [12.5, 5.4, 2.65],
			"to": [13.5, 7.4, 4.15],
			"faces": {
				"north": {"uv": [2.5, 12, 2.75, 12.5], "texture": "#0"},
				"east": {"uv": [10.75, 10.5, 11.25, 11], "texture": "#0"},
				"south": {"uv": [12, 2.5, 12.25, 3], "texture": "#0"},
				"west": {"uv": [11, 0, 11.5, 0.5], "texture": "#0"},
				"up": {"uv": [3, 12.5, 2.75, 12], "texture": "#0"},
				"down": {"uv": [3.25, 12, 3, 12.5], "texture": "#0"}
			}
		},
		{
			"from": [5.55, 6.4, 2.675],
			"to": [6.55, 8.65, 3.125],
			"rotation": {"angle": -22.5, "axis": "z", "origin": [0, 0, 0]},
			"faces": {
				"north": {"uv": [12, 3, 12.25, 3.5], "texture": "#0"},
				"east": {"uv": [12, 3.5, 12.25, 4], "texture": "#0"},
				"south": {"uv": [12, 4, 12.25, 4.5], "texture": "#0"},
				"west": {"uv": [12, 4.5, 12.25, 5], "texture": "#0"},
				"up": {"uv": [12.25, 8.5, 12, 8.25], "texture": "#0"},
				"down": {"uv": [8.75, 12, 8.5, 12.25], "texture": "#0"}
			}
		},
		{
			"from": [8.225, 0.275, 2.675],
			"to": [9.225, 2.525, 3.125],
			"rotation": {"angle": 22.5, "axis": "z", "origin": [0, 0, 0]},
			"faces": {
				"north": {"uv": [4.75, 12, 5, 12.5], "texture": "#0"},
				"east": {"uv": [5, 12, 5.25, 12.5], "texture": "#0"},
				"south": {"uv": [12, 5, 12.25, 5.5], "texture": "#0"},
				"west": {"uv": [5.5, 12, 5.75, 12.5], "texture": "#0"},
				"up": {"uv": [12.25, 8.75, 12, 8.5], "texture": "#0"},
				"down": {"uv": [9, 12, 8.75, 12.25], "texture": "#0"}
			}
		},
		{
			"from": [2.5, 5.4, 2.65],
			"to": [3.5, 7.4, 4.15],
			"faces": {
				"north": {"uv": [12, 1.5, 12.25, 2], "texture": "#0"},
				"east": {"uv": [10.75, 9.5, 11.25, 10], "texture": "#0"},
				"south": {"uv": [2, 12, 2.25, 12.5], "texture": "#0"},
				"west": {"uv": [10.75, 10, 11.25, 10.5], "texture": "#0"},
				"up": {"uv": [12.25, 2.5, 12, 2], "texture": "#0"},
				"down": {"uv": [2.5, 12, 2.25, 12.5], "texture": "#0"}
			}
		},
		{
			"from": [2.025, 2.95, 15.85],
			"to": [13.975, 4.075, 16.35],
			"rotation": {"angle": -22.5, "axis": "x", "origin": [0, 0, 0]},
			"faces": {
				"north": {"uv": [8, 0.5, 11, 0.75], "texture": "#0"},
				"east": {"uv": [6.5, 12, 6.75, 12.25], "texture": "#0"},
				"south": {"uv": [8, 0.75, 11, 1], "texture": "#0"},
				"west": {"uv": [6.75, 12, 7, 12.25], "texture": "#0"},
				"up": {"uv": [11, 1.25, 8, 1], "texture": "#0"},
				"down": {"uv": [11, 1.25, 8, 1.5], "texture": "#0"}
			}
		},
		{
			"from": [2, 9, 4],
			"to": [14, 10, 13.5],
			"faces": {
				"north": {"uv": [8, 0, 11, 0.25], "texture": "#0"},
				"east": {"uv": [3.25, 8.5, 5.75, 8.75], "texture": "#0"},
				"south": {"uv": [8, 0.25, 11, 0.5], "texture": "#0"},
				"west": {"uv": [8.5, 3.25, 11, 3.5], "texture": "#0"},
				"up": {"uv": [3, 2.5, 0, 0], "texture": "#0"},
				"down": {"uv": [3, 2.5, 0, 5], "texture": "#0"}
			}
		},
		{
			"from": [2.025, 6.7, 6.025],
			"to": [13.975, 7.7, 7.525],
			"rotation": {"angle": -22.5, "axis": "x", "origin": [0, 0, 0]},
			"faces": {
				"north": {"uv": [8, 1.5, 11, 1.75], "texture": "#0"},
				"east": {"uv": [11.75, 7.5, 12.25, 7.75], "texture": "#0"},
				"south": {"uv": [8, 1.75, 11, 2], "texture": "#0"},
				"west": {"uv": [11.75, 7.75, 12.25, 8], "texture": "#0"},
				"up": {"uv": [9.5, 6.5, 6.5, 6], "texture": "#0"},
				"down": {"uv": [9.5, 6.5, 6.5, 7], "texture": "#0"}
			}
		},
		{
			"from": [2.05, 7.125, 2.7],
			"to": [2.4, 9.375, 4.2],
			"faces": {
				"north": {"uv": [11.75, 8, 12, 8.5], "texture": "#0"},
				"east": {"uv": [10.75, 7.5, 11.25, 8], "texture": "#0"},
				"south": {"uv": [11.75, 8.5, 12, 9], "texture": "#0"},
				"west": {"uv": [10.75, 8, 11.25, 8.5], "texture": "#0"},
				"up": {"uv": [12, 9.5, 11.75, 9], "texture": "#0"},
				"down": {"uv": [12, 9.5, 11.75, 10], "texture": "#0"}
			}
		},
		{
			"from": [13.575, 7.125, 2.7],
			"to": [13.925, 9.375, 4.2],
			"faces": {
				"north": {"uv": [11.75, 10, 12, 10.5], "texture": "#0"},
				"east": {"uv": [10.75, 8.5, 11.25, 9], "texture": "#0"},
				"south": {"uv": [10.25, 11.75, 10.5, 12.25], "texture": "#0"},
				"west": {"uv": [10.75, 9, 11.25, 9.5], "texture": "#0"},
				"up": {"uv": [10.75, 12.25, 10.5, 11.75], "texture": "#0"},
				"down": {"uv": [12, 10.5, 11.75, 11], "texture": "#0"}
			}
		},
		{
			"from": [2.025, 4.875, 11.275],
			"to": [13.975, 8.15, 11.775],
			"rotation": {"angle": 22.5, "axis": "x", "origin": [0, 0, 0]},
			"faces": {
				"north": {"uv": [5.5, 4.5, 8.5, 5.25], "texture": "#0"},
				"east": {"uv": [11.25, 11, 11.5, 11.75], "texture": "#0"},
				"south": {"uv": [5.5, 5.25, 8.5, 6], "texture": "#0"},
				"west": {"uv": [11.5, 0, 11.75, 0.75], "texture": "#0"},
				"up": {"uv": [10.75, 7.75, 7.75, 7.5], "texture": "#0"},
				"down": {"uv": [10.75, 7.75, 7.75, 8], "texture": "#0"}
			}
		},
		{
			"from": [13.5, 3, 4],
			"to": [14, 9, 14],
			"faces": {
				"north": {"uv": [1.5, 9.5, 1.75, 11], "texture": "#0"},
				"east": {"uv": [0, 5, 2.5, 6.5], "texture": "#0"},
				"south": {"uv": [1.75, 9.5, 2, 11], "texture": "#0"},
				"west": {"uv": [5.5, 3, 8, 4.5], "texture": "#0"},
				"up": {"uv": [0.25, 10.75, 0, 8.25], "texture": "#0"},
				"down": {"uv": [0.5, 8.25, 0.25, 10.75], "texture": "#0"}
			}
		},
		{
			"from": [13.5, 0, 4],
			"to": [14, 3, 12.75],
			"faces": {
				"north": {"uv": [11.25, 9.5, 11.5, 10.25], "texture": "#0"},
				"east": {"uv": [5.75, 0, 8, 0.75], "texture": "#0"},
				"south": {"uv": [9.75, 11.25, 10, 12], "texture": "#0"},
				"west": {"uv": [5.75, 0.75, 8, 1.5], "texture": "#0"},
				"up": {"uv": [7.5, 10.75, 7.25, 8.5], "texture": "#0"},
				"down": {"uv": [7.75, 8.5, 7.5, 10.75], "texture": "#0"}
			}
		},
		{
			"from": [2, 0, 4],
			"to": [2.5, 3, 12.7],
			"faces": {
				"north": {"uv": [10, 11.25, 10.25, 12], "texture": "#0"},
				"east": {"uv": [5.75, 1.5, 8, 2.25], "texture": "#0"},
				"south": {"uv": [11.25, 10.25, 11.5, 11], "texture": "#0"},
				"west": {"uv": [5.75, 2.25, 8, 3], "texture": "#0"},
				"up": {"uv": [3, 11.25, 2.75, 9], "texture": "#0"},
				"down": {"uv": [3.25, 9, 3, 11.25], "texture": "#0"}
			}
		},
		{
			"from": [13.525, 5, 10.625],
			"to": [13.95, 8.2, 11.75],
			"rotation": {"angle": 22.5, "axis": "x", "origin": [0, 0, 0]},
			"faces": {
				"north": {"uv": [0.5, 11.5, 0.75, 12.25], "texture": "#0"},
				"east": {"uv": [0.75, 11.5, 1, 12.25], "texture": "#0"},
				"south": {"uv": [11.5, 0.75, 11.75, 1.5], "texture": "#0"},
				"west": {"uv": [11.5, 1.5, 11.75, 2.25], "texture": "#0"},
				"up": {"uv": [6.25, 12.25, 6, 12], "texture": "#0"},
				"down": {"uv": [12.25, 6, 12, 6.25], "texture": "#0"}
			}
		},
		{
			"from": [2.05, 5, 10.625],
			"to": [2.475, 8.2, 11.75],
			"rotation": {"angle": 22.5, "axis": "x", "origin": [0, 0, 0]},
			"faces": {
				"north": {"uv": [11.5, 2.25, 11.75, 3], "texture": "#0"},
				"east": {"uv": [11.5, 3, 11.75, 3.75], "texture": "#0"},
				"south": {"uv": [3.75, 11.5, 4, 12.25], "texture": "#0"},
				"west": {"uv": [11.5, 3.75, 11.75, 4.5], "texture": "#0"},
				"up": {"uv": [6.5, 12.25, 6.25, 12], "texture": "#0"},
				"down": {"uv": [12.25, 6.25, 12, 6.5], "texture": "#0"}
			}
		},
		{
			"from": [2, 3, 4],
			"to": [2.5, 9, 14],
			"faces": {
				"north": {"uv": [1, 9.5, 1.25, 11], "texture": "#0"},
				"east": {"uv": [3, 3, 5.5, 4.5], "texture": "#0"},
				"south": {"uv": [1.25, 9.5, 1.5, 11], "texture": "#0"},
				"west": {"uv": [3, 4.5, 5.5, 6], "texture": "#0"},
				"up": {"uv": [8, 10.5, 7.75, 8], "texture": "#0"},
				"down": {"uv": [8.25, 8, 8, 10.5], "texture": "#0"}
			}
		},
		{
			"from": [1.6, 3, 3.8],
			"to": [2.45, 6, 6.8],
			"rotation": {"angle": 0, "axis": "y", "origin": [-12.5, 0, 0]},
			"faces": {
				"north": {"uv": [7.5, 10.75, 7.75, 11.5], "texture": "#0"},
				"east": {"uv": [8.5, 4.5, 9.25, 5.25], "texture": "#0"},
				"south": {"uv": [11, 0.5, 11.25, 1.25], "texture": "#0"},
				"west": {"uv": [8.5, 5.25, 9.25, 6], "texture": "#0"},
				"up": {"uv": [1.25, 11.75, 1, 11], "texture": "#0"},
				"down": {"uv": [1.5, 11, 1.25, 11.75], "texture": "#0"}
			}
		},
		{
			"from": [1.5, 5, 4.75],
			"to": [1.975, 9, 8.75],
			"rotation": {"angle": 0, "axis": "y", "origin": [-12.5, 0, 0]},
			"faces": {
				"north": {"uv": [6.5, 10.25, 6.75, 11.25], "texture": "#0"},
				"east": {"uv": [0, 6.5, 1, 7.5], "texture": "#0"},
				"south": {"uv": [10.25, 6.5, 10.5, 7.5], "texture": "#0"},
				"west": {"uv": [1, 6.5, 2, 7.5], "texture": "#0"},
				"up": {"uv": [7, 11.25, 6.75, 10.25], "texture": "#0"},
				"down": {"uv": [7.25, 10.25, 7, 11.25], "texture": "#0"}
			}
		}
	],
	"display": {
		"thirdperson_righthand": {
			"translation": [0, 2.5, 1.5],
			"scale": [0.49, 0.49, 0.49]
		},
		"thirdperson_lefthand": {
			"translation": [0, 3, 0],
			"scale": [0.49, 0.49, 0.49]
		},
		"ground": {
			"translation": [0, 4.25, 0]
		},
		"gui": {
			"rotation": [30, -143, 0],
			"translation": [0, 1, 0],
			"scale": [0.75, 0.75, 0.75]
		},
		"head": {
			"translation": [0, 5, -0.25],
			"scale": [1.3, 1.42, 1.44]
		}
	}
}