{
	"credit": "Made with Blockbench",
	"texture_size": [64, 64],
	"textures": {
		"1": "item/kitpvp/hummer"
	},
	"elements": [
		{
			"from": [7, 0, 7],
			"to": [9, 1, 9],
			"rotation": {"angle": 0, "axis": "y", "origin": [4, 0, 0]},
			"faces": {
				"north": {"uv": [6.5, 5.25, 7, 5.5], "texture": "#1"},
				"east": {"uv": [6.75, 4.5, 7.25, 4.75], "texture": "#1"},
				"south": {"uv": [5.25, 7, 5.75, 7.25], "texture": "#1"},
				"west": {"uv": [7, 5.25, 7.5, 5.5], "texture": "#1"},
				"up": {"uv": [2.25, 3.5, 1.75, 3], "texture": "#1"},
				"down": {"uv": [2.25, 3.5, 1.75, 4], "texture": "#1"}
			}
		},
		{
			"from": [7.25, 1, 7.25],
			"to": [8.75, 1.75, 8.75],
			"rotation": {"angle": 0, "axis": "y", "origin": [4, 0, 0]},
			"faces": {
				"north": {"uv": [7.25, 4.5, 7.625, 4.6875], "texture": "#1"},
				"east": {"uv": [7.25, 7, 7.625, 7.25], "texture": "#1"},
				"south": {"uv": [7.25, 7.25, 7.625, 7.5], "texture": "#1"},
				"west": {"uv": [7.5, 0, 7.875, 0.25], "texture": "#1"},
				"up": {"uv": [6.125, 3.375, 5.75, 3], "texture": "#1"},
				"down": {"uv": [6.125, 3.5, 5.75, 3.875], "texture": "#1"}
			}
		},
		{
			"from": [7.25, 2.125, 7.25],
			"to": [8.75, 2.875, 8.75],
			"rotation": {"angle": 0, "axis": "y", "origin": [4, 0, 0]},
			"faces": {
				"north": {"uv": [7.5, 1.75, 7.875, 1.9375], "texture": "#1"},
				"east": {"uv": [7.5, 2, 7.875, 2.25], "texture": "#1"},
				"south": {"uv": [7.5, 2.25, 7.875, 2.5], "texture": "#1"},
				"west": {"uv": [7.5, 2.5, 7.875, 2.75], "texture": "#1"},
				"up": {"uv": [4.125, 7.125, 3.75, 6.75], "texture": "#1"},
				"down": {"uv": [6.125, 6.75, 5.75, 7.125], "texture": "#1"}
			}
		},
		{
			"from": [7.25, 3.25, 7.25],
			"to": [8.75, 4, 8.75],
			"rotation": {"angle": 0, "axis": "y", "origin": [4, 0, 0]},
			"faces": {
				"north": {"uv": [7.5, 2.75, 7.875, 2.9375], "texture": "#1"},
				"east": {"uv": [7.5, 3, 7.875, 3.25], "texture": "#1"},
				"south": {"uv": [7.5, 3.25, 7.875, 3.5], "texture": "#1"},
				"west": {"uv": [7.5, 3.5, 7.875, 3.75], "texture": "#1"},
				"up": {"uv": [6.625, 7.125, 6.25, 6.75], "texture": "#1"},
				"down": {"uv": [7.125, 6.75, 6.75, 7.125], "texture": "#1"}
			}
		},
		{
			"from": [7.25, 4.35, 7.25],
			"to": [8.75, 5.1, 8.75],
			"rotation": {"angle": 0, "axis": "y", "origin": [4, 0, 0]},
			"faces": {
				"north": {"uv": [7.5, 3.75, 7.875, 3.9375], "texture": "#1"},
				"east": {"uv": [7.5, 4, 7.875, 4.25], "texture": "#1"},
				"south": {"uv": [4.25, 7.5, 4.625, 7.75], "texture": "#1"},
				"west": {"uv": [7.5, 4.25, 7.875, 4.5], "texture": "#1"},
				"up": {"uv": [7.375, 0.375, 7, 0], "texture": "#1"},
				"down": {"uv": [7.375, 0.5, 7, 0.875], "texture": "#1"}
			}
		},
		{
			"from": [7.25, 5.475, 7.25],
			"to": [8.75, 6.225, 8.75],
			"rotation": {"angle": 0, "axis": "y", "origin": [4, 0, 0]},
			"faces": {
				"north": {"uv": [7.5, 5.25, 7.875, 5.4375], "texture": "#1"},
				"east": {"uv": [7.5, 5.5, 7.875, 5.75], "texture": "#1"},
				"south": {"uv": [7.5, 5.75, 7.875, 6], "texture": "#1"},
				"west": {"uv": [7.5, 6, 7.875, 6.25], "texture": "#1"},
				"up": {"uv": [7.375, 1.375, 7, 1], "texture": "#1"},
				"down": {"uv": [7.375, 1.5, 7, 1.875], "texture": "#1"}
			}
		},
		{
			"from": [7.25, 6.6, 7.25],
			"to": [8.75, 8.1, 8.75],
			"rotation": {"angle": 0, "axis": "y", "origin": [4, 0, 0]},
			"faces": {
				"north": {"uv": [7, 2, 7.375, 2.375], "texture": "#1"},
				"east": {"uv": [7, 2.5, 7.375, 2.875], "texture": "#1"},
				"south": {"uv": [7, 3, 7.375, 3.375], "texture": "#1"},
				"west": {"uv": [7, 3.5, 7.375, 3.875], "texture": "#1"},
				"up": {"uv": [7.375, 4.375, 7, 4], "texture": "#1"},
				"down": {"uv": [4.625, 7, 4.25, 7.375], "texture": "#1"}
			}
		},
		{
			"from": [7.375, 1.75, 7.375],
			"to": [8.625, 2.125, 8.625],
			"rotation": {"angle": 0, "axis": "y", "origin": [4, 0, 0]},
			"faces": {
				"north": {"uv": [8, 5.25, 8.3125, 5.3125], "texture": "#1"},
				"east": {"uv": [5.5, 8, 5.8125, 8.0625], "texture": "#1"},
				"south": {"uv": [8, 5.5, 8.3125, 5.5625], "texture": "#1"},
				"west": {"uv": [8, 5.75, 8.3125, 5.8125], "texture": "#1"},
				"up": {"uv": [7.3125, 5.8125, 7, 5.5], "texture": "#1"},
				"down": {"uv": [7.3125, 6, 7, 6.3125], "texture": "#1"}
			}
		},
		{
			"from": [7.375, 2.875, 7.375],
			"to": [8.625, 3.25, 8.625],
			"rotation": {"angle": 0, "axis": "y", "origin": [4, 0, 0]},
			"faces": {
				"north": {"uv": [6, 8, 6.3125, 8.0625], "texture": "#1"},
				"east": {"uv": [8, 6, 8.3125, 6.0625], "texture": "#1"},
				"south": {"uv": [8, 6.25, 8.3125, 6.3125], "texture": "#1"},
				"west": {"uv": [6.5, 8, 6.8125, 8.0625], "texture": "#1"},
				"up": {"uv": [0.3125, 7.5625, 0, 7.25], "texture": "#1"},
				"down": {"uv": [0.8125, 7.25, 0.5, 7.5625], "texture": "#1"}
			}
		},
		{
			"from": [7.375, 4, 7.375],
			"to": [8.625, 4.375, 8.625],
			"rotation": {"angle": 0, "axis": "y", "origin": [4, 0, 0]},
			"faces": {
				"north": {"uv": [7, 8, 7.3125, 8.0625], "texture": "#1"},
				"east": {"uv": [7.5, 8, 7.8125, 8.0625], "texture": "#1"},
				"south": {"uv": [8, 8, 8.3125, 8.0625], "texture": "#1"},
				"west": {"uv": [0, 8.25, 0.3125, 8.3125], "texture": "#1"},
				"up": {"uv": [4.0625, 7.5625, 3.75, 7.25], "texture": "#1"},
				"down": {"uv": [5.5625, 7.25, 5.25, 7.5625], "texture": "#1"}
			}
		},
		{
			"from": [7.375, 5.1, 7.375],
			"to": [8.625, 5.475, 8.625],
			"rotation": {"angle": 0, "axis": "y", "origin": [4, 0, 0]},
			"faces": {
				"north": {"uv": [8.25, 0.25, 8.5625, 0.3125], "texture": "#1"},
				"east": {"uv": [0.5, 8.25, 0.8125, 8.3125], "texture": "#1"},
				"south": {"uv": [8.25, 0.5, 8.5625, 0.5625], "texture": "#1"},
				"west": {"uv": [8.25, 0.75, 8.5625, 0.8125], "texture": "#1"},
				"up": {"uv": [6.0625, 7.5625, 5.75, 7.25], "texture": "#1"},
				"down": {"uv": [6.5625, 7.25, 6.25, 7.5625], "texture": "#1"}
			}
		},
		{
			"from": [7.375, 6.225, 7.375],
			"to": [8.625, 6.6, 8.625],
			"rotation": {"angle": 0, "axis": "y", "origin": [4, 0, 0]},
			"faces": {
				"north": {"uv": [1, 8.25, 1.3125, 8.3125], "texture": "#1"},
				"east": {"uv": [8.25, 1, 8.5625, 1.0625], "texture": "#1"},
				"south": {"uv": [8.25, 1.25, 8.5625, 1.3125], "texture": "#1"},
				"west": {"uv": [8.25, 1.5, 8.5625, 1.5625], "texture": "#1"},
				"up": {"uv": [7.5625, 6.8125, 7.25, 6.5], "texture": "#1"},
				"down": {"uv": [7.0625, 7.25, 6.75, 7.5625], "texture": "#1"}
			}
		},
		{
			"from": [11.25, 5.25, 7.275],
			"to": [12.25, 5.75, 8.725],
			"rotation": {"angle": 22.5, "axis": "z", "origin": [4, 0, 0]},
			"faces": {
				"north": {"uv": [4.25, 6.75, 4.5, 6.875], "texture": "#1"},
				"east": {"uv": [8, 2.5, 8.375, 2.625], "texture": "#1"},
				"south": {"uv": [7, 6.5, 7.25, 6.625], "texture": "#1"},
				"west": {"uv": [8, 2.75, 8.375, 2.875], "texture": "#1"},
				"up": {"uv": [1.75, 4.875, 1.5, 4.5], "texture": "#1"},
				"down": {"uv": [1.75, 5, 1.5, 5.375], "texture": "#1"}
			}
		},
		{
			"from": [12.1, 1.95, 7.3],
			"to": [13.1, 2.45, 8.7],
			"rotation": {"angle": 45, "axis": "z", "origin": [4, 0, 0]},
			"faces": {
				"north": {"uv": [8, 5, 8.25, 5.125], "texture": "#1"},
				"east": {"uv": [8, 3.75, 8.375, 3.875], "texture": "#1"},
				"south": {"uv": [5.25, 8, 5.5, 8.125], "texture": "#1"},
				"west": {"uv": [8, 4, 8.375, 4.125], "texture": "#1"},
				"up": {"uv": [7.75, 1.125, 7.5, 0.75], "texture": "#1"},
				"down": {"uv": [7.75, 1.25, 7.5, 1.625], "texture": "#1"}
			}
		},
		{
			"from": [3.1, 8.275, 7.275],
			"to": [4.1, 8.775, 8.725],
			"rotation": {"angle": -22.5, "axis": "z", "origin": [4, 0, 0]},
			"faces": {
				"north": {"uv": [4.25, 8, 4.5, 8.125], "texture": "#1"},
				"east": {"uv": [8, 3, 8.375, 3.125], "texture": "#1"},
				"south": {"uv": [8, 4.25, 8.25, 4.375], "texture": "#1"},
				"west": {"uv": [8, 3.25, 8.375, 3.375], "texture": "#1"},
				"up": {"uv": [6.5, 3.375, 6.25, 3], "texture": "#1"},
				"down": {"uv": [6.5, 3.5, 6.25, 3.875], "texture": "#1"}
			}
		},
		{
			"from": [0.65, 7.575, 7.3],
			"to": [1.65, 8.075, 8.7],
			"rotation": {"angle": -45, "axis": "z", "origin": [4, 0, 0]},
			"faces": {
				"north": {"uv": [4.5, 8, 4.75, 8.125], "texture": "#1"},
				"east": {"uv": [8, 3.5, 8.375, 3.625], "texture": "#1"},
				"south": {"uv": [8, 4.75, 8.25, 4.875], "texture": "#1"},
				"west": {"uv": [3.75, 8, 4.125, 8.125], "texture": "#1"},
				"up": {"uv": [1.25, 7.625, 1, 7.25], "texture": "#1"},
				"down": {"uv": [7.75, 0.25, 7.5, 0.625], "texture": "#1"}
			}
		},
		{
			"from": [3.675, 8, 5.25],
			"to": [12.375, 13, 10.75],
			"rotation": {"angle": 0, "axis": "y", "origin": [4, 0, 0]},
			"faces": {
				"north": {"uv": [2.25, 0, 4.4375, 1.25], "texture": "#1"},
				"east": {"uv": [1.5, 5.5, 2.875, 6.75], "texture": "#1"},
				"south": {"uv": [2.25, 1.25, 4.4375, 2.5], "texture": "#1"},
				"west": {"uv": [3, 5.5, 4.375, 6.75], "texture": "#1"},
				"up": {"uv": [2.1875, 1.375, 0, 0], "texture": "#1"},
				"down": {"uv": [2.1875, 1.5, 0, 2.875], "texture": "#1"}
			}
		},
		{
			"from": [12.375, 7.625, 4.875],
			"to": [12.825, 13.375, 11.125],
			"rotation": {"angle": 0, "axis": "y", "origin": [4, 0, 0]},
			"faces": {
				"north": {"uv": [6, 0, 6.125, 1.4375], "texture": "#1"},
				"east": {"uv": [2.25, 2.5, 3.8125, 3.9375], "texture": "#1"},
				"south": {"uv": [6.25, 0, 6.375, 1.4375], "texture": "#1"},
				"west": {"uv": [0, 3, 1.5625, 4.4375], "texture": "#1"},
				"up": {"uv": [1.375, 7.5625, 1.25, 6], "texture": "#1"},
				"down": {"uv": [6.625, 3, 6.5, 4.5625], "texture": "#1"}
			}
		},
		{
			"from": [10.375, 7.875, 5.125],
			"to": [10.825, 13.125, 10.875],
			"rotation": {"angle": 0, "axis": "y", "origin": [4, 0, 0]},
			"faces": {
				"north": {"uv": [3.25, 6.75, 3.375, 8.0625], "texture": "#1"},
				"east": {"uv": [4.5, 0, 5.9375, 1.3125], "texture": "#1"},
				"south": {"uv": [3.5, 6.75, 3.625, 8.0625], "texture": "#1"},
				"west": {"uv": [5, 4, 6.4375, 5.3125], "texture": "#1"},
				"up": {"uv": [2.625, 8.1875, 2.5, 6.75], "texture": "#1"},
				"down": {"uv": [2.875, 6.75, 2.75, 8.1875], "texture": "#1"}
			}
		},
		{
			"from": [3.25, 7.625, 4.875],
			"to": [3.7, 13.375, 11.125],
			"rotation": {"angle": 0, "axis": "y", "origin": [4, 0, 0]},
			"faces": {
				"north": {"uv": [6.5, 0, 6.625, 1.4375], "texture": "#1"},
				"east": {"uv": [1.75, 4, 3.3125, 5.4375], "texture": "#1"},
				"south": {"uv": [6.75, 0, 6.875, 1.4375], "texture": "#1"},
				"west": {"uv": [4, 2.5, 5.5625, 3.9375], "texture": "#1"},
				"up": {"uv": [1.625, 8.3125, 1.5, 6.75], "texture": "#1"},
				"down": {"uv": [1.875, 6.75, 1.75, 8.3125], "texture": "#1"}
			}
		},
		{
			"from": [5.25, 7.875, 5.125],
			"to": [5.7, 13.125, 10.875],
			"rotation": {"angle": 0, "axis": "y", "origin": [4, 0, 0]},
			"faces": {
				"north": {"uv": [3, 6.75, 3.125, 8.0625], "texture": "#1"},
				"east": {"uv": [3.5, 4, 4.9375, 5.3125], "texture": "#1"},
				"south": {"uv": [6.75, 3, 6.875, 4.3125], "texture": "#1"},
				"west": {"uv": [0, 4.5, 1.4375, 5.8125], "texture": "#1"},
				"up": {"uv": [2.125, 8.1875, 2, 6.75], "texture": "#1"},
				"down": {"uv": [2.375, 6.75, 2.25, 8.1875], "texture": "#1"}
			}
		},
		{
			"from": [5.7, 10.25, 5.125],
			"to": [10.375, 10.7, 10.875],
			"rotation": {"angle": 0, "axis": "y", "origin": [4, 0, 0]},
			"faces": {
				"north": {"uv": [4.5, 1.5, 5.6875, 1.625], "texture": "#1"},
				"east": {"uv": [6.5, 4.75, 7.9375, 4.875], "texture": "#1"},
				"south": {"uv": [4.5, 1.75, 5.6875, 1.875], "texture": "#1"},
				"west": {"uv": [6.5, 5, 7.9375, 5.125], "texture": "#1"},
				"up": {"uv": [5.6875, 6.9375, 4.5, 5.5], "texture": "#1"},
				"down": {"uv": [6.9375, 1.5, 5.75, 2.9375], "texture": "#1"}
			}
		},
		{
			"from": [5.7, 8.875, 7.75],
			"to": [10.375, 13.125, 8.2],
			"rotation": {"angle": 0, "axis": "y", "origin": [4, 0, 0]},
			"faces": {
				"north": {"uv": [5.75, 5.5, 6.9375, 6.5625], "texture": "#1"},
				"east": {"uv": [4.75, 7, 4.875, 8.0625], "texture": "#1"},
				"south": {"uv": [0, 6, 1.1875, 7.0625], "texture": "#1"},
				"west": {"uv": [5, 7, 5.125, 8.0625], "texture": "#1"},
				"up": {"uv": [5.6875, 2.125, 4.5, 2], "texture": "#1"},
				"down": {"uv": [5.6875, 2.25, 4.5, 2.375], "texture": "#1"}
			}
		},
		{
			"from": [3.575, 12.625, 5.125],
			"to": [5.25, 13.125, 5.575],
			"rotation": {"angle": 0, "axis": "y", "origin": [4, 0, 0]},
			"faces": {
				"north": {"uv": [7.5, 6.25, 7.9375, 6.375], "texture": "#1"},
				"east": {"uv": [2, 8.25, 2.125, 8.375], "texture": "#1"},
				"south": {"uv": [7.25, 7.5, 7.6875, 7.625], "texture": "#1"},
				"west": {"uv": [2.25, 8.25, 2.375, 8.375], "texture": "#1"},
				"up": {"uv": [0.4375, 7.875, 0, 7.75], "texture": "#1"},
				"down": {"uv": [8.1875, 0.25, 7.75, 0.375], "texture": "#1"}
			}
		},
		{
			"from": [3.575, 7.875, 5.125],
			"to": [5.25, 8.375, 5.575],
			"rotation": {"angle": 0, "axis": "y", "origin": [4, 0, 0]},
			"faces": {
				"north": {"uv": [0.5, 7.75, 0.9375, 7.875], "texture": "#1"},
				"east": {"uv": [2.5, 8.25, 2.625, 8.375], "texture": "#1"},
				"south": {"uv": [7.75, 0.5, 8.1875, 0.625], "texture": "#1"},
				"west": {"uv": [2.75, 8.25, 2.875, 8.375], "texture": "#1"},
				"up": {"uv": [8.1875, 0.875, 7.75, 0.75], "texture": "#1"},
				"down": {"uv": [1.4375, 7.75, 1, 7.875], "texture": "#1"}
			}
		},
		{
			"from": [3.575, 7.875, 10.425],
			"to": [5.25, 8.375, 10.875],
			"rotation": {"angle": 0, "axis": "y", "origin": [4, 0, 0]},
			"faces": {
				"north": {"uv": [7.75, 1, 8.1875, 1.125], "texture": "#1"},
				"east": {"uv": [3, 8.25, 3.125, 8.375], "texture": "#1"},
				"south": {"uv": [7.75, 1.25, 8.1875, 1.375], "texture": "#1"},
				"west": {"uv": [3.25, 8.25, 3.375, 8.375], "texture": "#1"},
				"up": {"uv": [8.1875, 1.625, 7.75, 1.5], "texture": "#1"},
				"down": {"uv": [4.1875, 7.75, 3.75, 7.875], "texture": "#1"}
			}
		},
		{
			"from": [10.825, 7.875, 10.425],
			"to": [12.5, 8.375, 10.875],
			"rotation": {"angle": 0, "axis": "y", "origin": [4, 0, 0]},
			"faces": {
				"north": {"uv": [4.25, 7.75, 4.6875, 7.875], "texture": "#1"},
				"east": {"uv": [3.5, 8.25, 3.625, 8.375], "texture": "#1"},
				"south": {"uv": [7.75, 4.5, 8.1875, 4.625], "texture": "#1"},
				"west": {"uv": [3.75, 8.25, 3.875, 8.375], "texture": "#1"},
				"up": {"uv": [5.6875, 7.875, 5.25, 7.75], "texture": "#1"},
				"down": {"uv": [6.1875, 7.75, 5.75, 7.875], "texture": "#1"}
			}
		},
		{
			"from": [10.825, 12.625, 10.425],
			"to": [12.5, 13.125, 10.875],
			"rotation": {"angle": 0, "axis": "y", "origin": [4, 0, 0]},
			"faces": {
				"north": {"uv": [6.25, 7.75, 6.6875, 7.875], "texture": "#1"},
				"east": {"uv": [4, 8.25, 4.125, 8.375], "texture": "#1"},
				"south": {"uv": [7.75, 6.5, 8.1875, 6.625], "texture": "#1"},
				"west": {"uv": [4.25, 8.25, 4.375, 8.375], "texture": "#1"},
				"up": {"uv": [7.1875, 7.875, 6.75, 7.75], "texture": "#1"},
				"down": {"uv": [8.1875, 6.75, 7.75, 6.875], "texture": "#1"}
			}
		},
		{
			"from": [3.575, 12.625, 10.425],
			"to": [5.25, 13.125, 10.875],
			"rotation": {"angle": 0, "axis": "y", "origin": [4, 0, 0]},
			"faces": {
				"north": {"uv": [1, 8, 1.4375, 8.125], "texture": "#1"},
				"east": {"uv": [8.25, 4.75, 8.375, 4.875], "texture": "#1"},
				"south": {"uv": [8, 1.75, 8.4375, 1.875], "texture": "#1"},
				"west": {"uv": [5, 8.25, 5.125, 8.375], "texture": "#1"},
				"up": {"uv": [8.4375, 2.125, 8, 2], "texture": "#1"},
				"down": {"uv": [8.4375, 2.25, 8, 2.375], "texture": "#1"}
			}
		},
		{
			"from": [10.825, 12.625, 5.125],
			"to": [12.5, 13.125, 5.575],
			"rotation": {"angle": 0, "axis": "y", "origin": [4, 0, 0]},
			"faces": {
				"north": {"uv": [7.75, 7, 8.1875, 7.125], "texture": "#1"},
				"east": {"uv": [8.25, 4.25, 8.375, 4.375], "texture": "#1"},
				"south": {"uv": [7.25, 7.75, 7.6875, 7.875], "texture": "#1"},
				"west": {"uv": [4.5, 8.25, 4.625, 8.375], "texture": "#1"},
				"up": {"uv": [8.1875, 7.375, 7.75, 7.25], "texture": "#1"},
				"down": {"uv": [8.1875, 7.5, 7.75, 7.625], "texture": "#1"}
			}
		},
		{
			"from": [10.825, 7.875, 5.125],
			"to": [12.5, 8.375, 5.575],
			"rotation": {"angle": 0, "axis": "y", "origin": [4, 0, 0]},
			"faces": {
				"north": {"uv": [7.75, 7.75, 8.1875, 7.875], "texture": "#1"},
				"east": {"uv": [8.25, 4.5, 8.375, 4.625], "texture": "#1"},
				"south": {"uv": [0, 8, 0.4375, 8.125], "texture": "#1"},
				"west": {"uv": [4.75, 8.25, 4.875, 8.375], "texture": "#1"},
				"up": {"uv": [8.4375, 0.125, 8, 0], "texture": "#1"},
				"down": {"uv": [0.9375, 8, 0.5, 8.125], "texture": "#1"}
			}
		}
	],
	"display": {
		"thirdperson_righthand": {
			"rotation": [0, 90, 0],
			"translation": [0, 2.25, 1.5]
		},
		"thirdperson_lefthand": {
			"rotation": [0, 90, 0],
			"translation": [0, 1.75, 2],
			"scale": [0, 0, 0]
		},
		"firstperson_righthand": {
			"rotation": [-18, -60, 0],
			"translation": [0.5, 2.25, -1.75]
		},
		"firstperson_lefthand": {
			"scale": [0, 0, 0]
		},
		"ground": {
			"rotation": [180, 0, 0],
			"translation": [0, 2.25, 0]
		},
		"gui": {
			"rotation": [36, 158, -27],
			"translation": [0, 0.25, 0]
		}
	}
}