{
	"credit": "Made with Blockbench",
	"texture_size": [64, 64],
	"textures": {
		"2": "item/kitpvp/helmet"
	},
	"elements": [
		{
			"from": [10, 9, 2],
			"to": [13, 11, 14],
			"rotation": {"angle": 0, "axis": "y", "origin": [0, 2, 0]},
			"faces": {
				"north": {"uv": [4.25, 5.5, 5, 6], "texture": "#2"},
				"east": {"uv": [7.5, 4, 10.5, 4.5], "texture": "#2"},
				"south": {"uv": [9.5, 6, 10.25, 6.5], "texture": "#2"},
				"west": {"uv": [7.5, 4.5, 10.5, 5], "texture": "#2"},
				"up": {"uv": [0.75, 10.25, 0, 7.25], "texture": "#2"},
				"down": {"uv": [1.5, 7.25, 0.75, 10.25], "texture": "#2"}
			}
		},
		{
			"from": [3, 9, 2],
			"to": [6, 11, 14],
			"rotation": {"angle": 0, "axis": "y", "origin": [0, 2, 0]},
			"faces": {
				"north": {"uv": [3, 10, 3.75, 10.5], "texture": "#2"},
				"east": {"uv": [7.5, 5, 10.5, 5.5], "texture": "#2"},
				"south": {"uv": [3.75, 10, 4.5, 10.5], "texture": "#2"},
				"west": {"uv": [7.5, 5.5, 10.5, 6], "texture": "#2"},
				"up": {"uv": [2.25, 10.25, 1.5, 7.25], "texture": "#2"},
				"down": {"uv": [8.25, 0, 7.5, 3], "texture": "#2"}
			}
		},
		{
			"from": [3, 7, 2],
			"to": [6, 9, 3],
			"rotation": {"angle": 0, "axis": "y", "origin": [0, 2, 0]},
			"faces": {
				"north": {"uv": [10, 7.75, 10.75, 8.25], "texture": "#2"},
				"east": {"uv": [4.75, 10.75, 5, 11.25], "texture": "#2"},
				"south": {"uv": [10, 8.25, 10.75, 8.75], "texture": "#2"},
				"west": {"uv": [5, 10.75, 5.25, 11.25], "texture": "#2"},
				"up": {"uv": [10.5, 2.5, 9.75, 2.25], "texture": "#2"},
				"down": {"uv": [11.25, 4.75, 10.5, 5], "texture": "#2"}
			}
		},
		{
			"from": [10, 7, 2],
			"to": [13, 9, 3],
			"rotation": {"angle": 0, "axis": "y", "origin": [0, 2, 0]},
			"faces": {
				"north": {"uv": [10, 8.75, 10.75, 9.25], "texture": "#2"},
				"east": {"uv": [5.25, 10.75, 5.5, 11.25], "texture": "#2"},
				"south": {"uv": [10, 9.25, 10.75, 9.75], "texture": "#2"},
				"west": {"uv": [5.5, 10.75, 5.75, 11.25], "texture": "#2"},
				"up": {"uv": [11.25, 5.25, 10.5, 5], "texture": "#2"},
				"down": {"uv": [11.25, 5.25, 10.5, 5.5], "texture": "#2"}
			}
		},
		{
			"from": [6, 9, 2],
			"to": [10, 11, 14],
			"rotation": {"angle": 0, "axis": "y", "origin": [0, 2, 0]},
			"faces": {
				"north": {"uv": [9.5, 2.5, 10.5, 3], "texture": "#2"},
				"east": {"uv": [7.5, 3, 10.5, 3.5], "texture": "#2"},
				"south": {"uv": [3, 9.5, 4, 10], "texture": "#2"},
				"west": {"uv": [7.5, 3.5, 10.5, 4], "texture": "#2"},
				"up": {"uv": [7, 9.25, 6, 6.25], "texture": "#2"},
				"down": {"uv": [8, 6.25, 7, 9.25], "texture": "#2"}
			}
		},
		{
			"from": [3, 0, 7],
			"to": [13, 9, 14],
			"rotation": {"angle": 0, "axis": "y", "origin": [0, 2, 0]},
			"faces": {
				"north": {"uv": [5, 0, 7.5, 2.25], "texture": "#2"},
				"east": {"uv": [2.5, 5.5, 4.25, 7.75], "texture": "#2"},
				"south": {"uv": [5, 2.25, 7.5, 4.5], "texture": "#2"},
				"west": {"uv": [4.25, 6.25, 6, 8.5], "texture": "#2"},
				"up": {"uv": [7.5, 6.25, 5, 4.5], "texture": "#2"},
				"down": {"uv": [2.5, 5.5, 0, 7.25], "texture": "#2"}
			}
		},
		{
			"from": [7.775, 1.3, 2.025],
			"to": [10.775, 3.3, 3],
			"rotation": {"angle": 45, "axis": "z", "origin": [0, 2, 0]},
			"faces": {
				"north": {"uv": [4.5, 10, 5.25, 10.5], "texture": "#2"},
				"east": {"uv": [2.25, 7.25, 2.5, 7.75], "texture": "#2"},
				"south": {"uv": [10, 6.5, 10.75, 7], "texture": "#2"},
				"west": {"uv": [4, 9.5, 4.25, 10], "texture": "#2"},
				"up": {"uv": [5, 6.25, 4.25, 6], "texture": "#2"},
				"down": {"uv": [9.5, 2.75, 8.75, 3], "texture": "#2"}
			}
		},
		{
			"from": [10.6, -1.525, 2.025],
			"to": [12.6, 1.475, 3],
			"rotation": {"angle": 45, "axis": "z", "origin": [0, 2, 0]},
			"faces": {
				"north": {"uv": [5.25, 10, 5.75, 10.75], "texture": "#2"},
				"east": {"uv": [2, 10.25, 2.25, 11], "texture": "#2"},
				"south": {"uv": [10, 7, 10.5, 7.75], "texture": "#2"},
				"west": {"uv": [4.5, 10.5, 4.75, 11.25], "texture": "#2"},
				"up": {"uv": [8, 6.25, 7.5, 6], "texture": "#2"},
				"down": {"uv": [5.25, 10.5, 4.75, 10.75], "texture": "#2"}
			}
		},
		{
			"from": [11, 0, 1.975],
			"to": [13, 1.5, 2.95],
			"faces": {
				"north": {"uv": [10.5, 5.5, 11, 5.75], "texture": "#2"},
				"east": {"uv": [11, 3.25, 11.25, 3.5], "texture": "#2"},
				"south": {"uv": [10.5, 5.75, 11, 6], "texture": "#2"},
				"west": {"uv": [3.5, 11, 3.75, 11.25], "texture": "#2"},
				"up": {"uv": [11, 7.25, 10.5, 7], "texture": "#2"},
				"down": {"uv": [11, 7.25, 10.5, 7.5], "texture": "#2"}
			}
		},
		{
			"from": [7, 8.25, 1.975],
			"to": [9, 9.75, 2.95],
			"rotation": {"angle": 0, "axis": "y", "origin": [0, 2, 0]},
			"faces": {
				"north": {"uv": [3, 10.5, 3.5, 11], "texture": "#2"},
				"east": {"uv": [10.75, 8.75, 11, 9.25], "texture": "#2"},
				"south": {"uv": [10.5, 3.25, 11, 3.75], "texture": "#2"},
				"west": {"uv": [10.75, 9.25, 11, 9.75], "texture": "#2"},
				"up": {"uv": [11.25, 10, 10.75, 9.75], "texture": "#2"},
				"down": {"uv": [11.25, 10, 10.75, 10.25], "texture": "#2"}
			}
		},
		{
			"from": [12, 1.5, 1.975],
			"to": [13, 7, 2.95],
			"rotation": {"angle": 0, "axis": "y", "origin": [0, 2, 0]},
			"faces": {
				"north": {"uv": [10, 9.75, 10.25, 11.25], "texture": "#2"},
				"east": {"uv": [0, 10.25, 0.25, 11.75], "texture": "#2"},
				"south": {"uv": [10.25, 0, 10.5, 1.5], "texture": "#2"},
				"west": {"uv": [0.25, 10.25, 0.5, 11.75], "texture": "#2"},
				"up": {"uv": [9, 11.25, 8.75, 11], "texture": "#2"},
				"down": {"uv": [11.25, 8.75, 11, 9], "texture": "#2"}
			}
		},
		{
			"from": [3, 1.5, 1.975],
			"to": [4, 7, 2.95],
			"rotation": {"angle": 0, "axis": "y", "origin": [0, 2, 0]},
			"faces": {
				"north": {"uv": [0.5, 10.25, 0.75, 11.75], "texture": "#2"},
				"east": {"uv": [0.75, 10.25, 1, 11.75], "texture": "#2"},
				"south": {"uv": [1, 10.25, 1.25, 11.75], "texture": "#2"},
				"west": {"uv": [1.25, 10.25, 1.5, 11.75], "texture": "#2"},
				"up": {"uv": [11.25, 9.25, 11, 9], "texture": "#2"},
				"down": {"uv": [11.25, 9.25, 11, 9.5], "texture": "#2"}
			}
		},
		{
			"from": [9.725, -4.25, 2],
			"to": [10.775, -2.825, 2.925],
			"rotation": {"angle": 22.5, "axis": "z", "origin": [0, 0, 0]},
			"faces": {
				"north": {"uv": [11, 3.75, 11.25, 4], "texture": "#2"},
				"east": {"uv": [4, 11, 4.25, 11.25], "texture": "#2"},
				"south": {"uv": [11, 4, 11.25, 4.25], "texture": "#2"},
				"west": {"uv": [4.25, 11, 4.5, 11.25], "texture": "#2"},
				"up": {"uv": [11.25, 4.5, 11, 4.25], "texture": "#2"},
				"down": {"uv": [11.25, 4.5, 11, 4.75], "texture": "#2"}
			}
		},
		{
			"from": [12.425, 0.625, 2.025],
			"to": [13.475, 2.275, 2.9],
			"rotation": {"angle": 22.5, "axis": "z", "origin": [0, 2, 0]},
			"faces": {
				"north": {"uv": [10.25, 10.75, 10.5, 11.25], "texture": "#2"},
				"east": {"uv": [10.75, 10.25, 11, 10.75], "texture": "#2"},
				"south": {"uv": [10.5, 10.75, 10.75, 11.25], "texture": "#2"},
				"west": {"uv": [10.75, 10.75, 11, 11.25], "texture": "#2"},
				"up": {"uv": [9.75, 11.25, 9.5, 11], "texture": "#2"},
				"down": {"uv": [11.25, 9.5, 11, 9.75], "texture": "#2"}
			}
		},
		{
			"from": [1.325, 6.75, 2.025],
			"to": [2.375, 8.4, 2.9],
			"rotation": {"angle": -22.5, "axis": "z", "origin": [0, 2, 0]},
			"faces": {
				"north": {"uv": [11, 0, 11.25, 0.5], "texture": "#2"},
				"east": {"uv": [11, 0.5, 11.25, 1], "texture": "#2"},
				"south": {"uv": [11, 1, 11.25, 1.5], "texture": "#2"},
				"west": {"uv": [1.5, 11, 1.75, 11.5], "texture": "#2"},
				"up": {"uv": [10, 11.25, 9.75, 11], "texture": "#2"},
				"down": {"uv": [11.25, 10.25, 11, 10.5], "texture": "#2"}
			}
		},
		{
			"from": [6.85, -7.775, 2.025],
			"to": [7.9, -6.35, 2.9],
			"rotation": {"angle": 45, "axis": "z", "origin": [0, 0, 0]},
			"faces": {
				"north": {"uv": [11, 5.5, 11.25, 5.75], "texture": "#2"},
				"east": {"uv": [11, 5.75, 11.25, 6], "texture": "#2"},
				"south": {"uv": [11, 6, 11.25, 6.25], "texture": "#2"},
				"west": {"uv": [11, 6.25, 11.25, 6.5], "texture": "#2"},
				"up": {"uv": [11.25, 6.75, 11, 6.5], "texture": "#2"},
				"down": {"uv": [11.25, 6.75, 11, 7], "texture": "#2"}
			}
		},
		{
			"from": [3, 0, 1.975],
			"to": [5, 1.5, 2.95],
			"faces": {
				"north": {"uv": [10.5, 7.5, 11, 7.75], "texture": "#2"},
				"east": {"uv": [11, 3.5, 11.25, 3.75], "texture": "#2"},
				"south": {"uv": [10.75, 1.5, 11.25, 1.75], "texture": "#2"},
				"west": {"uv": [3.75, 11, 4, 11.25], "texture": "#2"},
				"up": {"uv": [11.25, 2, 10.75, 1.75], "texture": "#2"},
				"down": {"uv": [11.25, 2, 10.75, 2.25], "texture": "#2"}
			}
		},
		{
			"from": [4.05, 1.8, 2],
			"to": [5.1, 3.3, 2.925],
			"rotation": {"angle": -22.5, "axis": "z", "origin": [0, 0, 0]},
			"faces": {
				"north": {"uv": [10.75, 6, 11, 6.5], "texture": "#2"},
				"east": {"uv": [10.75, 6.5, 11, 7], "texture": "#2"},
				"south": {"uv": [10.75, 7.75, 11, 8.25], "texture": "#2"},
				"west": {"uv": [10.75, 8.25, 11, 8.75], "texture": "#2"},
				"up": {"uv": [11.25, 7.25, 11, 7], "texture": "#2"},
				"down": {"uv": [11.25, 7.25, 11, 7.5], "texture": "#2"}
			}
		},
		{
			"from": [3.45, 3.5, 2.025],
			"to": [4.5, 5, 2.9],
			"rotation": {"angle": -45, "axis": "z", "origin": [0, 0, 0]},
			"faces": {
				"north": {"uv": [11, 7.5, 11.25, 7.75], "texture": "#2"},
				"east": {"uv": [11, 7.75, 11.25, 8], "texture": "#2"},
				"south": {"uv": [11, 8, 11.25, 8.25], "texture": "#2"},
				"west": {"uv": [11, 8.25, 11.25, 8.5], "texture": "#2"},
				"up": {"uv": [8.75, 11.25, 8.5, 11], "texture": "#2"},
				"down": {"uv": [11.25, 8.5, 11, 8.75], "texture": "#2"}
			}
		},
		{
			"from": [13, 0, 3],
			"to": [14, 11, 13],
			"rotation": {"angle": 0, "axis": "y", "origin": [0, 2, 0]},
			"faces": {
				"north": {"uv": [5.75, 8.5, 6, 11.25], "texture": "#2"},
				"east": {"uv": [0, 0, 2.5, 2.75], "texture": "#2"},
				"south": {"uv": [8.5, 7.5, 8.75, 10.25], "texture": "#2"},
				"west": {"uv": [2.5, 0, 5, 2.75], "texture": "#2"},
				"up": {"uv": [9.75, 2.5, 9.5, 0], "texture": "#2"},
				"down": {"uv": [2.5, 9.5, 2.25, 12], "texture": "#2"}
			}
		},
		{
			"from": [2, 0, 3],
			"to": [3, 11, 13],
			"rotation": {"angle": 0, "axis": "y", "origin": [0, 2, 0]},
			"faces": {
				"north": {"uv": [8.75, 0, 9, 2.75], "texture": "#2"},
				"east": {"uv": [0, 2.75, 2.5, 5.5], "texture": "#2"},
				"south": {"uv": [8.75, 7.5, 9, 10.25], "texture": "#2"},
				"west": {"uv": [2.5, 2.75, 5, 5.5], "texture": "#2"},
				"up": {"uv": [2.75, 12, 2.5, 9.5], "texture": "#2"},
				"down": {"uv": [3, 9.5, 2.75, 12], "texture": "#2"}
			}
		},
		{
			"from": [3.525, 0.025, -0.725],
			"to": [4.525, 10.975, 0.7],
			"rotation": {"angle": -45, "axis": "y", "origin": [0, 2, 0]},
			"faces": {
				"north": {"uv": [9, 0, 9.25, 2.75], "texture": "#2"},
				"east": {"uv": [9, 6, 9.25, 8.75], "texture": "#2"},
				"south": {"uv": [8, 9, 8.25, 11.75], "texture": "#2"},
				"west": {"uv": [8.25, 9, 8.5, 11.75], "texture": "#2"},
				"up": {"uv": [2, 11.25, 1.75, 11], "texture": "#2"},
				"down": {"uv": [2.25, 11, 2, 11.25], "texture": "#2"}
			}
		},
		{
			"from": [18.125, 0.025, -0.725],
			"to": [19.125, 10.975, 0.7],
			"rotation": {"angle": -45, "axis": "y", "origin": [0, 2, 0]},
			"faces": {
				"north": {"uv": [9, 8.75, 9.25, 11.5], "texture": "#2"},
				"east": {"uv": [9.25, 0, 9.5, 2.75], "texture": "#2"},
				"south": {"uv": [6, 9.25, 6.25, 12], "texture": "#2"},
				"west": {"uv": [9.25, 6, 9.5, 8.75], "texture": "#2"},
				"up": {"uv": [11.25, 2.5, 11, 2.25], "texture": "#2"},
				"down": {"uv": [11.25, 2.5, 11, 2.75], "texture": "#2"}
			}
		},
		{
			"from": [6.775, 0.025, 10.575],
			"to": [7.775, 10.975, 12],
			"rotation": {"angle": 45, "axis": "y", "origin": [0, 2, 0]},
			"faces": {
				"north": {"uv": [6.25, 9.25, 6.5, 12], "texture": "#2"},
				"east": {"uv": [6.5, 9.25, 6.75, 12], "texture": "#2"},
				"south": {"uv": [6.75, 9.25, 7, 12], "texture": "#2"},
				"west": {"uv": [7, 9.25, 7.25, 12], "texture": "#2"},
				"up": {"uv": [11.25, 3, 11, 2.75], "texture": "#2"},
				"down": {"uv": [3.25, 11, 3, 11.25], "texture": "#2"}
			}
		},
		{
			"from": [-7.75, 0.025, 10.575],
			"to": [-6.75, 10.975, 12],
			"rotation": {"angle": 45, "axis": "y", "origin": [0, 2, 0]},
			"faces": {
				"north": {"uv": [7.25, 9.25, 7.5, 12], "texture": "#2"},
				"east": {"uv": [7.5, 9.25, 7.75, 12], "texture": "#2"},
				"south": {"uv": [7.75, 9.25, 8, 12], "texture": "#2"},
				"west": {"uv": [9.25, 8.75, 9.5, 11.5], "texture": "#2"},
				"up": {"uv": [11.25, 3.25, 11, 3], "texture": "#2"},
				"down": {"uv": [3.5, 11, 3.25, 11.25], "texture": "#2"}
			}
		},
		{
			"from": [9, 15, 5],
			"to": [11, 18, 7],
			"rotation": {"angle": -22.5, "axis": "z", "origin": [0, 2, 0]},
			"faces": {
				"north": {"uv": [9.5, 6.5, 10, 7.25], "texture": "#2"},
				"east": {"uv": [9.5, 7.25, 10, 8], "texture": "#2"},
				"south": {"uv": [9.5, 8, 10, 8.75], "texture": "#2"},
				"west": {"uv": [9.5, 8.75, 10, 9.5], "texture": "#2"},
				"up": {"uv": [10.75, 6.5, 10.25, 6], "texture": "#2"},
				"down": {"uv": [10.75, 9.75, 10.25, 10.25], "texture": "#2"}
			}
		},
		{
			"from": [8.9, 11.75, 4.9],
			"to": [11.1, 15, 7.1],
			"rotation": {"angle": -22.5, "axis": "z", "origin": [0, 2, 0]},
			"faces": {
				"north": {"uv": [1.5, 10.25, 2, 11], "texture": "#2"},
				"east": {"uv": [10.25, 1.5, 10.75, 2.25], "texture": "#2"},
				"south": {"uv": [8.5, 10.25, 9, 11], "texture": "#2"},
				"west": {"uv": [9.5, 10.25, 10, 11], "texture": "#2"},
				"up": {"uv": [4, 11, 3.5, 10.5], "texture": "#2"},
				"down": {"uv": [11, 3.75, 10.5, 4.25], "texture": "#2"}
			}
		},
		{
			"from": [3, 9, 10],
			"to": [5, 12, 12],
			"rotation": {"angle": 22.5, "axis": "z", "origin": [0, 2, 0]},
			"faces": {
				"north": {"uv": [9.5, 9.5, 10, 10.25], "texture": "#2"},
				"east": {"uv": [9.75, 0, 10.25, 0.75], "texture": "#2"},
				"south": {"uv": [9.75, 0.75, 10.25, 1.5], "texture": "#2"},
				"west": {"uv": [9.75, 1.5, 10.25, 2.25], "texture": "#2"},
				"up": {"uv": [11, 1, 10.5, 0.5], "texture": "#2"},
				"down": {"uv": [11, 1, 10.5, 1.5], "texture": "#2"}
			}
		},
		{
			"from": [2.9, 2, 9.9],
			"to": [5.1, 9, 12.1],
			"rotation": {"angle": 22.5, "axis": "z", "origin": [0, 2, 0]},
			"faces": {
				"north": {"uv": [2.25, 7.75, 2.75, 9.5], "texture": "#2"},
				"east": {"uv": [2.75, 7.75, 3.25, 9.5], "texture": "#2"},
				"south": {"uv": [3.25, 7.75, 3.75, 9.5], "texture": "#2"},
				"west": {"uv": [3.75, 7.75, 4.25, 9.5], "texture": "#2"},
				"up": {"uv": [4.5, 11, 4, 10.5], "texture": "#2"},
				"down": {"uv": [11, 4.25, 10.5, 4.75], "texture": "#2"}
			}
		},
		{
			"from": [14.5, 12.5, 5.25],
			"to": [16, 18.5, 6.75],
			"rotation": {"angle": 0, "axis": "y", "origin": [0, 2, 0]},
			"faces": {
				"north": {"uv": [8, 6, 8.5, 7.5], "texture": "#2"},
				"east": {"uv": [8, 7.5, 8.5, 9], "texture": "#2"},
				"south": {"uv": [8.25, 0, 8.75, 1.5], "texture": "#2"},
				"west": {"uv": [8.25, 1.5, 8.75, 3], "texture": "#2"},
				"up": {"uv": [10.75, 10.75, 10.25, 10.25], "texture": "#2"},
				"down": {"uv": [11, 0, 10.5, 0.5], "texture": "#2"}
			}
		},
		{
			"from": [-1, 12.3, 10.25],
			"to": [0.5, 18, 11.75],
			"rotation": {"angle": 0, "axis": "y", "origin": [0, 2, 0]},
			"faces": {
				"north": {"uv": [4.25, 8.5, 4.75, 10], "texture": "#2"},
				"east": {"uv": [4.75, 8.5, 5.25, 10], "texture": "#2"},
				"south": {"uv": [5.25, 8.5, 5.75, 10], "texture": "#2"},
				"west": {"uv": [8.5, 6, 9, 7.5], "texture": "#2"},
				"up": {"uv": [11, 2.75, 10.5, 2.25], "texture": "#2"},
				"down": {"uv": [11, 2.75, 10.5, 3.25], "texture": "#2"}
			}
		}
	],
	"display": {
		"thirdperson_righthand": {
			"translation": [0, 2.5, 0],
			"scale": [0.45, 0.45, 0.45]
		},
		"ground": {
			"translation": [0, 5, 0]
		},
		"gui": {
			"rotation": [0, 143, 9],
			"translation": [-0.5, -0.75, 0],
			"scale": [0.7, 0.7, 0.7]
		},
		"head": {
			"translation": [0, 3.75, 0],
			"scale": [1.3, 1.3, 1.3]
		}
	}
}