{
	"credit": "Made with Blockbench",
	"texture_size": [64, 64],
	"textures": {
		"2": "item/kitpvp/mech_helmet",
		"particle": "item/kitpvp/mech_helmet"
	},
	"elements": [
		{
			"from": [2, 0, 3],
			"to": [14, 4, 15],
			"faces": {
				"north": {"uv": [6, 3.75, 9, 4.75], "texture": "#2"},
				"east": {"uv": [6, 4.75, 9, 5.75], "texture": "#2"},
				"south": {"uv": [6, 5.75, 9, 6.75], "texture": "#2"},
				"west": {"uv": [6.5, 0, 9.5, 1], "texture": "#2"},
				"up": {"uv": [3, 6.75, 0, 3.75], "texture": "#2"},
				"down": {"uv": [6, 3.75, 3, 6.75], "texture": "#2"}
			}
		},
		{
			"from": [1.75, -0.05, 0],
			"to": [14.25, 1, 15.25],
			"faces": {
				"north": {"uv": [6.5, 1.5, 9.75, 1.75], "texture": "#2"},
				"east": {"uv": [6.5, 1, 10.25, 1.25], "texture": "#2"},
				"south": {"uv": [6.5, 1.75, 9.75, 2], "texture": "#2"},
				"west": {"uv": [6.5, 1.25, 10.25, 1.5], "texture": "#2"},
				"up": {"uv": [3.25, 3.75, 0, 0], "texture": "#2"},
				"down": {"uv": [6.5, 0, 3.25, 3.75], "texture": "#2"}
			}
		}
	],
	"display": {
		"thirdperson_righthand": {
			"translation": [0, 2.5, 1.5],
			"scale": [0.49, 0.49, 0.49]
		},
		"thirdperson_lefthand": {
			"translation": [0, 3, 0],
			"scale": [0.49, 0.49, 0.49]
		},
		"ground": {
			"translation": [0, 4.25, 0]
		},
		"gui": {
			"rotation": [30, -143, 0],
			"translation": [0, 3.5, 0],
			"scale": [0.75, 0.75, 0.75]
		},
		"head": {
			"translation": [0, 13.5, -1.25],
			"scale": [1.3, 1.3, 1.3]
		}
	}
}