{
	"credit": "Made with Blockbench",
	"texture_size": [32, 32],
	"textures": {
		"2": "item/kitpvp/shovel"
	},
	"elements": [
		{
			"from": [4, 0, 3],
			"to": [11, 0.25, 4],
			"faces": {
				"north": {"uv": [4, 3.5, 7.5, 4], "texture": "#2"},
				"east": {"uv": [7, 8, 7.5, 8.5], "texture": "#2"},
				"south": {"uv": [4, 4, 7.5, 4.5], "texture": "#2"},
				"west": {"uv": [7.5, 8, 8, 8.5], "texture": "#2"},
				"up": {"uv": [3.5, 5, 0, 4.5], "texture": "#2"},
				"down": {"uv": [7, 4.5, 3.5, 5], "texture": "#2"}
			}
		},
		{
			"from": [4, 0, 9],
			"to": [11, 0.25, 10],
			"faces": {
				"north": {"uv": [4, 1.5, 7.5, 2], "texture": "#2"},
				"east": {"uv": [2, 8, 2.5, 8.5], "texture": "#2"},
				"south": {"uv": [4, 2, 7.5, 2.5], "texture": "#2"},
				"west": {"uv": [6.5, 8, 7, 8.5], "texture": "#2"},
				"up": {"uv": [7.5, 3, 4, 2.5], "texture": "#2"},
				"down": {"uv": [7.5, 3, 4, 3.5], "texture": "#2"}
			}
		},
		{
			"from": [4.025, -3.8, 9.25],
			"to": [10.975, -3.55, 10.25],
			"rotation": {"angle": -22.5, "axis": "x", "origin": [0, 0, 0]},
			"faces": {
				"north": {"uv": [0, 5, 3.5, 5.5], "texture": "#2"},
				"east": {"uv": [0, 9, 0.5, 9.5], "texture": "#2"},
				"south": {"uv": [3.5, 5, 7, 5.5], "texture": "#2"},
				"west": {"uv": [9, 0, 9.5, 0.5], "texture": "#2"},
				"up": {"uv": [3.5, 6, 0, 5.5], "texture": "#2"},
				"down": {"uv": [7, 5.5, 3.5, 6], "texture": "#2"}
			}
		},
		{
			"from": [5, 0, 2],
			"to": [10, 0.25, 3],
			"faces": {
				"north": {"uv": [7, 5.5, 9.5, 6], "texture": "#2"},
				"east": {"uv": [8.5, 3, 9, 3.5], "texture": "#2"},
				"south": {"uv": [6.5, 7, 9, 7.5], "texture": "#2"},
				"west": {"uv": [8.5, 3.5, 9, 4], "texture": "#2"},
				"up": {"uv": [2.5, 8, 0, 7.5], "texture": "#2"},
				"down": {"uv": [10, 1.5, 7.5, 2], "texture": "#2"}
			}
		},
		{
			"from": [0.7, 0, 4.95],
			"to": [2.125, 0.225, 5.95],
			"rotation": {"angle": 45, "axis": "y", "origin": [0, 0, 0]},
			"faces": {
				"north": {"uv": [8.5, 4, 9, 4.5], "texture": "#2"},
				"east": {"uv": [5, 8.5, 5.5, 9], "texture": "#2"},
				"south": {"uv": [5.5, 8.5, 6, 9], "texture": "#2"},
				"west": {"uv": [8.5, 6, 9, 6.5], "texture": "#2"},
				"up": {"uv": [7, 9, 6.5, 8.5], "texture": "#2"},
				"down": {"uv": [9, 6.5, 8.5, 7], "texture": "#2"}
			}
		},
		{
			"from": [4.225, 0, 8.5],
			"to": [5.65, 0.225, 9.9],
			"rotation": {"angle": 45, "axis": "y", "origin": [0, 0, 0]},
			"faces": {
				"north": {"uv": [7, 8.5, 7.5, 9], "texture": "#2"},
				"east": {"uv": [7.5, 8.5, 8, 9], "texture": "#2"},
				"south": {"uv": [8.5, 7.5, 9, 8], "texture": "#2"},
				"west": {"uv": [8, 8.5, 8.5, 9], "texture": "#2"},
				"up": {"uv": [9, 8.5, 8.5, 8], "texture": "#2"},
				"down": {"uv": [9, 8.5, 8.5, 9], "texture": "#2"}
			}
		},
		{
			"from": [4, 0, 4],
			"to": [5, 0.25, 9],
			"faces": {
				"north": {"uv": [8, 8, 8.5, 8.5], "texture": "#2"},
				"east": {"uv": [0, 6, 2.5, 6.5], "texture": "#2"},
				"south": {"uv": [0, 8.5, 0.5, 9], "texture": "#2"},
				"west": {"uv": [2.5, 6, 5, 6.5], "texture": "#2"},
				"up": {"uv": [5.5, 8.5, 5, 6], "texture": "#2"},
				"down": {"uv": [6, 6, 5.5, 8.5], "texture": "#2"}
			}
		},
		{
			"from": [6, 0, 4],
			"to": [7, 0.25, 9],
			"faces": {
				"north": {"uv": [0.5, 8.5, 1, 9], "texture": "#2"},
				"east": {"uv": [6, 6, 8.5, 6.5], "texture": "#2"},
				"south": {"uv": [1, 8.5, 1.5, 9], "texture": "#2"},
				"west": {"uv": [0, 6.5, 2.5, 7], "texture": "#2"},
				"up": {"uv": [3, 9, 2.5, 6.5], "texture": "#2"},
				"down": {"uv": [3.5, 6.5, 3, 9], "texture": "#2"}
			}
		},
		{
			"from": [6.5, -3.825, 10.075],
			"to": [8.5, -3.575, 18.075],
			"rotation": {"angle": -22.5, "axis": "x", "origin": [0, 0, 0]},
			"faces": {
				"north": {"uv": [7.5, 2, 8.5, 2.5], "texture": "#2"},
				"east": {"uv": [0, 4, 4, 4.5], "texture": "#2"},
				"south": {"uv": [7.5, 2.5, 8.5, 3], "texture": "#2"},
				"west": {"uv": [4, 0, 8, 0.5], "texture": "#2"},
				"up": {"uv": [1, 4, 0, 0], "texture": "#2"},
				"down": {"uv": [2, 0, 1, 4], "texture": "#2"}
			}
		},
		{
			"from": [6.4, -3.975, 23.075],
			"to": [8.6, -3.425, 23.775],
			"rotation": {"angle": -22.5, "axis": "x", "origin": [0, 0, 0]},
			"faces": {
				"north": {"uv": [7.5, 3, 8.5, 3.5], "texture": "#2"},
				"east": {"uv": [0.5, 9, 1, 9.5], "texture": "#2"},
				"south": {"uv": [7.5, 3.5, 8.5, 4], "texture": "#2"},
				"west": {"uv": [9, 0.5, 9.5, 1], "texture": "#2"},
				"up": {"uv": [8.5, 4.5, 7.5, 4], "texture": "#2"},
				"down": {"uv": [7.5, 7.5, 6.5, 8], "texture": "#2"}
			}
		},
		{
			"from": [6.4, -3.975, 23.775],
			"to": [7.2, -3.425, 24.475],
			"rotation": {"angle": -22.5, "axis": "x", "origin": [0, 0, 0]},
			"faces": {
				"north": {"uv": [1.5, 9, 2, 9.5], "texture": "#2"},
				"east": {"uv": [2, 9, 2.5, 9.5], "texture": "#2"},
				"south": {"uv": [9, 2, 9.5, 2.5], "texture": "#2"},
				"west": {"uv": [2.5, 9, 3, 9.5], "texture": "#2"},
				"up": {"uv": [9.5, 3, 9, 2.5], "texture": "#2"},
				"down": {"uv": [3.5, 9, 3, 9.5], "texture": "#2"}
			}
		},
		{
			"from": [7.9, -3.975, 23.775],
			"to": [8.6, -3.425, 24.475],
			"rotation": {"angle": -22.5, "axis": "x", "origin": [0, 0, 0]},
			"faces": {
				"north": {"uv": [9, 3, 9.5, 3.5], "texture": "#2"},
				"east": {"uv": [3.5, 9, 4, 9.5], "texture": "#2"},
				"south": {"uv": [9, 3.5, 9.5, 4], "texture": "#2"},
				"west": {"uv": [4, 9, 4.5, 9.5], "texture": "#2"},
				"up": {"uv": [9.5, 4.5, 9, 4], "texture": "#2"},
				"down": {"uv": [5, 9, 4.5, 9.5], "texture": "#2"}
			}
		},
		{
			"from": [6.4, -3.975, 24.475],
			"to": [8.6, -3.425, 25.175],
			"rotation": {"angle": -22.5, "axis": "x", "origin": [0, 0, 0]},
			"faces": {
				"north": {"uv": [8, 0, 9, 0.5], "texture": "#2"},
				"east": {"uv": [1, 9, 1.5, 9.5], "texture": "#2"},
				"south": {"uv": [8, 0.5, 9, 1], "texture": "#2"},
				"west": {"uv": [9, 1, 9.5, 1.5], "texture": "#2"},
				"up": {"uv": [2, 8.5, 1, 8], "texture": "#2"},
				"down": {"uv": [9, 1, 8, 1.5], "texture": "#2"}
			}
		},
		{
			"from": [6.4, -4.075, 14.975],
			"to": [8.6, -3.325, 23.075],
			"rotation": {"angle": -22.5, "axis": "x", "origin": [0, 0, 0]},
			"faces": {
				"north": {"uv": [7.5, 7.5, 8.5, 8], "texture": "#2"},
				"east": {"uv": [4, 0.5, 8, 1], "texture": "#2"},
				"south": {"uv": [0, 8, 1, 8.5], "texture": "#2"},
				"west": {"uv": [4, 1, 8, 1.5], "texture": "#2"},
				"up": {"uv": [3, 4, 2, 0], "texture": "#2"},
				"down": {"uv": [4, 0, 3, 4], "texture": "#2"}
			}
		},
		{
			"from": [8, 0, 4],
			"to": [9, 0.25, 9],
			"faces": {
				"north": {"uv": [1.5, 8.5, 2, 9], "texture": "#2"},
				"east": {"uv": [6, 6.5, 8.5, 7], "texture": "#2"},
				"south": {"uv": [2, 8.5, 2.5, 9], "texture": "#2"},
				"west": {"uv": [0, 7, 2.5, 7.5], "texture": "#2"},
				"up": {"uv": [4, 9, 3.5, 6.5], "texture": "#2"},
				"down": {"uv": [4.5, 6.5, 4, 9], "texture": "#2"}
			}
		},
		{
			"from": [10, 0, 4],
			"to": [11, 0.25, 9],
			"faces": {
				"north": {"uv": [8.5, 2, 9, 2.5], "texture": "#2"},
				"east": {"uv": [7, 4.5, 9.5, 5], "texture": "#2"},
				"south": {"uv": [8.5, 2.5, 9, 3], "texture": "#2"},
				"west": {"uv": [7, 5, 9.5, 5.5], "texture": "#2"},
				"up": {"uv": [5, 9, 4.5, 6.5], "texture": "#2"},
				"down": {"uv": [6.5, 7, 6, 9.5], "texture": "#2"}
			}
		}
	],
	"display": {
		"thirdperson_righthand": {
			"rotation": [-60, -180, 180],
			"translation": [0, 5, 5],
			"scale": [0.45, 0.45, 0.44]
		},
		"thirdperson_lefthand": {
			"scale": [0, 0, 0]
		},
		"firstperson_righthand": {
			"rotation": [82.31, 13.67, 111.91],
			"translation": [0, 6.25, -7.25]
		},
		"ground": {
			"scale": [0.64, 0.66, 0.77]
		},
		"gui": {
			"rotation": [104, 35, -51],
			"translation": [0.5, 4.75, 0],
			"scale": [0.85, 0.85, 0.85]
		}
	}
}