{
    "events.smeh":
	{"category": "master","sounds": [{"name": "events/smeh","stream": false}]},
	
	"events.fon_ad":
	{"category": "master","sounds": [{"name": "events/fon_ad","stream": false}]},

	"events.teleport":
	{"category": "master","sounds": [{"name": "events/teleport","stream": false}]},
	
	"events.vorota":
	{"category": "master","sounds": [{"name": "events/vorota","stream": false}]},
	
	"events.dyhanie":
	{"category": "master","sounds": [{"name": "events/dyhanie","stream": false}]},
	
	"heaven_wars.impulse_grenade":
	{"category": "master","sounds": [{"name": "heaven_wars/impulse_grenade","stream": true}]},
	
	"vapes.common":
	{"category": "master","sounds": [{"name": "vape/common","stream": true}]},
	
	"vapes.fire":
	{"category": "master","sounds": [{"name": "vape/fire","stream": true}]},
	
	"vapes.ice":
	{"category": "master","sounds": [{"name": "vape/ice","stream": true}]},
	
	"food.mix":
	{"category": "master","sounds": [{"name": "foodmadness/mix","stream": false}]},
	
	"food.cook":
	{"category": "master","sounds": [{"name": "foodmadness/cook","stream": false}]},
	
	"camera.shot":
	{"category": "master","sounds": [{"name": "camera/shot","stream": false}]},
	
	"camera.photo":
	{"category": "master","sounds": [{"name": "camera/photo","stream": false}]},
	
	"fun.quack":
	{"category": "master","sounds": [{"name": "fun/quack","stream": false}]},
	
	"guns.shot":
	{"category": "master","sounds": [{"name": "guns/shot","stream": false}]},
	
	"guns.click":
	{"category": "master","sounds": [{"name": "guns/click","stream": false}]},
	
	"guns.reload":
	{"category": "master","sounds": [{"name": "guns/reload","stream": false}]}
}