{
	"credit": "Made with Blockbench",
	"textures": {
		"1": "block/gold_block",
		"2": "item/wand/wand_textures_6",
		"5": "item/wand/wand_textures_6_a",
		"particle": "item/wand/wand_textures_6"
	},
	"elements": [
		{
			"from": [7.3599, -2.61, 4.98],
			"to": [8.5998, -2.16, 5.43],
			"rotation": {"angle": -45, "axis": "x", "origin": [16.25, 5.515, -2.35]},
			"faces": {
				"north": {"uv": [3, 7, 14, 11], "texture": "#1"},
				"east": {"uv": [3, 7, 14, 11], "texture": "#1"},
				"south": {"uv": [3, 7, 14, 11], "texture": "#1"},
				"west": {"uv": [3, 7, 14, 11], "texture": "#1"},
				"up": {"uv": [3, 7, 14, 11], "texture": "#1"},
				"down": {"uv": [3, 7, 14, 11], "texture": "#1"}
			}
		},
		{
			"from": [7.3599, -2.61, 3.78],
			"to": [8.5998, -2.185, 4.255],
			"rotation": {"angle": -45, "axis": "x", "origin": [16.25, 5.515, -3.55]},
			"faces": {
				"north": {"uv": [6, 7, 14, 11], "texture": "#1"},
				"east": {"uv": [6, 7, 14, 11], "texture": "#1"},
				"south": {"uv": [6, 7, 14, 11], "texture": "#1"},
				"west": {"uv": [6, 7, 14, 11], "texture": "#1"},
				"up": {"uv": [6, 7, 14, 11], "texture": "#1"},
				"down": {"uv": [6, 7, 14, 11], "texture": "#1"}
			}
		},
		{
			"from": [8.4, 5.095, 7.3752],
			"to": [8.825, 5.57, 8.6151],
			"rotation": {"angle": 45, "axis": "z", "origin": [8.625, 5.24, 8.025]},
			"faces": {
				"north": {"uv": [4, 5, 12, 9], "rotation": 270, "texture": "#1"},
				"east": {"uv": [2, 8, 10, 12], "texture": "#1"},
				"south": {"uv": [4, 5, 12, 9], "rotation": 270, "texture": "#1"},
				"west": {"uv": [4, 5, 12, 9], "rotation": 270, "texture": "#1"},
				"up": {"uv": [4, 5, 12, 9], "rotation": 270, "texture": "#1"},
				"down": {"uv": [4, 5, 12, 9], "rotation": 270, "texture": "#1"}
			}
		},
		{
			"from": [7.225, 5.07, 7.3752],
			"to": [7.675, 5.545, 8.6151],
			"rotation": {"angle": 45, "axis": "z", "origin": [7.475, 5.215, 8.025]},
			"faces": {
				"north": {"uv": [3, 5, 14, 12], "rotation": 270, "texture": "#1"},
				"east": {"uv": [3, 5, 14, 12], "rotation": 270, "texture": "#1"},
				"south": {"uv": [3, 5, 14, 12], "rotation": 270, "texture": "#1"},
				"west": {"uv": [3, 5, 14, 12], "rotation": 270, "texture": "#1"},
				"up": {"uv": [3, 5, 14, 12], "rotation": 270, "texture": "#1"},
				"down": {"uv": [3, 5, 14, 12], "rotation": 270, "texture": "#1"}
			}
		},
		{
			"from": [7.45, 6.72, 7.5002],
			"to": [7.825, 7.115, 8.4952],
			"rotation": {"angle": 45, "axis": "z", "origin": [7.7, 6.865, 8.025]},
			"faces": {
				"north": {"uv": [11, 4, 14, 12], "rotation": 180, "texture": "#5"},
				"east": {"uv": [11, 4, 14, 12], "rotation": 180, "texture": "#5"},
				"south": {"uv": [11, 4, 14, 12], "rotation": 180, "texture": "#5"},
				"west": {"uv": [11, 4, 14, 12], "rotation": 180, "texture": "#5"},
				"up": {"uv": [11, 4, 14, 12], "rotation": 180, "texture": "#5"},
				"down": {"uv": [11, 4, 14, 12], "rotation": 180, "texture": "#5"}
			}
		},
		{
			"from": [7.575, 10.765, 7.6002],
			"to": [7.995, 11.14, 8.3952],
			"rotation": {"angle": -22.5, "axis": "z", "origin": [7.85, 11.015, 8.025]},
			"faces": {
				"north": {"uv": [7, 2, 15, 6], "texture": "#2"},
				"east": {"uv": [7, 2, 15, 6], "texture": "#2"},
				"south": {"uv": [7, 2, 15, 6], "texture": "#2"},
				"west": {"uv": [7, 2, 15, 6], "texture": "#2"},
				"up": {"uv": [7, 2, 15, 6], "texture": "#2"},
				"down": {"uv": [7, 2, 15, 6], "texture": "#2"}
			}
		},
		{
			"from": [7.675, 13.74, 7.6752],
			"to": [8.095, 14.14, 8.3202],
			"rotation": {"angle": -22.5, "axis": "z", "origin": [7.95, 14.015, 8.025]},
			"faces": {
				"north": {"uv": [5, 5, 8, 14], "rotation": 180, "texture": "#2"},
				"east": {"uv": [5, 5, 8, 14], "rotation": 180, "texture": "#2"},
				"south": {"uv": [5, 5, 8, 14], "rotation": 180, "texture": "#2"},
				"west": {"uv": [5, 5, 8, 14], "rotation": 180, "texture": "#2"},
				"up": {"uv": [5, 5, 8, 14], "rotation": 180, "texture": "#2"},
				"down": {"uv": [5, 5, 8, 14], "rotation": 180, "texture": "#2"}
			}
		},
		{
			"from": [7.75, 15.74, 7.7502],
			"to": [8.17, 16.09, 8.2452],
			"rotation": {"angle": -22.5, "axis": "z", "origin": [8.025, 16.015, 8.025]},
			"faces": {
				"north": {"uv": [3, 10, 10, 13], "rotation": 180, "texture": "#2"},
				"east": {"uv": [3, 10, 10, 13], "rotation": 180, "texture": "#2"},
				"south": {"uv": [3, 10, 10, 13], "rotation": 180, "texture": "#2"},
				"west": {"uv": [3, 10, 10, 13], "rotation": 180, "texture": "#2"},
				"up": {"uv": [3, 10, 10, 13], "rotation": 180, "texture": "#2"},
				"down": {"uv": [3, 10, 10, 13], "rotation": 180, "texture": "#2"}
			}
		},
		{
			"from": [8.05, 10.745, 7.6002],
			"to": [8.425, 11.14, 8.3952],
			"rotation": {"angle": 22.5, "axis": "z", "origin": [8.3, 10.865, 8.025]},
			"faces": {
				"north": {"uv": [5, 6, 13, 8], "rotation": 180, "texture": "#2"},
				"east": {"uv": [5, 6, 13, 8], "rotation": 180, "texture": "#2"},
				"south": {"uv": [5, 6, 13, 8], "rotation": 180, "texture": "#2"},
				"west": {"uv": [5, 6, 13, 8], "rotation": 180, "texture": "#2"},
				"up": {"uv": [5, 6, 13, 8], "rotation": 180, "texture": "#2"},
				"down": {"uv": [5, 6, 13, 8], "rotation": 180, "texture": "#2"}
			}
		},
		{
			"from": [7.95, 13.795, 7.6752],
			"to": [8.325, 14.14, 8.3202],
			"rotation": {"angle": 22.5, "axis": "z", "origin": [8.2, 13.865, 8.025]},
			"faces": {
				"north": {"uv": [5, 5, 8, 14], "rotation": 180, "texture": "#2"},
				"east": {"uv": [5, 5, 8, 14], "rotation": 180, "texture": "#2"},
				"south": {"uv": [5, 5, 8, 14], "rotation": 180, "texture": "#2"},
				"west": {"uv": [5, 5, 8, 14], "rotation": 180, "texture": "#2"},
				"up": {"uv": [5, 5, 8, 14], "rotation": 180, "texture": "#2"},
				"down": {"uv": [5, 5, 8, 14], "rotation": 180, "texture": "#2"}
			}
		},
		{
			"from": [7.875, 15.795, 7.7502],
			"to": [8.25, 16.14, 8.2452],
			"rotation": {"angle": 22.5, "axis": "z", "origin": [8.125, 15.865, 8.025]},
			"faces": {
				"north": {"uv": [4, 9, 7, 14], "rotation": 180, "texture": "#2"},
				"east": {"uv": [4, 9, 7, 14], "rotation": 180, "texture": "#2"},
				"south": {"uv": [4, 9, 7, 14], "rotation": 180, "texture": "#2"},
				"west": {"uv": [4, 9, 7, 14], "rotation": 180, "texture": "#2"},
				"up": {"uv": [4, 9, 7, 14], "rotation": 180, "texture": "#2"},
				"down": {"uv": [4, 9, 7, 14], "rotation": 180, "texture": "#2"}
			}
		},
		{
			"from": [8.15, 6.745, 7.5002],
			"to": [8.525, 7.145, 8.4952],
			"rotation": {"angle": 45, "axis": "z", "origin": [8.4, 6.89, 8.025]},
			"faces": {
				"north": {"uv": [3, 11, 11, 13], "rotation": 180, "texture": "#5"},
				"east": {"uv": [3, 11, 11, 13], "rotation": 180, "texture": "#5"},
				"south": {"uv": [3, 11, 11, 13], "rotation": 180, "texture": "#5"},
				"west": {"uv": [3, 11, 11, 13], "rotation": 180, "texture": "#5"},
				"up": {"uv": [3, 11, 11, 13], "rotation": 180, "texture": "#5"},
				"down": {"uv": [3, 11, 11, 13], "rotation": 180, "texture": "#5"}
			}
		},
		{
			"from": [7.4798, 6.745, 8.175],
			"to": [8.4748, 7.145, 8.55],
			"rotation": {"angle": -45, "axis": "x", "origin": [7.95, 6.89, 8.425]},
			"faces": {
				"north": {"uv": [2, 0, 12, 10], "rotation": 180, "texture": "#5"},
				"east": {"uv": [2, 0, 12, 10], "rotation": 180, "texture": "#5"},
				"south": {"uv": [2, 0, 12, 10], "rotation": 180, "texture": "#5"},
				"west": {"uv": [2, 0, 12, 10], "rotation": 180, "texture": "#5"},
				"up": {"uv": [2, 0, 12, 10], "rotation": 180, "texture": "#5"},
				"down": {"uv": [2, 0, 12, 10], "rotation": 180, "texture": "#5"}
			}
		},
		{
			"from": [7.4798, 6.725, 7.488],
			"to": [8.4748, 7.125, 7.838],
			"rotation": {"angle": -45, "axis": "x", "origin": [7.95, 6.865, 7.725]},
			"faces": {
				"north": {"uv": [4, 9, 14, 14], "rotation": 180, "texture": "#5"},
				"east": {"uv": [4, 9, 14, 14], "rotation": 180, "texture": "#5"},
				"south": {"uv": [4, 9, 14, 14], "rotation": 180, "texture": "#5"},
				"west": {"uv": [4, 9, 14, 14], "rotation": 180, "texture": "#5"},
				"up": {"uv": [4, 9, 14, 14], "rotation": 180, "texture": "#5"},
				"down": {"uv": [4, 9, 14, 14], "rotation": 180, "texture": "#5"}
			}
		},
		{
			"from": [7.5798, 10.703, 7.54],
			"to": [8.3498, 10.978, 7.965],
			"rotation": {"angle": 22.5, "axis": "x", "origin": [7.95, 10.865, 7.825]},
			"faces": {
				"north": {"uv": [4, 9, 12, 11], "rotation": 180, "texture": "#2"},
				"east": {"uv": [4, 9, 12, 11], "rotation": 180, "texture": "#2"},
				"south": {"uv": [4, 9, 12, 11], "rotation": 180, "texture": "#2"},
				"west": {"uv": [4, 9, 12, 11], "rotation": 180, "texture": "#2"},
				"up": {"uv": [4, 9, 12, 11], "rotation": 180, "texture": "#2"},
				"down": {"uv": [4, 9, 12, 11], "rotation": 180, "texture": "#2"}
			}
		},
		{
			"from": [7.5798, 10.775, 8.088],
			"to": [8.3498, 11.15, 8.463],
			"rotation": {"angle": -22.5, "axis": "x", "origin": [7.95, 10.89, 8.325]},
			"faces": {
				"north": {"uv": [5, 10, 13, 12], "rotation": 180, "texture": "#2"},
				"east": {"uv": [5, 10, 13, 12], "rotation": 180, "texture": "#2"},
				"south": {"uv": [5, 10, 13, 12], "rotation": 180, "texture": "#2"},
				"west": {"uv": [5, 10, 13, 12], "rotation": 180, "texture": "#2"},
				"up": {"uv": [5, 10, 13, 12], "rotation": 180, "texture": "#2"},
				"down": {"uv": [5, 10, 13, 12], "rotation": 180, "texture": "#2"}
			}
		},
		{
			"from": [7.6548, 13.775, 7.988],
			"to": [8.2748, 14.15, 8.363],
			"rotation": {"angle": -22.5, "axis": "x", "origin": [7.95, 13.89, 8.225]},
			"faces": {
				"north": {"uv": [5, 5, 8, 14], "rotation": 180, "texture": "#2"},
				"east": {"uv": [5, 5, 8, 14], "rotation": 180, "texture": "#2"},
				"south": {"uv": [5, 5, 8, 14], "rotation": 180, "texture": "#2"},
				"west": {"uv": [5, 5, 8, 14], "rotation": 180, "texture": "#2"},
				"up": {"uv": [5, 5, 8, 14], "rotation": 180, "texture": "#2"},
				"down": {"uv": [5, 5, 8, 14], "rotation": 180, "texture": "#2"}
			}
		},
		{
			"from": [7.7298, 15.775, 7.913],
			"to": [8.1998, 16.15, 8.288],
			"rotation": {"angle": -22.5, "axis": "x", "origin": [7.95, 15.89, 8.15]},
			"faces": {
				"north": {"uv": [2, 9, 9, 14], "rotation": 180, "texture": "#2"},
				"east": {"uv": [2, 9, 9, 14], "rotation": 180, "texture": "#2"},
				"south": {"uv": [2, 9, 9, 14], "rotation": 180, "texture": "#2"},
				"west": {"uv": [2, 9, 9, 14], "rotation": 180, "texture": "#2"},
				"up": {"uv": [2, 9, 9, 14], "rotation": 180, "texture": "#2"},
				"down": {"uv": [2, 9, 9, 14], "rotation": 180, "texture": "#2"}
			}
		},
		{
			"from": [7.6548, 13.753, 7.69],
			"to": [8.2748, 14.128, 8.065],
			"rotation": {"angle": 22.5, "axis": "x", "origin": [7.95, 13.99, 7.95]},
			"faces": {
				"north": {"uv": [8, 10, 16, 12], "rotation": 180, "texture": "#2"},
				"east": {"uv": [8, 13, 16, 15], "rotation": 180, "texture": "#2"},
				"south": {"uv": [8, 13, 16, 15], "rotation": 180, "texture": "#2"},
				"west": {"uv": [8, 13, 16, 15], "rotation": 180, "texture": "#2"},
				"up": {"uv": [8, 13, 16, 15], "rotation": 180, "texture": "#2"},
				"down": {"uv": [8, 13, 16, 15], "rotation": 180, "texture": "#2"}
			}
		},
		{
			"from": [7.7298, 15.753, 7.765],
			"to": [8.1998, 16.128, 8.14],
			"rotation": {"angle": 22.5, "axis": "x", "origin": [7.95, 15.99, 8.025]},
			"faces": {
				"north": {"uv": [4, 9, 12, 12], "rotation": 180, "texture": "#2"},
				"east": {"uv": [4, 12, 12, 15], "rotation": 180, "texture": "#2"},
				"south": {"uv": [4, 12, 12, 15], "rotation": 180, "texture": "#2"},
				"west": {"uv": [4, 12, 12, 15], "rotation": 180, "texture": "#2"},
				"up": {"uv": [4, 12, 12, 15], "rotation": 180, "texture": "#2"},
				"down": {"uv": [4, 12, 12, 15], "rotation": 180, "texture": "#2"}
			}
		},
		{
			"from": [7.35, 2.275, 7.375],
			"to": [8.6, 6.875, 8.625],
			"rotation": {"angle": 0, "axis": "y", "origin": [15.225, 11, 15.75]},
			"faces": {
				"north": {"uv": [6, 0, 16, 12], "texture": "#5"},
				"east": {"uv": [6, 0, 16, 12], "texture": "#5"},
				"south": {"uv": [0, 0, 16, 16], "texture": "#5"},
				"west": {"uv": [6, 0, 16, 12], "texture": "#5"},
				"up": {"uv": [6, 0, 16, 12], "texture": "#5"},
				"down": {"uv": [6, 0, 16, 12], "texture": "#5"}
			}
		},
		{
			"from": [2.35, 5.175, 7.4],
			"to": [3.6, 7.125, 8.6],
			"rotation": {"angle": 45, "axis": "z", "origin": [10.225, 11.25, 15.75]},
			"faces": {
				"north": {"uv": [6, 0, 16, 12], "texture": "#5"},
				"east": {"uv": [6, 0, 16, 12], "texture": "#5"},
				"south": {"uv": [6, 0, 16, 12], "texture": "#5"},
				"west": {"uv": [6, 0, 16, 12], "texture": "#5"},
				"up": {"uv": [6, 0, 16, 12], "texture": "#5"},
				"down": {"uv": [6, 0, 16, 12], "texture": "#5"}
			}
		},
		{
			"from": [8.025, -5.075, 7.4],
			"to": [9.275, -3.125, 8.6],
			"rotation": {"angle": -45, "axis": "z", "origin": [15.9, 1, 15.75]},
			"faces": {
				"north": {"uv": [6, 0, 16, 12], "texture": "#5"},
				"east": {"uv": [6, 0, 16, 12], "texture": "#5"},
				"south": {"uv": [6, 0, 16, 12], "texture": "#5"},
				"west": {"uv": [6, 0, 16, 12], "texture": "#5"},
				"up": {"uv": [6, 0, 16, 12], "texture": "#5"},
				"down": {"uv": [6, 0, 16, 12], "texture": "#5"}
			}
		},
		{
			"from": [7.475, 5, 7.5],
			"to": [8.475, 10.875, 8.5],
			"rotation": {"angle": 0, "axis": "y", "origin": [15.225, 13, 15.75]},
			"faces": {
				"north": {"uv": [2, 11, 7, 16], "texture": "#2"},
				"east": {"uv": [6, 10, 10, 15], "texture": "#2"},
				"south": {"uv": [11, 11, 16, 16], "texture": "#2"},
				"west": {"uv": [8, 11, 12, 16], "texture": "#2"},
				"up": {"uv": [5, 3, 10, 8], "texture": "#2"},
				"down": {"uv": [2, 11, 7, 16], "texture": "#2"}
			}
		},
		{
			"from": [7.575, 10, 7.6],
			"to": [8.35, 13.875, 8.4],
			"rotation": {"angle": 0, "axis": "y", "origin": [15.225, 18, 15.75]},
			"faces": {
				"north": {"uv": [8, 0, 12, 11], "rotation": 180, "texture": "#2"},
				"east": {"uv": [8, 0, 12, 11], "rotation": 180, "texture": "#2"},
				"south": {"uv": [8, 0, 12, 11], "rotation": 180, "texture": "#2"},
				"west": {"uv": [8, 0, 12, 11], "rotation": 180, "texture": "#2"},
				"up": {"uv": [8, 0, 12, 11], "rotation": 180, "texture": "#2"},
				"down": {"uv": [8, 0, 12, 11], "rotation": 180, "texture": "#2"}
			}
		},
		{
			"from": [7.65, 12, 7.675],
			"to": [8.275, 15.875, 8.325],
			"rotation": {"angle": 0, "axis": "y", "origin": [15.225, 20, 15.75]},
			"faces": {
				"north": {"uv": [6, 0, 10, 9], "texture": "#2"},
				"east": {"uv": [6, 0, 10, 9], "texture": "#2"},
				"south": {"uv": [6, 0, 10, 9], "texture": "#2"},
				"west": {"uv": [6, 0, 10, 9], "texture": "#2"},
				"up": {"uv": [6, 0, 10, 9], "texture": "#2"},
				"down": {"uv": [6, 0, 10, 9], "texture": "#2"}
			}
		},
		{
			"from": [7.725, 14.8, 7.75],
			"to": [8.2, 18.175, 8.25],
			"rotation": {"angle": 0, "axis": "y", "origin": [15.225, 22.8, 15.75]},
			"faces": {
				"north": {"uv": [3, 0, 7, 9], "texture": "#2"},
				"east": {"uv": [3, 0, 7, 9], "texture": "#2"},
				"south": {"uv": [3, 0, 7, 9], "texture": "#2"},
				"west": {"uv": [3, 0, 7, 9], "texture": "#2"},
				"up": {"uv": [3, 0, 7, 9], "texture": "#2"},
				"down": {"uv": [3, 0, 7, 9], "texture": "#2"}
			}
		}
	],
	"display": {
		"thirdperson_righthand": {
			"translation": [0, 3.25, 1.5],
			"scale": [0.7, 0.8, 0.7]
		},
		"thirdperson_lefthand": {
			"translation": [0, -2.25, 1.75],
			"scale": [0, 0, 0]
		},
		"firstperson_righthand": {
			"rotation": [-27, -59, 5],
			"translation": [0, 3.25, 0]
		},
		"firstperson_lefthand": {
			"rotation": [-22, -59, 5],
			"translation": [22.5, 0, 0]
		},
		"ground": {
			"rotation": [-90, 0, 0],
			"translation": [0, -2, 0],
			"scale": [0.7, 0.8, 0.7]
		},
		"gui": {
			"rotation": [0, 25, 45],
			"scale": [0.9, 1, 0.9]
		},
		"head": {
			"rotation": [163, 0, 0],
			"translation": [0, -37, 0]
		},
		"fixed": {
			"rotation": [0, 0, 18],
			"translation": [0, 0, -1],
			"scale": [1.2, 1.3, 1.2]
		}
	}
}