{
	"credit": "Made with Blockbench",
	"textures": {
		"1": "item/wand/wand_textures_4",
		"5": "item/wand/wand_textures_4_a"
	},
	"elements": [
		{
			"from": [7.05, 0.05, 7.05],
			"to": [8.95, 1, 8.95],
			"rotation": {"angle": 0, "axis": "y", "origin": [15, 8, 16]},
			"faces": {
				"north": {"uv": [0, 0, 16, 12], "texture": "#1"},
				"east": {"uv": [0, 0, 16, 12], "texture": "#1"},
				"south": {"uv": [0, 0, 16, 12], "texture": "#1"},
				"west": {"uv": [0, 0, 16, 12], "texture": "#1"},
				"up": {"uv": [0, 0, 16, 12], "texture": "#1"},
				"down": {"uv": [0, 0, 16, 12], "texture": "#1"}
			}
		},
		{
			"from": [7.063, 3.475, 7.075],
			"to": [8.883, 5.275, 8.9],
			"rotation": {"angle": 0, "axis": "y", "origin": [15, 11.5, 16.025]},
			"faces": {
				"north": {"uv": [4, 5, 16, 16], "texture": "#1"},
				"east": {"uv": [8, 3, 16, 12], "texture": "#1"},
				"south": {"uv": [0, 0, 12, 8], "texture": "#1"},
				"west": {"uv": [3, 6, 12, 16], "texture": "#1"},
				"up": {"uv": [4, 5, 13, 13], "texture": "#1"},
				"down": {"uv": [0, 0, 16, 16], "texture": "#1"}
			}
		},
		{
			"from": [6.95, 0, 6.95],
			"to": [9.05, 0.5, 9.05],
			"rotation": {"angle": 0, "axis": "y", "origin": [15, 8, 16]},
			"faces": {
				"north": {"uv": [0, 0, 10, 5], "texture": "#1"},
				"east": {"uv": [0, 0, 10, 5], "texture": "#1"},
				"south": {"uv": [0, 0, 10, 5], "texture": "#1"},
				"west": {"uv": [0, 0, 10, 5], "texture": "#1"},
				"up": {"uv": [0, 0, 10, 5], "texture": "#1"},
				"down": {"uv": [0, 0, 10, 5], "texture": "#1"}
			}
		},
		{
			"from": [7.35, -2.55, 9.45],
			"to": [8.6, -1.725, 9.85],
			"rotation": {"angle": 22.5, "axis": "x", "origin": [16.25, 5.2, 17.15]},
			"faces": {
				"north": {"uv": [4, 3, 14, 12], "texture": "#1"},
				"east": {"uv": [4, 3, 14, 12], "texture": "#1"},
				"south": {"uv": [4, 3, 14, 12], "texture": "#1"},
				"west": {"uv": [4, 3, 14, 12], "texture": "#1"},
				"up": {"uv": [4, 3, 14, 12], "texture": "#1"},
				"down": {"uv": [4, 3, 14, 12], "texture": "#1"}
			}
		},
		{
			"from": [9.425, -2.555, 7.375],
			"to": [9.875, -1.78, 8.6249],
			"rotation": {"angle": -22.5, "axis": "z", "origin": [17.175, 5.185, 16.2501]},
			"faces": {
				"north": {"uv": [1, 1, 16, 11], "rotation": 90, "texture": "#1"},
				"east": {"uv": [1, 1, 16, 11], "rotation": 90, "texture": "#1"},
				"south": {"uv": [1, 1, 16, 11], "rotation": 90, "texture": "#1"},
				"west": {"uv": [1, 6, 10, 11], "texture": "#1"},
				"up": {"uv": [1, 1, 16, 11], "rotation": 90, "texture": "#1"},
				"down": {"uv": [1, 1, 16, 11], "rotation": 90, "texture": "#1"}
			}
		},
		{
			"from": [4.975, 3.15, 7.4],
			"to": [5.425, 4, 8.625],
			"rotation": {"angle": 22.5, "axis": "z", "origin": [12.725, 10.85, 16.25]},
			"faces": {
				"north": {"uv": [4, 7, 15, 15], "texture": "#1"},
				"east": {"uv": [4, 7, 15, 15], "texture": "#1"},
				"south": {"uv": [4, 7, 15, 15], "texture": "#1"},
				"west": {"uv": [4, 7, 15, 15], "texture": "#1"},
				"up": {"uv": [4, 7, 15, 15], "texture": "#1"},
				"down": {"uv": [4, 7, 15, 15], "texture": "#1"}
			}
		},
		{
			"from": [7.3499, 4.325, 10.725],
			"to": [8.5998, 5.15, 11.175],
			"rotation": {"angle": -22.5, "axis": "x", "origin": [16.25, -2.975, 18.475]},
			"faces": {
				"north": {"uv": [2, 2, 12, 8], "rotation": 180, "texture": "#1"},
				"east": {"uv": [2, 2, 12, 8], "texture": "#1"},
				"south": {"uv": [2, 2, 12, 8], "texture": "#1"},
				"west": {"uv": [2, 2, 12, 8], "rotation": 180, "texture": "#1"},
				"up": {"uv": [2, 2, 12, 8], "rotation": 180, "texture": "#1"},
				"down": {"uv": [2, 2, 12, 8], "rotation": 180, "texture": "#1"}
			}
		},
		{
			"from": [7.3599, -2.61, 4.98],
			"to": [8.5998, -2.16, 5.43],
			"rotation": {"angle": -45, "axis": "x", "origin": [16.25, 5.515, -2.35]},
			"faces": {
				"north": {"uv": [5, 12, 16, 16], "texture": "#1"},
				"east": {"uv": [5, 12, 16, 16], "texture": "#1"},
				"south": {"uv": [5, 12, 16, 16], "texture": "#1"},
				"west": {"uv": [5, 12, 16, 16], "texture": "#1"},
				"up": {"uv": [5, 12, 16, 16], "texture": "#1"},
				"down": {"uv": [5, 12, 16, 16], "texture": "#1"}
			}
		},
		{
			"from": [7.3599, -2.61, 3.78],
			"to": [8.5998, -2.185, 4.255],
			"rotation": {"angle": -45, "axis": "x", "origin": [16.25, 5.515, -3.55]},
			"faces": {
				"north": {"uv": [6, 7, 14, 11], "texture": "#1"},
				"east": {"uv": [6, 7, 14, 11], "texture": "#1"},
				"south": {"uv": [6, 7, 14, 11], "texture": "#1"},
				"west": {"uv": [6, 7, 14, 11], "texture": "#1"},
				"up": {"uv": [6, 7, 14, 11], "texture": "#1"},
				"down": {"uv": [6, 7, 14, 11], "texture": "#1"}
			}
		},
		{
			"from": [8.4, 5.095, 7.3752],
			"to": [8.825, 5.57, 8.6151],
			"rotation": {"angle": 45, "axis": "z", "origin": [8.625, 5.24, 8.025]},
			"faces": {
				"north": {"uv": [4, 5, 12, 9], "rotation": 270, "texture": "#1"},
				"east": {"uv": [2, 8, 10, 12], "texture": "#1"},
				"south": {"uv": [4, 5, 12, 9], "rotation": 270, "texture": "#1"},
				"west": {"uv": [4, 5, 12, 9], "rotation": 270, "texture": "#1"},
				"up": {"uv": [4, 5, 12, 9], "rotation": 270, "texture": "#1"},
				"down": {"uv": [4, 5, 12, 9], "rotation": 270, "texture": "#1"}
			}
		},
		{
			"from": [7.225, 5.07, 7.3752],
			"to": [7.675, 5.545, 8.6151],
			"rotation": {"angle": 45, "axis": "z", "origin": [7.475, 5.215, 8.025]},
			"faces": {
				"north": {"uv": [0, 0, 7, 2], "rotation": 270, "texture": "#1"},
				"east": {"uv": [0, 0, 7, 2], "rotation": 270, "texture": "#1"},
				"south": {"uv": [0, 0, 7, 2], "rotation": 270, "texture": "#1"},
				"west": {"uv": [0, 0, 7, 2], "rotation": 270, "texture": "#1"},
				"up": {"uv": [0, 0, 7, 3], "rotation": 90, "texture": "#1"},
				"down": {"uv": [0, 0, 7, 2], "rotation": 270, "texture": "#1"}
			}
		},
		{
			"from": [7.675, 13.49, 7.8502],
			"to": [8.095, 13.74, 8.4452],
			"rotation": {"angle": -22.5, "axis": "z", "origin": [7.95, 13.665, 8.225]},
			"faces": {
				"north": {"uv": [3, 10, 10, 13], "rotation": 180, "texture": "#5"},
				"east": {"uv": [3, 10, 10, 13], "rotation": 180, "texture": "#5"},
				"south": {"uv": [3, 10, 10, 13], "rotation": 180, "texture": "#5"},
				"west": {"uv": [3, 10, 10, 13], "rotation": 180, "texture": "#5"},
				"up": {"uv": [3, 10, 10, 13], "rotation": 180, "texture": "#5"},
				"down": {"uv": [3, 10, 10, 13], "rotation": 180, "texture": "#5"}
			}
		},
		{
			"from": [7.95, 13.57, 7.8502],
			"to": [8.325, 13.915, 8.4452],
			"rotation": {"angle": 22.5, "axis": "z", "origin": [8.2, 13.64, 8.175]},
			"faces": {
				"north": {"uv": [4, 9, 7, 14], "rotation": 180, "texture": "#5"},
				"east": {"uv": [4, 9, 7, 14], "rotation": 180, "texture": "#5"},
				"south": {"uv": [4, 9, 7, 14], "rotation": 180, "texture": "#5"},
				"west": {"uv": [4, 9, 7, 14], "rotation": 180, "texture": "#5"},
				"up": {"uv": [4, 9, 7, 14], "rotation": 180, "texture": "#5"},
				"down": {"uv": [4, 9, 7, 14], "rotation": 180, "texture": "#5"}
			}
		},
		{
			"from": [7.7048, 13.55, 8.113],
			"to": [8.2748, 13.925, 8.488],
			"rotation": {"angle": -22.5, "axis": "x", "origin": [7.95, 13.665, 8.35]},
			"faces": {
				"north": {"uv": [2, 9, 9, 14], "rotation": 180, "texture": "#5"},
				"east": {"uv": [2, 9, 9, 14], "rotation": 180, "texture": "#5"},
				"south": {"uv": [2, 9, 9, 14], "rotation": 180, "texture": "#5"},
				"west": {"uv": [2, 9, 9, 14], "rotation": 180, "texture": "#5"},
				"up": {"uv": [2, 9, 9, 14], "rotation": 180, "texture": "#5"},
				"down": {"uv": [2, 9, 9, 14], "rotation": 180, "texture": "#5"}
			}
		},
		{
			"from": [7.7298, 13.503, 7.815],
			"to": [8.1998, 13.778, 8.19],
			"rotation": {"angle": 22.5, "axis": "x", "origin": [7.95, 13.64, 8.075]},
			"faces": {
				"north": {"uv": [4, 12, 12, 15], "rotation": 180, "texture": "#5"},
				"east": {"uv": [4, 12, 12, 15], "rotation": 180, "texture": "#5"},
				"south": {"uv": [4, 12, 12, 15], "rotation": 180, "texture": "#5"},
				"west": {"uv": [4, 12, 12, 15], "rotation": 180, "texture": "#5"},
				"up": {"uv": [4, 12, 12, 15], "rotation": 180, "texture": "#5"},
				"down": {"uv": [4, 12, 12, 15], "rotation": 180, "texture": "#5"}
			}
		},
		{
			"from": [5.3, -4.6, 7.3749],
			"to": [5.732, -4.1, 8.6248],
			"rotation": {"angle": 45, "axis": "z", "origin": [-2.45, 3.25, 16.275]},
			"faces": {
				"north": {"uv": [9, 10, 16, 13], "rotation": 90, "texture": "#1"},
				"east": {"uv": [9, 10, 16, 13], "rotation": 90, "texture": "#1"},
				"south": {"uv": [9, 10, 16, 13], "rotation": 90, "texture": "#1"},
				"west": {"uv": [9, 10, 16, 13], "rotation": 90, "texture": "#1"},
				"up": {"uv": [9, 10, 16, 13], "rotation": 90, "texture": "#1"},
				"down": {"uv": [9, 10, 16, 13], "rotation": 90, "texture": "#1"}
			}
		},
		{
			"from": [4.075, -4.58, 7.3749],
			"to": [4.5, -4.155, 8.6248],
			"rotation": {"angle": 45, "axis": "z", "origin": [-3.65, 3.27, 16.275]},
			"faces": {
				"north": {"uv": [0, 0, 8, 5], "texture": "#1"},
				"east": {"uv": [0, 0, 8, 5], "texture": "#1"},
				"south": {"uv": [0, 0, 8, 5], "texture": "#1"},
				"west": {"uv": [0, 0, 8, 5], "texture": "#1"},
				"up": {"uv": [0, 0, 8, 5], "texture": "#1"},
				"down": {"uv": [0, 0, 8, 5], "texture": "#1"}
			}
		},
		{
			"from": [7.3599, 6.675, -0.5],
			"to": [8.5899, 7.1, -0.075],
			"rotation": {"angle": -45, "axis": "x", "origin": [16.25, 14.45, 7.675]},
			"faces": {
				"north": {"uv": [7, 2, 14, 4], "texture": "#1"},
				"east": {"uv": [7, 2, 14, 4], "texture": "#1"},
				"south": {"uv": [7, 2, 14, 4], "texture": "#1"},
				"west": {"uv": [7, 2, 14, 4], "texture": "#1"},
				"up": {"uv": [7, 2, 14, 4], "texture": "#1"},
				"down": {"uv": [7, 2, 14, 4], "texture": "#1"}
			}
		},
		{
			"from": [7.3599, 6.65, 0.675],
			"to": [8.5899, 7.1, 1.125],
			"rotation": {"angle": -45, "axis": "x", "origin": [16.25, 14.45, 8.85]},
			"faces": {
				"north": {"uv": [0, 0, 6, 3], "texture": "#1"},
				"east": {"uv": [0, 0, 6, 3], "texture": "#1"},
				"south": {"uv": [0, 0, 6, 3], "texture": "#1"},
				"west": {"uv": [0, 0, 6, 3], "texture": "#1"},
				"up": {"uv": [0, 0, 6, 3], "texture": "#1"},
				"down": {"uv": [0, 0, 6, 3], "texture": "#1"}
			}
		},
		{
			"from": [7.35, 1, 7.375],
			"to": [8.6, 4.875, 8.625],
			"rotation": {"angle": 0, "axis": "y", "origin": [15.225, 9, 15.75]},
			"faces": {
				"north": {"uv": [0, 0, 7, 9], "texture": "#1"},
				"east": {"uv": [6, 5, 12, 14], "texture": "#1"},
				"south": {"uv": [6, 3, 11, 14], "texture": "#1"},
				"west": {"uv": [11, 0, 16, 10], "texture": "#1"},
				"up": {"uv": [0, 0, 6, 0], "texture": "#missing"},
				"down": {"uv": [0, 0, 6, 0], "texture": "#missing"}
			}
		},
		{
			"from": [7.35, 4.6, 7.375],
			"to": [8.6, 6.875, 8.625],
			"rotation": {"angle": 0, "axis": "y", "origin": [15.225, 11, 15.75]},
			"faces": {
				"north": {"uv": [8, 7, 16, 16], "texture": "#5"},
				"east": {"uv": [8, 1, 14, 8], "texture": "#5"},
				"south": {"uv": [6, 0, 16, 12], "texture": "#5"},
				"west": {"uv": [4, 0, 9, 5], "texture": "#5"},
				"up": {"uv": [2, 10, 6, 14], "texture": "#5"},
				"down": {"uv": [8, 3, 14, 8], "texture": "#5"}
			}
		},
		{
			"from": [7.4249, 5.85, 7.975],
			"to": [8.5251, 7.15, 8.275],
			"rotation": {"angle": 22.5, "axis": "x", "origin": [7.825, 6.15, 7.775]},
			"faces": {
				"north": {"uv": [8, 7, 16, 16], "texture": "#5"},
				"east": {"uv": [8, 1, 14, 8], "texture": "#5"},
				"south": {"uv": [6, 0, 16, 12], "texture": "#5"},
				"west": {"uv": [4, 0, 9, 5], "texture": "#5"},
				"up": {"uv": [2, 10, 6, 14], "texture": "#5"},
				"down": {"uv": [8, 3, 14, 8], "texture": "#5"}
			}
		},
		{
			"from": [7.5249, 7.5, 7.65],
			"to": [8.4001, 8.8, 7.95],
			"rotation": {"angle": 22.5, "axis": "x", "origin": [7.825, 7.8, 7.45]},
			"faces": {
				"north": {"uv": [8, 7, 16, 16], "texture": "#5"},
				"east": {"uv": [8, 1, 14, 8], "texture": "#5"},
				"south": {"uv": [6, 0, 16, 12], "texture": "#5"},
				"west": {"uv": [4, 0, 9, 5], "texture": "#5"},
				"up": {"uv": [2, 10, 6, 14], "texture": "#5"},
				"down": {"uv": [8, 3, 14, 8], "texture": "#5"}
			}
		},
		{
			"from": [7.5499, 10.65, 7.9],
			"to": [8.4251, 10.95, 8.275],
			"rotation": {"angle": 22.5, "axis": "x", "origin": [7.85, 11.15, 7.275]},
			"faces": {
				"north": {"uv": [8, 3, 14, 8], "rotation": 180, "texture": "#5"},
				"east": {"uv": [8, 1, 14, 8], "rotation": 270, "texture": "#5"},
				"south": {"uv": [2, 10, 6, 14], "texture": "#5"},
				"west": {"uv": [4, 0, 9, 5], "rotation": 90, "texture": "#5"},
				"up": {"uv": [8, 7, 16, 16], "rotation": 180, "texture": "#5"},
				"down": {"uv": [6, 0, 16, 12], "texture": "#5"}
			}
		},
		{
			"from": [7.6249, 11.95, 8.175],
			"to": [8.3501, 12.25, 8.55],
			"rotation": {"angle": 22.5, "axis": "x", "origin": [7.85, 12.45, 7.55]},
			"faces": {
				"north": {"uv": [8, 3, 14, 8], "rotation": 180, "texture": "#5"},
				"east": {"uv": [8, 1, 14, 8], "rotation": 270, "texture": "#5"},
				"south": {"uv": [2, 10, 6, 14], "texture": "#5"},
				"west": {"uv": [4, 0, 9, 5], "rotation": 90, "texture": "#5"},
				"up": {"uv": [8, 7, 16, 16], "rotation": 180, "texture": "#5"},
				"down": {"uv": [6, 0, 16, 12], "texture": "#5"}
			}
		},
		{
			"from": [7.4251, 6.625, 7.6],
			"to": [8.5249, 7.575, 7.9],
			"rotation": {"angle": 45, "axis": "x", "origin": [7.825, 6.575, 7.4]},
			"faces": {
				"north": {"uv": [8, 7, 16, 16], "texture": "#5"},
				"east": {"uv": [8, 1, 14, 8], "texture": "#5"},
				"south": {"uv": [6, 0, 16, 12], "texture": "#5"},
				"west": {"uv": [4, 0, 9, 5], "texture": "#5"},
				"up": {"uv": [2, 10, 6, 14], "texture": "#5"},
				"down": {"uv": [8, 3, 14, 8], "texture": "#5"}
			}
		},
		{
			"from": [7.4251, 7.225, 6.775],
			"to": [8.5249, 7.525, 7.075],
			"rotation": {"angle": 45, "axis": "x", "origin": [7.825, 6.525, 6.575]},
			"faces": {
				"north": {"uv": [8, 7, 16, 16], "texture": "#5"},
				"east": {"uv": [8, 1, 14, 8], "texture": "#5"},
				"south": {"uv": [6, 0, 16, 12], "texture": "#5"},
				"west": {"uv": [4, 0, 9, 5], "texture": "#5"},
				"up": {"uv": [2, 10, 6, 14], "texture": "#5"},
				"down": {"uv": [8, 3, 14, 8], "texture": "#5"}
			}
		},
		{
			"from": [7.5501, 8.875, 6.675],
			"to": [8.4249, 9.175, 6.975],
			"rotation": {"angle": 45, "axis": "x", "origin": [7.85, 8.175, 6.475]},
			"faces": {
				"north": {"uv": [8, 7, 16, 16], "texture": "#5"},
				"east": {"uv": [8, 1, 14, 8], "texture": "#5"},
				"south": {"uv": [6, 0, 16, 12], "texture": "#5"},
				"west": {"uv": [4, 0, 9, 5], "texture": "#5"},
				"up": {"uv": [2, 10, 6, 14], "texture": "#5"},
				"down": {"uv": [8, 3, 14, 8], "texture": "#5"}
			}
		},
		{
			"from": [7.5501, 8.275, 7.325],
			"to": [8.4249, 9.225, 7.625],
			"rotation": {"angle": 45, "axis": "x", "origin": [7.85, 8.225, 7.125]},
			"faces": {
				"north": {"uv": [8, 7, 16, 16], "texture": "#5"},
				"east": {"uv": [8, 1, 14, 8], "texture": "#5"},
				"south": {"uv": [6, 0, 16, 12], "texture": "#5"},
				"west": {"uv": [4, 0, 9, 5], "texture": "#5"},
				"up": {"uv": [2, 10, 6, 14], "texture": "#5"},
				"down": {"uv": [8, 3, 14, 8], "texture": "#5"}
			}
		},
		{
			"from": [7.5501, 11.05, 8.375],
			"to": [8.4249, 11.35, 8.725],
			"rotation": {"angle": 45, "axis": "x", "origin": [7.85, 11.55, 7.725]},
			"faces": {
				"north": {"uv": [8, 3, 14, 8], "rotation": 180, "texture": "#5"},
				"east": {"uv": [8, 1, 14, 8], "rotation": 270, "texture": "#5"},
				"south": {"uv": [2, 10, 6, 14], "texture": "#5"},
				"west": {"uv": [4, 0, 9, 5], "rotation": 90, "texture": "#5"},
				"up": {"uv": [8, 7, 16, 16], "rotation": 180, "texture": "#5"},
				"down": {"uv": [6, 0, 16, 12], "texture": "#5"}
			}
		},
		{
			"from": [7.6251, 12.3, 8.6],
			"to": [8.3499, 12.6, 8.95],
			"rotation": {"angle": 45, "axis": "x", "origin": [7.85, 12.8, 7.95]},
			"faces": {
				"north": {"uv": [8, 3, 14, 8], "rotation": 180, "texture": "#5"},
				"east": {"uv": [8, 1, 14, 8], "rotation": 270, "texture": "#5"},
				"south": {"uv": [2, 10, 6, 14], "texture": "#5"},
				"west": {"uv": [4, 0, 9, 5], "rotation": 90, "texture": "#5"},
				"up": {"uv": [8, 7, 16, 16], "rotation": 180, "texture": "#5"},
				"down": {"uv": [6, 0, 16, 12], "texture": "#5"}
			}
		},
		{
			"from": [7.5501, 10.925, 7.725],
			"to": [8.4249, 11.325, 8.075],
			"rotation": {"angle": 45, "axis": "x", "origin": [7.85, 11.525, 7.075]},
			"faces": {
				"north": {"uv": [8, 3, 14, 8], "rotation": 180, "texture": "#5"},
				"east": {"uv": [8, 1, 14, 8], "rotation": 270, "texture": "#5"},
				"south": {"uv": [2, 10, 6, 14], "texture": "#5"},
				"west": {"uv": [4, 0, 9, 5], "rotation": 90, "texture": "#5"},
				"up": {"uv": [8, 7, 16, 16], "rotation": 180, "texture": "#5"},
				"down": {"uv": [6, 0, 16, 12], "texture": "#5"}
			}
		},
		{
			"from": [7.6251, 12.075, 7.975],
			"to": [8.3499, 12.75, 8.325],
			"rotation": {"angle": 45, "axis": "x", "origin": [7.85, 12.675, 7.325]},
			"faces": {
				"north": {"uv": [8, 3, 14, 8], "rotation": 180, "texture": "#5"},
				"east": {"uv": [8, 1, 14, 8], "rotation": 270, "texture": "#5"},
				"south": {"uv": [2, 10, 6, 14], "texture": "#5"},
				"west": {"uv": [4, 0, 9, 5], "rotation": 90, "texture": "#5"},
				"up": {"uv": [8, 7, 16, 16], "rotation": 180, "texture": "#5"},
				"down": {"uv": [6, 0, 16, 12], "texture": "#5"}
			}
		},
		{
			"from": [7.425, 6.875, 7.2],
			"to": [8.525, 8.525, 8.3],
			"rotation": {"angle": 0, "axis": "y", "origin": [15.225, 12.875, 15.5]},
			"faces": {
				"north": {"uv": [5, 3, 9, 15], "texture": "#5"},
				"east": {"uv": [5, 3, 9, 15], "texture": "#5"},
				"south": {"uv": [5, 3, 9, 15], "texture": "#5"},
				"west": {"uv": [1, 7, 5, 15], "texture": "#5"},
				"up": {"uv": [5, 3, 9, 15], "texture": "#5"},
				"down": {"uv": [5, 3, 9, 15], "texture": "#5"}
			}
		},
		{
			"from": [7.55, 8.525, 7.1],
			"to": [8.425, 10.65, 8],
			"rotation": {"angle": 0, "axis": "y", "origin": [15.25, 16.525, 15.3]},
			"faces": {
				"north": {"uv": [7, 4, 11, 15], "rotation": 180, "texture": "#5"},
				"east": {"uv": [8, 2, 12, 13], "rotation": 180, "texture": "#5"},
				"south": {"uv": [11, 6, 15, 16], "texture": "#5"},
				"west": {"uv": [9, 0, 12, 8], "texture": "#5"},
				"up": {"uv": [4, 4, 10, 10], "texture": "#5"},
				"down": {"uv": [8, 13, 16, 15], "texture": "#missing"}
			}
		},
		{
			"from": [7.55, 10.7, 7.35],
			"to": [8.425, 11.8, 8.3],
			"rotation": {"angle": 0, "axis": "y", "origin": [15.25, 18.7, 15.6]},
			"faces": {
				"north": {"uv": [7, 4, 11, 15], "rotation": 180, "texture": "#5"},
				"east": {"uv": [8, 2, 12, 13], "rotation": 180, "texture": "#5"},
				"south": {"uv": [11, 6, 15, 16], "texture": "#5"},
				"west": {"uv": [9, 0, 12, 8], "texture": "#5"},
				"up": {"uv": [4, 4, 10, 10], "texture": "#5"},
				"down": {"uv": [8, 13, 16, 15], "texture": "#missing"}
			}
		},
		{
			"from": [7.5751, 10.65, 7.325],
			"to": [8.3749, 10.7, 8],
			"rotation": {"angle": 0, "axis": "y", "origin": [15.225, 18.65, 15.025]},
			"faces": {
				"north": {"uv": [7, 4, 11, 15], "rotation": 180, "texture": "#5"},
				"east": {"uv": [8, 2, 12, 13], "rotation": 180, "texture": "#5"},
				"south": {"uv": [11, 6, 15, 16], "texture": "#5"},
				"west": {"uv": [9, 0, 12, 8], "texture": "#5"},
				"up": {"uv": [4, 4, 10, 10], "texture": "#5"},
				"down": {"uv": [8, 13, 16, 15], "texture": "#missing"}
			}
		},
		{
			"from": [7.625, 11.95, 7.775],
			"to": [8.35, 13.625, 8.525],
			"rotation": {"angle": 0, "axis": "y", "origin": [15.25, 20, 15.9]},
			"faces": {
				"north": {"uv": [1, 5, 4, 14], "texture": "#5"},
				"east": {"uv": [6, 6, 10, 15], "texture": "#5"},
				"south": {"uv": [4, 4, 8, 14], "texture": "#5"},
				"west": {"uv": [11, 3, 15, 12], "texture": "#5"},
				"up": {"uv": [5, 8, 10, 13], "texture": "#5"},
				"down": {"uv": [8, 13, 16, 16], "texture": "#missing"}
			}
		},
		{
			"from": [7.65, 11.775, 7.775],
			"to": [8.325, 11.975, 8.075],
			"rotation": {"angle": 0, "axis": "y", "origin": [15.25, 19.825, 15.425]},
			"faces": {
				"north": {"uv": [1, 5, 4, 14], "texture": "#5"},
				"east": {"uv": [6, 6, 10, 15], "texture": "#5"},
				"south": {"uv": [4, 4, 8, 14], "texture": "#5"},
				"west": {"uv": [11, 3, 15, 12], "texture": "#5"},
				"up": {"uv": [5, 8, 10, 13], "texture": "#5"},
				"down": {"uv": [8, 13, 16, 16], "texture": "#missing"}
			}
		},
		{
			"from": [7.7, 13.625, 7.85],
			"to": [8.275, 17, 8.45],
			"rotation": {"angle": 0, "axis": "y", "origin": [15.25, 21.625, 15.9]},
			"faces": {
				"north": {"uv": [12, 3, 16, 13], "texture": "#5"},
				"east": {"uv": [4, 3, 8, 12], "texture": "#5"},
				"south": {"uv": [6, 7, 10, 16], "texture": "#5"},
				"west": {"uv": [8, 7, 13, 15], "texture": "#5"},
				"up": {"uv": [3, 9, 7, 13], "texture": "#5"},
				"down": {"uv": [8, 13, 16, 15], "texture": "#missing"}
			}
		},
		{
			"from": [7.0591, 3.675, -0.925],
			"to": [8.9491, 3.855, -0.7],
			"rotation": {"angle": -45, "axis": "x", "origin": [15, 11.675, 7.075]},
			"faces": {
				"north": {"uv": [1, 0, 11, 3], "texture": "#1"},
				"east": {"uv": [1, 0, 11, 3], "texture": "#1"},
				"south": {"uv": [1, 0, 11, 3], "texture": "#1"},
				"west": {"uv": [1, 0, 11, 3], "texture": "#1"},
				"up": {"uv": [1, 0, 11, 3], "texture": "#1"},
				"down": {"uv": [1, 0, 11, 3], "texture": "#1"}
			}
		},
		{
			"from": [5.5, -7.5, 7.0591],
			"to": [5.727, -7.32, 8.9491],
			"rotation": {"angle": 45, "axis": "z", "origin": [-2.275, 0.5, 15]},
			"faces": {
				"north": {"uv": [10, 4, 12, 14], "rotation": 90, "texture": "#1"},
				"east": {"uv": [10, 4, 12, 14], "rotation": 90, "texture": "#1"},
				"south": {"uv": [10, 4, 12, 14], "rotation": 90, "texture": "#1"},
				"west": {"uv": [10, 4, 12, 14], "rotation": 90, "texture": "#1"},
				"up": {"uv": [10, 4, 12, 14], "rotation": 90, "texture": "#1"},
				"down": {"uv": [10, 4, 12, 14], "rotation": 90, "texture": "#1"}
			}
		},
		{
			"from": [14.945, 3.675, 7.0591],
			"to": [15.095, 3.905, 8.9391],
			"rotation": {"angle": -45, "axis": "z", "origin": [7.125, 11.725, 15]},
			"faces": {
				"north": {"uv": [13, 8, 15, 14], "rotation": 90, "texture": "#1"},
				"east": {"uv": [13, 8, 15, 14], "rotation": 90, "texture": "#1"},
				"south": {"uv": [13, 8, 15, 14], "rotation": 90, "texture": "#1"},
				"west": {"uv": [13, 8, 15, 14], "rotation": 90, "texture": "#1"},
				"up": {"uv": [13, 8, 15, 14], "rotation": 90, "texture": "#1"},
				"down": {"uv": [13, 8, 15, 14], "rotation": 90, "texture": "#1"}
			}
		},
		{
			"from": [7.0591, 3.65, 0.875],
			"to": [8.9491, 3.83, 1.105],
			"rotation": {"angle": -45, "axis": "x", "origin": [15, 11.65, 8.875]},
			"faces": {
				"north": {"uv": [0, 0, 10, 3], "texture": "#1"},
				"east": {"uv": [0, 0, 10, 3], "texture": "#1"},
				"south": {"uv": [0, 0, 10, 3], "texture": "#1"},
				"west": {"uv": [0, 0, 10, 3], "texture": "#1"},
				"up": {"uv": [0, 0, 10, 3], "texture": "#1"},
				"down": {"uv": [0, 0, 10, 3], "texture": "#1"}
			}
		}
	],
	"display": {
		"thirdperson_righthand": {
			"translation": [0, 3.25, 1.5],
			"scale": [0.7, 0.8, 0.7]
		},
		"thirdperson_lefthand": {
			"translation": [0, -2.25, 1.75],
			"scale": [0, 0, 0]
		},
		"firstperson_righthand": {
			"rotation": [-27, -59, 5],
			"translation": [0, 3.75, 0]
		},
		"firstperson_lefthand": {
			"rotation": [-22, -59, 5],
			"translation": [22.5, 0, 0]
		},
		"ground": {
			"rotation": [-90, 90, 0],
			"translation": [0, -2, 0],
			"scale": [0.7, 0.8, 0.7]
		},
		"gui": {
			"rotation": [0, 25, 45],
			"scale": [0.9, 1, 0.9]
		},
		"head": {
			"rotation": [163, 0, 0],
			"translation": [0, -37, 0]
		},
		"fixed": {
			"rotation": [-16, 90, 18],
			"translation": [0, 0, -1],
			"scale": [1.2, 1.3, 1.2]
		}
	}
}