{
	"credit": "Made with Blockbench",
	"textures": {
		"1": "item/wand/wand_down",
		"5": "item/wand/wand_up"
	},
	"elements": [
		{
			"from": [7.05, 0.05, 7.05],
			"to": [8.95, 1, 8.95],
			"rotation": {"angle": 0, "axis": "y", "origin": [15, 8, 16]},
			"faces": {
				"north": {"uv": [0, 0, 16, 12], "texture": "#1"},
				"east": {"uv": [0, 0, 16, 12], "texture": "#1"},
				"south": {"uv": [0, 0, 16, 12], "texture": "#1"},
				"west": {"uv": [0, 0, 16, 12], "texture": "#1"},
				"up": {"uv": [0, 0, 16, 12], "texture": "#1"},
				"down": {"uv": [0, 0, 16, 12], "texture": "#1"}
			}
		},
		{
			"from": [7.063, 3.475, 7.075],
			"to": [8.883, 5.275, 8.9],
			"rotation": {"angle": 0, "axis": "y", "origin": [15, 11.5, 16.025]},
			"faces": {
				"north": {"uv": [4, 5, 16, 16], "texture": "#1"},
				"east": {"uv": [8, 3, 16, 12], "texture": "#1"},
				"south": {"uv": [0, 0, 12, 8], "texture": "#1"},
				"west": {"uv": [3, 6, 12, 16], "texture": "#1"},
				"up": {"uv": [4, 5, 13, 13], "texture": "#1"},
				"down": {"uv": [0, 0, 16, 16], "texture": "#1"}
			}
		},
		{
			"from": [6.95, 0, 6.95],
			"to": [9.05, 0.5, 9.05],
			"rotation": {"angle": 0, "axis": "y", "origin": [15, 8, 16]},
			"faces": {
				"north": {"uv": [0, 0, 10, 5], "texture": "#1"},
				"east": {"uv": [0, 0, 10, 5], "texture": "#1"},
				"south": {"uv": [0, 0, 10, 5], "texture": "#1"},
				"west": {"uv": [0, 0, 10, 5], "texture": "#1"},
				"up": {"uv": [0, 0, 10, 5], "texture": "#1"},
				"down": {"uv": [0, 0, 10, 5], "texture": "#1"}
			}
		},
		{
			"from": [7.35, -2.55, 9.45],
			"to": [8.6, -1.725, 9.85],
			"rotation": {"angle": 22.5, "axis": "x", "origin": [16.25, 5.2, 17.15]},
			"faces": {
				"north": {"uv": [4, 3, 14, 12], "texture": "#1"},
				"east": {"uv": [4, 3, 14, 12], "texture": "#1"},
				"south": {"uv": [4, 3, 14, 12], "texture": "#1"},
				"west": {"uv": [4, 3, 14, 12], "texture": "#1"},
				"up": {"uv": [4, 3, 14, 12], "texture": "#1"},
				"down": {"uv": [4, 3, 14, 12], "texture": "#1"}
			}
		},
		{
			"from": [9.425, -2.555, 7.375],
			"to": [9.875, -1.78, 8.6249],
			"rotation": {"angle": -22.5, "axis": "z", "origin": [17.175, 5.185, 16.2501]},
			"faces": {
				"north": {"uv": [1, 1, 16, 11], "rotation": 90, "texture": "#1"},
				"east": {"uv": [1, 1, 16, 11], "rotation": 90, "texture": "#1"},
				"south": {"uv": [1, 1, 16, 11], "rotation": 90, "texture": "#1"},
				"west": {"uv": [1, 6, 10, 11], "texture": "#1"},
				"up": {"uv": [1, 1, 16, 11], "rotation": 90, "texture": "#1"},
				"down": {"uv": [1, 1, 16, 11], "rotation": 90, "texture": "#1"}
			}
		},
		{
			"from": [4.975, 3.15, 7.4],
			"to": [5.425, 4, 8.625],
			"rotation": {"angle": 22.5, "axis": "z", "origin": [12.725, 10.85, 16.25]},
			"faces": {
				"north": {"uv": [4, 7, 15, 15], "texture": "#1"},
				"east": {"uv": [4, 7, 15, 15], "texture": "#1"},
				"south": {"uv": [4, 7, 15, 15], "texture": "#1"},
				"west": {"uv": [4, 7, 15, 15], "texture": "#1"},
				"up": {"uv": [4, 7, 15, 15], "texture": "#1"},
				"down": {"uv": [4, 7, 15, 15], "texture": "#1"}
			}
		},
		{
			"from": [7.3499, 4.325, 10.725],
			"to": [8.5998, 5.15, 11.175],
			"rotation": {"angle": -22.5, "axis": "x", "origin": [16.25, -2.975, 18.475]},
			"faces": {
				"north": {"uv": [2, 2, 12, 8], "rotation": 180, "texture": "#1"},
				"east": {"uv": [2, 2, 12, 8], "texture": "#1"},
				"south": {"uv": [2, 2, 12, 8], "texture": "#1"},
				"west": {"uv": [2, 2, 12, 8], "rotation": 180, "texture": "#1"},
				"up": {"uv": [2, 2, 12, 8], "rotation": 180, "texture": "#1"},
				"down": {"uv": [2, 2, 12, 8], "rotation": 180, "texture": "#1"}
			}
		},
		{
			"from": [7.3599, -2.61, 4.98],
			"to": [8.5998, -2.16, 5.43],
			"rotation": {"angle": -45, "axis": "x", "origin": [16.25, 5.515, -2.35]},
			"faces": {
				"north": {"uv": [5, 12, 16, 16], "texture": "#1"},
				"east": {"uv": [5, 12, 16, 16], "texture": "#1"},
				"south": {"uv": [5, 12, 16, 16], "texture": "#1"},
				"west": {"uv": [5, 12, 16, 16], "texture": "#1"},
				"up": {"uv": [5, 12, 16, 16], "texture": "#1"},
				"down": {"uv": [5, 12, 16, 16], "texture": "#1"}
			}
		},
		{
			"from": [7.3599, -2.61, 3.78],
			"to": [8.5998, -2.185, 4.255],
			"rotation": {"angle": -45, "axis": "x", "origin": [16.25, 5.515, -3.55]},
			"faces": {
				"north": {"uv": [6, 7, 14, 11], "texture": "#1"},
				"east": {"uv": [6, 7, 14, 11], "texture": "#1"},
				"south": {"uv": [6, 7, 14, 11], "texture": "#1"},
				"west": {"uv": [6, 7, 14, 11], "texture": "#1"},
				"up": {"uv": [6, 7, 14, 11], "texture": "#1"},
				"down": {"uv": [6, 7, 14, 11], "texture": "#1"}
			}
		},
		{
			"from": [8.4, 5.095, 7.3752],
			"to": [8.825, 5.57, 8.6151],
			"rotation": {"angle": 45, "axis": "z", "origin": [8.625, 5.24, 8.025]},
			"faces": {
				"north": {"uv": [4, 5, 12, 9], "rotation": 270, "texture": "#1"},
				"east": {"uv": [2, 8, 10, 12], "texture": "#1"},
				"south": {"uv": [4, 5, 12, 9], "rotation": 270, "texture": "#1"},
				"west": {"uv": [4, 5, 12, 9], "rotation": 270, "texture": "#1"},
				"up": {"uv": [4, 5, 12, 9], "rotation": 270, "texture": "#1"},
				"down": {"uv": [4, 5, 12, 9], "rotation": 270, "texture": "#1"}
			}
		},
		{
			"from": [7.225, 5.07, 7.3752],
			"to": [7.675, 5.545, 8.6151],
			"rotation": {"angle": 45, "axis": "z", "origin": [7.475, 5.215, 8.025]},
			"faces": {
				"north": {"uv": [0, 0, 7, 2], "rotation": 270, "texture": "#1"},
				"east": {"uv": [0, 0, 7, 2], "rotation": 270, "texture": "#1"},
				"south": {"uv": [0, 0, 7, 2], "rotation": 270, "texture": "#1"},
				"west": {"uv": [0, 0, 7, 2], "rotation": 270, "texture": "#1"},
				"up": {"uv": [0, 0, 7, 3], "rotation": 90, "texture": "#1"},
				"down": {"uv": [0, 0, 7, 2], "rotation": 270, "texture": "#1"}
			}
		},
		{
			"from": [7.45, 6.72, 7.5002],
			"to": [7.825, 7.115, 8.4952],
			"rotation": {"angle": 45, "axis": "z", "origin": [7.7, 6.865, 8.025]},
			"faces": {
				"north": {"uv": [11, 4, 14, 12], "rotation": 180, "texture": "#5"},
				"east": {"uv": [11, 4, 14, 12], "rotation": 180, "texture": "#5"},
				"south": {"uv": [11, 4, 14, 12], "rotation": 180, "texture": "#5"},
				"west": {"uv": [11, 4, 14, 12], "rotation": 180, "texture": "#5"},
				"up": {"uv": [11, 4, 14, 12], "rotation": 180, "texture": "#5"},
				"down": {"uv": [11, 4, 14, 12], "rotation": 180, "texture": "#5"}
			}
		},
		{
			"from": [7.575, 10.765, 7.6002],
			"to": [7.995, 11.14, 8.3952],
			"rotation": {"angle": -22.5, "axis": "z", "origin": [7.85, 11.015, 8.025]},
			"faces": {
				"north": {"uv": [7, 2, 15, 6], "texture": "#5"},
				"east": {"uv": [7, 2, 15, 6], "texture": "#5"},
				"south": {"uv": [7, 2, 15, 6], "texture": "#5"},
				"west": {"uv": [7, 2, 15, 6], "texture": "#5"},
				"up": {"uv": [7, 2, 15, 6], "texture": "#5"},
				"down": {"uv": [7, 2, 15, 6], "texture": "#5"}
			}
		},
		{
			"from": [7.675, 13.74, 7.6752],
			"to": [8.095, 14.14, 8.3202],
			"rotation": {"angle": -22.5, "axis": "z", "origin": [7.95, 14.015, 8.025]},
			"faces": {
				"north": {"uv": [4, 9, 10, 12], "rotation": 180, "texture": "#5"},
				"east": {"uv": [4, 9, 10, 12], "rotation": 180, "texture": "#5"},
				"south": {"uv": [4, 9, 10, 12], "rotation": 180, "texture": "#5"},
				"west": {"uv": [4, 9, 10, 12], "rotation": 180, "texture": "#5"},
				"up": {"uv": [4, 9, 10, 12], "rotation": 180, "texture": "#5"},
				"down": {"uv": [4, 9, 10, 12], "rotation": 180, "texture": "#5"}
			}
		},
		{
			"from": [7.75, 15.74, 7.7502],
			"to": [8.17, 16.09, 8.2452],
			"rotation": {"angle": -22.5, "axis": "z", "origin": [8.025, 16.015, 8.025]},
			"faces": {
				"north": {"uv": [3, 10, 10, 13], "rotation": 180, "texture": "#5"},
				"east": {"uv": [3, 10, 10, 13], "rotation": 180, "texture": "#5"},
				"south": {"uv": [3, 10, 10, 13], "rotation": 180, "texture": "#5"},
				"west": {"uv": [3, 10, 10, 13], "rotation": 180, "texture": "#5"},
				"up": {"uv": [3, 10, 10, 13], "rotation": 180, "texture": "#5"},
				"down": {"uv": [3, 10, 10, 13], "rotation": 180, "texture": "#5"}
			}
		},
		{
			"from": [8.05, 10.745, 7.6002],
			"to": [8.425, 11.14, 8.3952],
			"rotation": {"angle": 22.5, "axis": "z", "origin": [8.3, 10.865, 8.025]},
			"faces": {
				"north": {"uv": [5, 6, 13, 8], "rotation": 180, "texture": "#5"},
				"east": {"uv": [5, 6, 13, 8], "rotation": 180, "texture": "#5"},
				"south": {"uv": [5, 6, 13, 8], "rotation": 180, "texture": "#5"},
				"west": {"uv": [5, 6, 13, 8], "rotation": 180, "texture": "#5"},
				"up": {"uv": [5, 6, 13, 8], "rotation": 180, "texture": "#5"},
				"down": {"uv": [5, 6, 13, 8], "rotation": 180, "texture": "#5"}
			}
		},
		{
			"from": [7.95, 13.795, 7.6752],
			"to": [8.325, 14.14, 8.3202],
			"rotation": {"angle": 22.5, "axis": "z", "origin": [8.2, 13.865, 8.025]},
			"faces": {
				"north": {"uv": [5, 12, 13, 14], "rotation": 180, "texture": "#5"},
				"east": {"uv": [5, 12, 13, 14], "rotation": 180, "texture": "#5"},
				"south": {"uv": [5, 12, 13, 14], "rotation": 180, "texture": "#5"},
				"west": {"uv": [5, 12, 13, 14], "rotation": 180, "texture": "#5"},
				"up": {"uv": [5, 12, 13, 14], "rotation": 180, "texture": "#5"},
				"down": {"uv": [5, 12, 13, 14], "rotation": 180, "texture": "#5"}
			}
		},
		{
			"from": [7.875, 15.795, 7.7502],
			"to": [8.25, 16.14, 8.2452],
			"rotation": {"angle": 22.5, "axis": "z", "origin": [8.125, 15.865, 8.025]},
			"faces": {
				"north": {"uv": [4, 9, 7, 14], "rotation": 180, "texture": "#5"},
				"east": {"uv": [4, 9, 7, 14], "rotation": 180, "texture": "#5"},
				"south": {"uv": [4, 9, 7, 14], "rotation": 180, "texture": "#5"},
				"west": {"uv": [4, 9, 7, 14], "rotation": 180, "texture": "#5"},
				"up": {"uv": [4, 9, 7, 14], "rotation": 180, "texture": "#5"},
				"down": {"uv": [4, 9, 7, 14], "rotation": 180, "texture": "#5"}
			}
		},
		{
			"from": [8.15, 6.745, 7.5002],
			"to": [8.525, 7.145, 8.4952],
			"rotation": {"angle": 45, "axis": "z", "origin": [8.4, 6.89, 8.025]},
			"faces": {
				"north": {"uv": [3, 11, 11, 13], "rotation": 180, "texture": "#5"},
				"east": {"uv": [3, 11, 11, 13], "rotation": 180, "texture": "#5"},
				"south": {"uv": [3, 11, 11, 13], "rotation": 180, "texture": "#5"},
				"west": {"uv": [3, 11, 11, 13], "rotation": 180, "texture": "#5"},
				"up": {"uv": [3, 11, 11, 13], "rotation": 180, "texture": "#5"},
				"down": {"uv": [3, 11, 11, 13], "rotation": 180, "texture": "#5"}
			}
		},
		{
			"from": [7.4798, 6.745, 8.175],
			"to": [8.4748, 7.145, 8.55],
			"rotation": {"angle": -45, "axis": "x", "origin": [7.95, 6.89, 8.425]},
			"faces": {
				"north": {"uv": [2, 0, 12, 10], "rotation": 180, "texture": "#5"},
				"east": {"uv": [2, 0, 12, 10], "rotation": 180, "texture": "#5"},
				"south": {"uv": [2, 0, 12, 10], "rotation": 180, "texture": "#5"},
				"west": {"uv": [2, 0, 12, 10], "rotation": 180, "texture": "#5"},
				"up": {"uv": [2, 0, 12, 10], "rotation": 180, "texture": "#5"},
				"down": {"uv": [2, 0, 12, 10], "rotation": 180, "texture": "#5"}
			}
		},
		{
			"from": [7.4798, 6.725, 7.488],
			"to": [8.4748, 7.125, 7.838],
			"rotation": {"angle": -45, "axis": "x", "origin": [7.95, 6.865, 7.725]},
			"faces": {
				"north": {"uv": [4, 9, 14, 14], "rotation": 180, "texture": "#5"},
				"east": {"uv": [4, 9, 14, 14], "rotation": 180, "texture": "#5"},
				"south": {"uv": [4, 9, 14, 14], "rotation": 180, "texture": "#5"},
				"west": {"uv": [4, 9, 14, 14], "rotation": 180, "texture": "#5"},
				"up": {"uv": [4, 9, 14, 14], "rotation": 180, "texture": "#5"},
				"down": {"uv": [4, 9, 14, 14], "rotation": 180, "texture": "#5"}
			}
		},
		{
			"from": [7.5798, 10.703, 7.54],
			"to": [8.3498, 10.978, 7.965],
			"rotation": {"angle": 22.5, "axis": "x", "origin": [7.95, 10.865, 7.825]},
			"faces": {
				"north": {"uv": [4, 9, 12, 11], "rotation": 180, "texture": "#5"},
				"east": {"uv": [4, 9, 12, 11], "rotation": 180, "texture": "#5"},
				"south": {"uv": [4, 9, 12, 11], "rotation": 180, "texture": "#5"},
				"west": {"uv": [4, 9, 12, 11], "rotation": 180, "texture": "#5"},
				"up": {"uv": [4, 9, 12, 11], "rotation": 180, "texture": "#5"},
				"down": {"uv": [4, 9, 12, 11], "rotation": 180, "texture": "#5"}
			}
		},
		{
			"from": [7.5798, 10.775, 8.088],
			"to": [8.3498, 11.15, 8.463],
			"rotation": {"angle": -22.5, "axis": "x", "origin": [7.95, 10.89, 8.325]},
			"faces": {
				"north": {"uv": [5, 10, 13, 12], "rotation": 180, "texture": "#5"},
				"east": {"uv": [5, 10, 13, 12], "rotation": 180, "texture": "#5"},
				"south": {"uv": [5, 10, 13, 12], "rotation": 180, "texture": "#5"},
				"west": {"uv": [5, 10, 13, 12], "rotation": 180, "texture": "#5"},
				"up": {"uv": [5, 10, 13, 12], "rotation": 180, "texture": "#5"},
				"down": {"uv": [5, 10, 13, 12], "rotation": 180, "texture": "#5"}
			}
		},
		{
			"from": [7.6548, 13.775, 7.988],
			"to": [8.2748, 14.15, 8.363],
			"rotation": {"angle": -22.5, "axis": "x", "origin": [7.95, 13.89, 8.225]},
			"faces": {
				"north": {"uv": [5, 9, 11, 11], "rotation": 180, "texture": "#5"},
				"east": {"uv": [5, 9, 11, 11], "rotation": 180, "texture": "#5"},
				"south": {"uv": [5, 9, 11, 11], "rotation": 180, "texture": "#5"},
				"west": {"uv": [5, 9, 11, 11], "rotation": 180, "texture": "#5"},
				"up": {"uv": [5, 9, 11, 11], "rotation": 180, "texture": "#5"},
				"down": {"uv": [5, 9, 11, 11], "rotation": 180, "texture": "#5"}
			}
		},
		{
			"from": [7.7298, 15.775, 7.913],
			"to": [8.1998, 16.15, 8.288],
			"rotation": {"angle": -22.5, "axis": "x", "origin": [7.95, 15.89, 8.15]},
			"faces": {
				"north": {"uv": [2, 9, 9, 14], "rotation": 180, "texture": "#5"},
				"east": {"uv": [2, 9, 9, 14], "rotation": 180, "texture": "#5"},
				"south": {"uv": [2, 9, 9, 14], "rotation": 180, "texture": "#5"},
				"west": {"uv": [2, 9, 9, 14], "rotation": 180, "texture": "#5"},
				"up": {"uv": [2, 9, 9, 14], "rotation": 180, "texture": "#5"},
				"down": {"uv": [2, 9, 9, 14], "rotation": 180, "texture": "#5"}
			}
		},
		{
			"from": [7.6548, 13.753, 7.69],
			"to": [8.2748, 14.128, 8.065],
			"rotation": {"angle": 22.5, "axis": "x", "origin": [7.95, 13.99, 7.95]},
			"faces": {
				"north": {"uv": [2, 12, 10, 14], "rotation": 180, "texture": "#5"},
				"east": {"uv": [8, 13, 16, 15], "rotation": 180, "texture": "#5"},
				"south": {"uv": [8, 13, 16, 15], "rotation": 180, "texture": "#5"},
				"west": {"uv": [8, 13, 16, 15], "rotation": 180, "texture": "#5"},
				"up": {"uv": [8, 13, 16, 15], "rotation": 180, "texture": "#5"},
				"down": {"uv": [8, 13, 16, 15], "rotation": 180, "texture": "#5"}
			}
		},
		{
			"from": [7.7298, 15.753, 7.765],
			"to": [8.1998, 16.128, 8.14],
			"rotation": {"angle": 22.5, "axis": "x", "origin": [7.95, 15.99, 8.025]},
			"faces": {
				"north": {"uv": [4, 12, 12, 15], "rotation": 180, "texture": "#5"},
				"east": {"uv": [4, 12, 12, 15], "rotation": 180, "texture": "#5"},
				"south": {"uv": [4, 12, 12, 15], "rotation": 180, "texture": "#5"},
				"west": {"uv": [4, 12, 12, 15], "rotation": 180, "texture": "#5"},
				"up": {"uv": [4, 12, 12, 15], "rotation": 180, "texture": "#5"},
				"down": {"uv": [4, 12, 12, 15], "rotation": 180, "texture": "#5"}
			}
		},
		{
			"from": [5.3, -4.6, 7.3749],
			"to": [5.732, -4.1, 8.6248],
			"rotation": {"angle": 45, "axis": "z", "origin": [-2.45, 3.25, 16.275]},
			"faces": {
				"north": {"uv": [9, 10, 16, 13], "rotation": 90, "texture": "#1"},
				"east": {"uv": [9, 10, 16, 13], "rotation": 90, "texture": "#1"},
				"south": {"uv": [9, 10, 16, 13], "rotation": 90, "texture": "#1"},
				"west": {"uv": [9, 10, 16, 13], "rotation": 90, "texture": "#1"},
				"up": {"uv": [9, 10, 16, 13], "rotation": 90, "texture": "#1"},
				"down": {"uv": [9, 10, 16, 13], "rotation": 90, "texture": "#1"}
			}
		},
		{
			"from": [4.075, -4.58, 7.3749],
			"to": [4.5, -4.155, 8.6248],
			"rotation": {"angle": 45, "axis": "z", "origin": [-3.65, 3.27, 16.275]},
			"faces": {
				"north": {"uv": [0, 0, 8, 5], "texture": "#1"},
				"east": {"uv": [0, 0, 8, 5], "texture": "#1"},
				"south": {"uv": [0, 0, 8, 5], "texture": "#1"},
				"west": {"uv": [0, 0, 8, 5], "texture": "#1"},
				"up": {"uv": [0, 0, 8, 5], "texture": "#1"},
				"down": {"uv": [0, 0, 8, 5], "texture": "#1"}
			}
		},
		{
			"from": [7.3599, 6.675, -0.5],
			"to": [8.5899, 7.1, -0.075],
			"rotation": {"angle": -45, "axis": "x", "origin": [16.25, 14.45, 7.675]},
			"faces": {
				"north": {"uv": [7, 2, 14, 4], "texture": "#1"},
				"east": {"uv": [7, 2, 14, 4], "texture": "#1"},
				"south": {"uv": [7, 2, 14, 4], "texture": "#1"},
				"west": {"uv": [7, 2, 14, 4], "texture": "#1"},
				"up": {"uv": [7, 2, 14, 4], "texture": "#1"},
				"down": {"uv": [7, 2, 14, 4], "texture": "#1"}
			}
		},
		{
			"from": [7.3599, 6.65, 0.675],
			"to": [8.5899, 7.1, 1.125],
			"rotation": {"angle": -45, "axis": "x", "origin": [16.25, 14.45, 8.85]},
			"faces": {
				"north": {"uv": [0, 0, 6, 3], "texture": "#1"},
				"east": {"uv": [0, 0, 6, 3], "texture": "#1"},
				"south": {"uv": [0, 0, 6, 3], "texture": "#1"},
				"west": {"uv": [0, 0, 6, 3], "texture": "#1"},
				"up": {"uv": [0, 0, 6, 3], "texture": "#1"},
				"down": {"uv": [0, 0, 6, 3], "texture": "#1"}
			}
		},
		{
			"from": [7.35, 1, 7.375],
			"to": [8.6, 4.875, 8.625],
			"rotation": {"angle": 0, "axis": "y", "origin": [15.225, 9, 15.75]},
			"faces": {
				"north": {"uv": [0, 0, 7, 9], "texture": "#1"},
				"east": {"uv": [6, 5, 12, 14], "texture": "#1"},
				"south": {"uv": [6, 3, 11, 14], "texture": "#1"},
				"west": {"uv": [11, 0, 16, 10], "texture": "#1"},
				"up": {"uv": [0, 0, 6, 0], "texture": "#missing"},
				"down": {"uv": [0, 0, 6, 0], "texture": "#missing"}
			}
		},
		{
			"from": [7.35, 4.6, 7.375],
			"to": [8.6, 6.875, 8.625],
			"rotation": {"angle": 0, "axis": "y", "origin": [15.225, 11, 15.75]},
			"faces": {
				"north": {"uv": [6, 0, 16, 12], "texture": "#5"},
				"east": {"uv": [6, 0, 16, 12], "texture": "#5"},
				"south": {"uv": [6, 0, 16, 12], "texture": "#5"},
				"west": {"uv": [6, 0, 16, 12], "texture": "#5"},
				"up": {"uv": [6, 0, 16, 12], "texture": "#5"},
				"down": {"uv": [6, 0, 16, 12], "texture": "#5"}
			}
		},
		{
			"from": [7.475, 5, 7.5],
			"to": [8.475, 10.875, 8.5],
			"rotation": {"angle": 0, "axis": "y", "origin": [15.225, 13, 15.75]},
			"faces": {
				"north": {"uv": [5, 3, 9, 15], "texture": "#5"},
				"east": {"uv": [5, 3, 9, 15], "texture": "#5"},
				"south": {"uv": [5, 3, 9, 15], "texture": "#5"},
				"west": {"uv": [5, 3, 9, 15], "texture": "#5"},
				"up": {"uv": [5, 3, 9, 15], "texture": "#5"},
				"down": {"uv": [5, 3, 9, 15], "texture": "#5"}
			}
		},
		{
			"from": [7.575, 10, 7.6],
			"to": [8.35, 13.875, 8.4],
			"rotation": {"angle": 0, "axis": "y", "origin": [15.225, 18, 15.75]},
			"faces": {
				"north": {"uv": [7, 4, 11, 15], "rotation": 180, "texture": "#5"},
				"east": {"uv": [8, 2, 12, 13], "rotation": 180, "texture": "#5"},
				"south": {"uv": [11, 6, 15, 16], "texture": "#5"},
				"west": {"uv": [8, 1, 12, 12], "texture": "#5"},
				"up": {"uv": [4, 4, 10, 10], "texture": "#5"},
				"down": {"uv": [8, 13, 16, 15], "texture": "#missing"}
			}
		},
		{
			"from": [7.65, 12, 7.675],
			"to": [8.275, 15.875, 8.325],
			"rotation": {"angle": 0, "axis": "y", "origin": [15.225, 20, 15.75]},
			"faces": {
				"north": {"uv": [1, 5, 4, 14], "texture": "#5"},
				"east": {"uv": [6, 6, 10, 15], "texture": "#5"},
				"south": {"uv": [4, 4, 8, 14], "texture": "#5"},
				"west": {"uv": [11, 3, 15, 12], "texture": "#5"},
				"up": {"uv": [5, 8, 10, 13], "texture": "#5"},
				"down": {"uv": [8, 13, 16, 16], "texture": "#missing"}
			}
		},
		{
			"from": [7.725, 14.8, 7.75],
			"to": [8.2, 18.175, 8.25],
			"rotation": {"angle": 0, "axis": "y", "origin": [15.225, 22.8, 15.75]},
			"faces": {
				"north": {"uv": [12, 3, 16, 13], "texture": "#5"},
				"east": {"uv": [4, 3, 8, 12], "texture": "#5"},
				"south": {"uv": [6, 7, 10, 16], "texture": "#5"},
				"west": {"uv": [8, 7, 13, 15], "texture": "#5"},
				"up": {"uv": [3, 9, 7, 13], "texture": "#5"},
				"down": {"uv": [8, 13, 16, 15], "texture": "#missing"}
			}
		},
		{
			"from": [7.0591, 3.675, -0.925],
			"to": [8.9491, 3.855, -0.7],
			"rotation": {"angle": -45, "axis": "x", "origin": [15, 11.675, 7.075]},
			"faces": {
				"north": {"uv": [1, 0, 11, 3], "texture": "#1"},
				"east": {"uv": [1, 0, 11, 3], "texture": "#1"},
				"south": {"uv": [1, 0, 11, 3], "texture": "#1"},
				"west": {"uv": [1, 0, 11, 3], "texture": "#1"},
				"up": {"uv": [1, 0, 11, 3], "texture": "#1"},
				"down": {"uv": [1, 0, 11, 3], "texture": "#1"}
			}
		},
		{
			"from": [5.5, -7.5, 7.0591],
			"to": [5.727, -7.32, 8.9491],
			"rotation": {"angle": 45, "axis": "z", "origin": [-2.275, 0.5, 15]},
			"faces": {
				"north": {"uv": [10, 4, 12, 14], "rotation": 90, "texture": "#1"},
				"east": {"uv": [10, 4, 12, 14], "rotation": 90, "texture": "#1"},
				"south": {"uv": [10, 4, 12, 14], "rotation": 90, "texture": "#1"},
				"west": {"uv": [10, 4, 12, 14], "rotation": 90, "texture": "#1"},
				"up": {"uv": [10, 4, 12, 14], "rotation": 90, "texture": "#1"},
				"down": {"uv": [10, 4, 12, 14], "rotation": 90, "texture": "#1"}
			}
		},
		{
			"from": [14.945, 3.675, 7.0591],
			"to": [15.095, 3.905, 8.9391],
			"rotation": {"angle": -45, "axis": "z", "origin": [7.125, 11.725, 15]},
			"faces": {
				"north": {"uv": [13, 8, 15, 14], "rotation": 90, "texture": "#1"},
				"east": {"uv": [13, 8, 15, 14], "rotation": 90, "texture": "#1"},
				"south": {"uv": [13, 8, 15, 14], "rotation": 90, "texture": "#1"},
				"west": {"uv": [13, 8, 15, 14], "rotation": 90, "texture": "#1"},
				"up": {"uv": [13, 8, 15, 14], "rotation": 90, "texture": "#1"},
				"down": {"uv": [13, 8, 15, 14], "rotation": 90, "texture": "#1"}
			}
		},
		{
			"from": [7.0591, 3.65, 0.875],
			"to": [8.9491, 3.83, 1.105],
			"rotation": {"angle": -45, "axis": "x", "origin": [15, 11.65, 8.875]},
			"faces": {
				"north": {"uv": [0, 0, 10, 3], "texture": "#1"},
				"east": {"uv": [0, 0, 10, 3], "texture": "#1"},
				"south": {"uv": [0, 0, 10, 3], "texture": "#1"},
				"west": {"uv": [0, 0, 10, 3], "texture": "#1"},
				"up": {"uv": [0, 0, 10, 3], "texture": "#1"},
				"down": {"uv": [0, 0, 10, 3], "texture": "#1"}
			}
		}
	],
	"display": {
		"thirdperson_righthand": {
			"translation": [0, 3.25, 1.5],
			"scale": [0.7, 0.8, 0.7]
		},
		"thirdperson_lefthand": {
			"translation": [0, -2.25, 1.75],
			"scale": [0, 0, 0]
		},
		"firstperson_righthand": {
			"rotation": [-27, -59, 5],
			"translation": [0, 3.25, 0]
		},
		"firstperson_lefthand": {
			"rotation": [-22, -59, 5],
			"translation": [22.5, 0, 0]
		},
		"ground": {
			"rotation": [-90, 0, 0],
			"translation": [0, -2, 0],
			"scale": [0.7, 0.8, 0.7]
		},
		"gui": {
			"rotation": [0, 25, 45],
			"scale": [0.9, 1, 0.9]
		},
		"head": {
			"rotation": [163, 0, 0],
			"translation": [0, -37, 0]
		},
		"fixed": {
			"rotation": [0, 0, 18],
			"translation": [0, 0, -1],
			"scale": [1.2, 1.3, 1.2]
		}
	}
}