{
	"credit": "Made with Blockbench",
	"textures": {
		"1": "item/wand/wand_down2",
		"5": "block/bone_block_side"
	},
	"elements": [
		{
			"from": [7.3599, -2.385, 4.28],
			"to": [8.5998, -2.16, 4.58],
			"rotation": {"angle": -45, "axis": "x", "origin": [16.25, 5.515, -2.35]},
			"faces": {
				"north": {"uv": [5, 12, 16, 16], "texture": "#1"},
				"east": {"uv": [5, 12, 16, 16], "texture": "#1"},
				"south": {"uv": [5, 12, 16, 16], "texture": "#1"},
				"west": {"uv": [5, 12, 16, 16], "texture": "#1"},
				"up": {"uv": [5, 12, 16, 16], "texture": "#1"},
				"down": {"uv": [5, 12, 16, 16], "texture": "#1"}
			}
		},
		{
			"from": [7.3599, 0.34, 8.345],
			"to": [8.5998, 1.84, 9.095],
			"rotation": {"angle": -45, "axis": "x", "origin": [7.625, 0.24, 9.025]},
			"faces": {
				"north": {"uv": [4, 5, 6, 9], "texture": "#1"},
				"east": {"uv": [4, 5, 6, 9], "texture": "#1"},
				"south": {"uv": [4, 5, 6, 9], "texture": "#1"},
				"west": {"uv": [4, 5, 6, 9], "texture": "#1"},
				"up": {"uv": [4, 5, 6, 9], "texture": "#1"},
				"down": {"uv": [4, 5, 6, 9], "texture": "#1"}
			}
		},
		{
			"from": [7.3849, 0.44, 8.245],
			"to": [8.5498, 1.565, 9.02],
			"rotation": {"angle": -45, "axis": "x", "origin": [7.625, 0.24, 9.025]},
			"faces": {
				"north": {"uv": [4, 5, 6, 9], "texture": "#1"},
				"east": {"uv": [4, 5, 6, 9], "texture": "#1"},
				"south": {"uv": [4, 5, 6, 9], "texture": "#1"},
				"west": {"uv": [4, 5, 6, 9], "texture": "#1"},
				"up": {"uv": [4, 5, 6, 9], "texture": "#1"},
				"down": {"uv": [4, 5, 6, 9], "texture": "#1"}
			}
		},
		{
			"from": [7.45, 6.72, 7.5002],
			"to": [7.825, 7.115, 8.4952],
			"rotation": {"angle": 45, "axis": "z", "origin": [7.7, 6.865, 8.025]},
			"faces": {
				"north": {"uv": [11, 4, 14, 12], "rotation": 180, "texture": "#5"},
				"east": {"uv": [11, 4, 14, 12], "rotation": 180, "texture": "#5"},
				"south": {"uv": [11, 4, 14, 12], "rotation": 180, "texture": "#5"},
				"west": {"uv": [11, 4, 14, 12], "rotation": 180, "texture": "#5"},
				"up": {"uv": [11, 4, 14, 12], "rotation": 180, "texture": "#5"},
				"down": {"uv": [11, 4, 14, 12], "rotation": 180, "texture": "#5"}
			}
		},
		{
			"from": [7.575, 10.765, 7.6002],
			"to": [7.995, 11.14, 8.3952],
			"rotation": {"angle": -22.5, "axis": "z", "origin": [7.85, 11.015, 8.025]},
			"faces": {
				"north": {"uv": [7, 2, 15, 6], "texture": "#5"},
				"east": {"uv": [7, 2, 15, 6], "texture": "#5"},
				"south": {"uv": [7, 2, 15, 6], "texture": "#5"},
				"west": {"uv": [7, 2, 15, 6], "texture": "#5"},
				"up": {"uv": [7, 2, 15, 6], "texture": "#5"},
				"down": {"uv": [7, 2, 15, 6], "texture": "#5"}
			}
		},
		{
			"from": [7.675, 13.74, 7.6752],
			"to": [8.095, 14.14, 8.3202],
			"rotation": {"angle": -22.5, "axis": "z", "origin": [7.95, 14.015, 8.025]},
			"faces": {
				"north": {"uv": [4, 9, 10, 12], "rotation": 180, "texture": "#5"},
				"east": {"uv": [4, 9, 10, 12], "rotation": 180, "texture": "#5"},
				"south": {"uv": [4, 9, 10, 12], "rotation": 180, "texture": "#5"},
				"west": {"uv": [4, 9, 10, 12], "rotation": 180, "texture": "#5"},
				"up": {"uv": [4, 9, 10, 12], "rotation": 180, "texture": "#5"},
				"down": {"uv": [4, 9, 10, 12], "rotation": 180, "texture": "#5"}
			}
		},
		{
			"from": [7.75, 15.74, 7.7502],
			"to": [8.17, 16.09, 8.2452],
			"rotation": {"angle": -22.5, "axis": "z", "origin": [8.025, 16.015, 8.025]},
			"faces": {
				"north": {"uv": [3, 10, 10, 13], "rotation": 180, "texture": "#5"},
				"east": {"uv": [3, 10, 10, 13], "rotation": 180, "texture": "#5"},
				"south": {"uv": [3, 10, 10, 13], "rotation": 180, "texture": "#5"},
				"west": {"uv": [3, 10, 10, 13], "rotation": 180, "texture": "#5"},
				"up": {"uv": [3, 10, 10, 13], "rotation": 180, "texture": "#5"},
				"down": {"uv": [3, 10, 10, 13], "rotation": 180, "texture": "#5"}
			}
		},
		{
			"from": [8.05, 10.745, 7.6002],
			"to": [8.425, 11.14, 8.3952],
			"rotation": {"angle": 22.5, "axis": "z", "origin": [8.3, 10.865, 8.025]},
			"faces": {
				"north": {"uv": [5, 6, 13, 8], "rotation": 180, "texture": "#5"},
				"east": {"uv": [5, 6, 13, 8], "rotation": 180, "texture": "#5"},
				"south": {"uv": [5, 6, 13, 8], "rotation": 180, "texture": "#5"},
				"west": {"uv": [5, 6, 13, 8], "rotation": 180, "texture": "#5"},
				"up": {"uv": [5, 6, 13, 8], "rotation": 180, "texture": "#5"},
				"down": {"uv": [5, 6, 13, 8], "rotation": 180, "texture": "#5"}
			}
		},
		{
			"from": [7.95, 13.795, 7.6752],
			"to": [8.325, 14.14, 8.3202],
			"rotation": {"angle": 22.5, "axis": "z", "origin": [8.2, 13.865, 8.025]},
			"faces": {
				"north": {"uv": [5, 12, 13, 14], "rotation": 180, "texture": "#5"},
				"east": {"uv": [5, 12, 13, 14], "rotation": 180, "texture": "#5"},
				"south": {"uv": [5, 12, 13, 14], "rotation": 180, "texture": "#5"},
				"west": {"uv": [5, 12, 13, 14], "rotation": 180, "texture": "#5"},
				"up": {"uv": [5, 12, 13, 14], "rotation": 180, "texture": "#5"},
				"down": {"uv": [5, 12, 13, 14], "rotation": 180, "texture": "#5"}
			}
		},
		{
			"from": [7.875, 15.795, 7.7502],
			"to": [8.25, 16.14, 8.2452],
			"rotation": {"angle": 22.5, "axis": "z", "origin": [8.125, 15.865, 8.025]},
			"faces": {
				"north": {"uv": [4, 9, 7, 14], "rotation": 180, "texture": "#5"},
				"east": {"uv": [4, 9, 7, 14], "rotation": 180, "texture": "#5"},
				"south": {"uv": [4, 9, 7, 14], "rotation": 180, "texture": "#5"},
				"west": {"uv": [4, 9, 7, 14], "rotation": 180, "texture": "#5"},
				"up": {"uv": [4, 9, 7, 14], "rotation": 180, "texture": "#5"},
				"down": {"uv": [4, 9, 7, 14], "rotation": 180, "texture": "#5"}
			}
		},
		{
			"from": [8.15, 6.745, 7.5002],
			"to": [8.525, 7.145, 8.4952],
			"rotation": {"angle": 45, "axis": "z", "origin": [8.4, 6.89, 8.025]},
			"faces": {
				"north": {"uv": [3, 11, 11, 13], "rotation": 180, "texture": "#5"},
				"east": {"uv": [3, 11, 11, 13], "rotation": 180, "texture": "#5"},
				"south": {"uv": [3, 11, 11, 13], "rotation": 180, "texture": "#5"},
				"west": {"uv": [3, 11, 11, 13], "rotation": 180, "texture": "#5"},
				"up": {"uv": [3, 11, 11, 13], "rotation": 180, "texture": "#5"},
				"down": {"uv": [3, 11, 11, 13], "rotation": 180, "texture": "#5"}
			}
		},
		{
			"from": [7.4798, 6.745, 8.175],
			"to": [8.4748, 7.145, 8.55],
			"rotation": {"angle": -45, "axis": "x", "origin": [7.95, 6.89, 8.425]},
			"faces": {
				"north": {"uv": [2, 0, 12, 10], "rotation": 180, "texture": "#5"},
				"east": {"uv": [2, 0, 12, 10], "rotation": 180, "texture": "#5"},
				"south": {"uv": [2, 0, 12, 10], "rotation": 180, "texture": "#5"},
				"west": {"uv": [2, 0, 12, 10], "rotation": 180, "texture": "#5"},
				"up": {"uv": [2, 0, 12, 10], "rotation": 180, "texture": "#5"},
				"down": {"uv": [2, 0, 12, 10], "rotation": 180, "texture": "#5"}
			}
		},
		{
			"from": [7.4798, 6.725, 7.488],
			"to": [8.4748, 7.125, 7.838],
			"rotation": {"angle": -45, "axis": "x", "origin": [7.95, 6.865, 7.725]},
			"faces": {
				"north": {"uv": [4, 9, 14, 14], "rotation": 180, "texture": "#5"},
				"east": {"uv": [4, 9, 14, 14], "rotation": 180, "texture": "#5"},
				"south": {"uv": [4, 9, 14, 14], "rotation": 180, "texture": "#5"},
				"west": {"uv": [4, 9, 14, 14], "rotation": 180, "texture": "#5"},
				"up": {"uv": [4, 9, 14, 14], "rotation": 180, "texture": "#5"},
				"down": {"uv": [4, 9, 14, 14], "rotation": 180, "texture": "#5"}
			}
		},
		{
			"from": [7.5798, 10.703, 7.54],
			"to": [8.3498, 10.978, 7.965],
			"rotation": {"angle": 22.5, "axis": "x", "origin": [7.95, 10.865, 7.825]},
			"faces": {
				"north": {"uv": [4, 9, 12, 11], "rotation": 180, "texture": "#5"},
				"east": {"uv": [4, 9, 12, 11], "rotation": 180, "texture": "#5"},
				"south": {"uv": [4, 9, 12, 11], "rotation": 180, "texture": "#5"},
				"west": {"uv": [4, 9, 12, 11], "rotation": 180, "texture": "#5"},
				"up": {"uv": [4, 9, 12, 11], "rotation": 180, "texture": "#5"},
				"down": {"uv": [4, 9, 12, 11], "rotation": 180, "texture": "#5"}
			}
		},
		{
			"from": [7.5798, 10.775, 8.088],
			"to": [8.3498, 11.15, 8.463],
			"rotation": {"angle": -22.5, "axis": "x", "origin": [7.95, 10.89, 8.325]},
			"faces": {
				"north": {"uv": [5, 10, 13, 12], "rotation": 180, "texture": "#5"},
				"east": {"uv": [5, 10, 13, 12], "rotation": 180, "texture": "#5"},
				"south": {"uv": [5, 10, 13, 12], "rotation": 180, "texture": "#5"},
				"west": {"uv": [5, 10, 13, 12], "rotation": 180, "texture": "#5"},
				"up": {"uv": [5, 10, 13, 12], "rotation": 180, "texture": "#5"},
				"down": {"uv": [5, 10, 13, 12], "rotation": 180, "texture": "#5"}
			}
		},
		{
			"from": [7.6548, 13.775, 7.988],
			"to": [8.2748, 14.15, 8.363],
			"rotation": {"angle": -22.5, "axis": "x", "origin": [7.95, 13.89, 8.225]},
			"faces": {
				"north": {"uv": [5, 9, 11, 11], "rotation": 180, "texture": "#5"},
				"east": {"uv": [5, 9, 11, 11], "rotation": 180, "texture": "#5"},
				"south": {"uv": [5, 9, 11, 11], "rotation": 180, "texture": "#5"},
				"west": {"uv": [5, 9, 11, 11], "rotation": 180, "texture": "#5"},
				"up": {"uv": [5, 9, 11, 11], "rotation": 180, "texture": "#5"},
				"down": {"uv": [5, 9, 11, 11], "rotation": 180, "texture": "#5"}
			}
		},
		{
			"from": [7.7298, 15.775, 7.913],
			"to": [8.1998, 16.15, 8.288],
			"rotation": {"angle": -22.5, "axis": "x", "origin": [7.95, 15.89, 8.15]},
			"faces": {
				"north": {"uv": [2, 9, 9, 14], "rotation": 180, "texture": "#5"},
				"east": {"uv": [2, 9, 9, 14], "rotation": 180, "texture": "#5"},
				"south": {"uv": [2, 9, 9, 14], "rotation": 180, "texture": "#5"},
				"west": {"uv": [2, 9, 9, 14], "rotation": 180, "texture": "#5"},
				"up": {"uv": [2, 9, 9, 14], "rotation": 180, "texture": "#5"},
				"down": {"uv": [2, 9, 9, 14], "rotation": 180, "texture": "#5"}
			}
		},
		{
			"from": [7.6548, 13.753, 7.69],
			"to": [8.2748, 14.128, 8.065],
			"rotation": {"angle": 22.5, "axis": "x", "origin": [7.95, 13.99, 7.95]},
			"faces": {
				"north": {"uv": [2, 12, 10, 14], "rotation": 180, "texture": "#5"},
				"east": {"uv": [8, 13, 16, 15], "rotation": 180, "texture": "#5"},
				"south": {"uv": [8, 13, 16, 15], "rotation": 180, "texture": "#5"},
				"west": {"uv": [8, 13, 16, 15], "rotation": 180, "texture": "#5"},
				"up": {"uv": [8, 13, 16, 15], "rotation": 180, "texture": "#5"},
				"down": {"uv": [8, 13, 16, 15], "rotation": 180, "texture": "#5"}
			}
		},
		{
			"from": [7.7298, 15.753, 7.765],
			"to": [8.1998, 16.128, 8.14],
			"rotation": {"angle": 22.5, "axis": "x", "origin": [7.95, 15.99, 8.025]},
			"faces": {
				"north": {"uv": [4, 12, 12, 15], "rotation": 180, "texture": "#5"},
				"east": {"uv": [4, 12, 12, 15], "rotation": 180, "texture": "#5"},
				"south": {"uv": [4, 12, 12, 15], "rotation": 180, "texture": "#5"},
				"west": {"uv": [4, 12, 12, 15], "rotation": 180, "texture": "#5"},
				"up": {"uv": [4, 12, 12, 15], "rotation": 180, "texture": "#5"},
				"down": {"uv": [4, 12, 12, 15], "rotation": 180, "texture": "#5"}
			}
		},
		{
			"from": [7.35, 0.85, 7.375],
			"to": [8.6, 5.6, 8.625],
			"rotation": {"angle": 0, "axis": "y", "origin": [15.225, 9, 15.75]},
			"faces": {
				"north": {"uv": [9, 1, 12, 10], "texture": "#1"},
				"east": {"uv": [6, 5, 9, 14], "texture": "#1"},
				"south": {"uv": [10, 7, 13, 16], "texture": "#1"},
				"west": {"uv": [1, 1, 4, 10], "texture": "#1"},
				"up": {"uv": [9, 7, 12, 16], "texture": "#1"},
				"down": {"uv": [6, 5, 9, 14], "texture": "#1"}
			}
		},
		{
			"from": [7.175, 2.85, 7.2],
			"to": [8.775, 3.1, 8.8],
			"rotation": {"angle": 0, "axis": "y", "origin": [15.225, 9, 15.75]},
			"faces": {
				"north": {"uv": [9, 1, 12, 10], "texture": "#1"},
				"east": {"uv": [6, 5, 9, 14], "texture": "#1"},
				"south": {"uv": [10, 7, 13, 16], "texture": "#1"},
				"west": {"uv": [1, 1, 4, 10], "texture": "#1"},
				"up": {"uv": [9, 7, 12, 16], "texture": "#1"},
				"down": {"uv": [6, 5, 9, 14], "texture": "#1"}
			}
		},
		{
			"from": [7.175, 1.85, 7.2],
			"to": [8.775, 2.1, 8.8],
			"rotation": {"angle": 0, "axis": "y", "origin": [15.225, 9, 15.75]},
			"faces": {
				"north": {"uv": [9, 1, 12, 10], "texture": "#1"},
				"east": {"uv": [6, 5, 9, 14], "texture": "#1"},
				"south": {"uv": [10, 7, 13, 16], "texture": "#1"},
				"west": {"uv": [1, 1, 4, 10], "texture": "#1"},
				"up": {"uv": [9, 7, 12, 16], "texture": "#1"},
				"down": {"uv": [6, 5, 9, 14], "texture": "#1"}
			}
		},
		{
			"from": [7.175, 0.85, 7.2],
			"to": [8.775, 1.1, 8.8],
			"rotation": {"angle": 0, "axis": "y", "origin": [15.225, 9, 15.75]},
			"faces": {
				"north": {"uv": [9, 1, 12, 10], "texture": "#1"},
				"east": {"uv": [6, 5, 9, 14], "texture": "#1"},
				"south": {"uv": [10, 7, 13, 16], "texture": "#1"},
				"west": {"uv": [1, 1, 4, 10], "texture": "#1"},
				"up": {"uv": [9, 7, 12, 16], "texture": "#1"},
				"down": {"uv": [6, 5, 9, 14], "texture": "#1"}
			}
		},
		{
			"from": [7.175, 4.95, 7.2],
			"to": [8.775, 5.5, 8.8],
			"rotation": {"angle": 0, "axis": "y", "origin": [15.225, 9, 15.75]},
			"faces": {
				"north": {"uv": [9, 1, 12, 10], "texture": "#1"},
				"east": {"uv": [6, 5, 9, 14], "texture": "#1"},
				"south": {"uv": [10, 7, 13, 16], "texture": "#1"},
				"west": {"uv": [1, 1, 4, 10], "texture": "#1"},
				"up": {"uv": [9, 7, 12, 16], "texture": "#1"},
				"down": {"uv": [6, 5, 9, 14], "texture": "#1"}
			}
		},
		{
			"from": [7.175, 3.85, 7.2],
			"to": [8.775, 4.1, 8.8],
			"rotation": {"angle": 0, "axis": "y", "origin": [15.225, 9, 15.75]},
			"faces": {
				"north": {"uv": [9, 1, 12, 10], "texture": "#1"},
				"east": {"uv": [6, 5, 9, 14], "texture": "#1"},
				"south": {"uv": [10, 7, 13, 16], "texture": "#1"},
				"west": {"uv": [1, 1, 4, 10], "texture": "#1"},
				"up": {"uv": [9, 7, 12, 16], "texture": "#1"},
				"down": {"uv": [6, 5, 9, 14], "texture": "#1"}
			}
		},
		{
			"from": [7.2, 0.85, 7.875],
			"to": [8.75, 5.6, 8.125],
			"rotation": {"angle": 0, "axis": "y", "origin": [15.225, 9, 15.75]},
			"faces": {
				"north": {"uv": [9, 1, 12, 10], "texture": "#1"},
				"east": {"uv": [6, 5, 9, 14], "texture": "#1"},
				"south": {"uv": [10, 7, 13, 16], "texture": "#1"},
				"west": {"uv": [1, 1, 4, 10], "texture": "#1"},
				"up": {"uv": [9, 7, 12, 16], "texture": "#1"},
				"down": {"uv": [6, 5, 9, 14], "texture": "#1"}
			}
		},
		{
			"from": [7.85, 1, 7.225],
			"to": [8.1, 5.6, 8.775],
			"rotation": {"angle": 0, "axis": "y", "origin": [15.225, 9, 15.75]},
			"faces": {
				"north": {"uv": [6, 5, 9, 14], "texture": "#1"},
				"east": {"uv": [10, 7, 13, 16], "texture": "#1"},
				"south": {"uv": [1, 1, 4, 10], "texture": "#1"},
				"west": {"uv": [9, 1, 12, 10], "texture": "#1"},
				"up": {"uv": [9, 7, 12, 16], "rotation": 270, "texture": "#1"},
				"down": {"uv": [6, 5, 9, 14], "rotation": 90, "texture": "#1"}
			}
		},
		{
			"from": [7.875, 8.875, 4],
			"to": [8.075, 9.325, 4.6],
			"rotation": {"angle": -45, "axis": "x", "origin": [15.225, 9, 15.75]},
			"faces": {
				"north": {"uv": [6, 5, 9, 14], "texture": "#1"},
				"east": {"uv": [10, 7, 13, 16], "texture": "#1"},
				"south": {"uv": [1, 1, 4, 10], "texture": "#1"},
				"west": {"uv": [9, 1, 12, 10], "texture": "#1"},
				"up": {"uv": [9, 7, 12, 16], "rotation": 270, "texture": "#1"},
				"down": {"uv": [6, 5, 9, 14], "rotation": 90, "texture": "#1"}
			}
		},
		{
			"from": [7.875, 7.65, 4.825],
			"to": [8.075, 8.575, 5.425],
			"rotation": {"angle": -45, "axis": "x", "origin": [15.225, 9, 15.75]},
			"faces": {
				"north": {"uv": [6, 5, 9, 14], "texture": "#1"},
				"east": {"uv": [10, 7, 13, 16], "texture": "#1"},
				"south": {"uv": [1, 1, 4, 10], "texture": "#1"},
				"west": {"uv": [9, 1, 12, 10], "texture": "#1"},
				"up": {"uv": [9, 7, 12, 16], "rotation": 270, "texture": "#1"},
				"down": {"uv": [6, 5, 9, 14], "rotation": 90, "texture": "#1"}
			}
		},
		{
			"from": [7.25, 7.5, 4.45],
			"to": [8.725, 8.775, 4.65],
			"rotation": {"angle": -45, "axis": "x", "origin": [15.225, 9, 15.75]},
			"faces": {
				"north": {"uv": [6, 5, 9, 14], "texture": "#1"},
				"east": {"uv": [10, 7, 13, 16], "texture": "#1"},
				"south": {"uv": [1, 1, 4, 10], "texture": "#1"},
				"west": {"uv": [9, 1, 12, 10], "texture": "#1"},
				"up": {"uv": [9, 7, 12, 16], "rotation": 270, "texture": "#1"},
				"down": {"uv": [6, 5, 9, 14], "rotation": 90, "texture": "#1"}
			}
		},
		{
			"from": [7.35, 5.6, 7.375],
			"to": [8.6, 7.875, 8.625],
			"rotation": {"angle": 0, "axis": "y", "origin": [15.225, 11, 15.75]},
			"faces": {
				"north": {"uv": [4, 0, 8, 8], "texture": "#5"},
				"east": {"uv": [1, 2, 5, 10], "texture": "#5"},
				"south": {"uv": [0, 8, 4, 16], "texture": "#5"},
				"west": {"uv": [9, 5, 13, 13], "texture": "#5"},
				"up": {"uv": [10, 0, 14, 8], "texture": "#5"},
				"down": {"uv": [4, 3, 8, 11], "texture": "#5"}
			}
		},
		{
			"from": [7.475, 7, 7.5],
			"to": [8.475, 10.875, 8.5],
			"rotation": {"angle": 0, "axis": "y", "origin": [15.225, 13, 15.75]},
			"faces": {
				"north": {"uv": [5, 3, 9, 15], "texture": "#5"},
				"east": {"uv": [5, 3, 9, 15], "texture": "#5"},
				"south": {"uv": [5, 3, 9, 15], "texture": "#5"},
				"west": {"uv": [1, 7, 5, 15], "texture": "#5"},
				"up": {"uv": [5, 3, 9, 15], "texture": "#5"},
				"down": {"uv": [5, 3, 9, 15], "texture": "#5"}
			}
		},
		{
			"from": [7.575, 10, 7.6],
			"to": [8.35, 13.875, 8.4],
			"rotation": {"angle": 0, "axis": "y", "origin": [15.225, 18, 15.75]},
			"faces": {
				"north": {"uv": [4, 5, 6, 14], "rotation": 180, "texture": "#5"},
				"east": {"uv": [6, 7, 8, 16], "rotation": 180, "texture": "#5"},
				"south": {"uv": [7, 4, 9, 13], "rotation": 180, "texture": "#5"},
				"west": {"uv": [2, 2, 4, 11], "rotation": 180, "texture": "#5"},
				"up": {"uv": [4, 3, 6, 12], "rotation": 180, "texture": "#5"},
				"down": {"uv": [4, 5, 6, 14], "rotation": 180, "texture": "#5"}
			}
		},
		{
			"from": [7.65, 12, 7.675],
			"to": [8.275, 15.875, 8.325],
			"rotation": {"angle": 0, "axis": "y", "origin": [15.225, 20, 15.75]},
			"faces": {
				"north": {"uv": [1, 5, 4, 14], "texture": "#5"},
				"east": {"uv": [6, 6, 10, 15], "texture": "#5"},
				"south": {"uv": [4, 4, 8, 14], "texture": "#5"},
				"west": {"uv": [11, 3, 15, 12], "texture": "#5"},
				"up": {"uv": [5, 8, 10, 13], "texture": "#5"},
				"down": {"uv": [8, 13, 16, 16], "texture": "#missing"}
			}
		},
		{
			"from": [7.725, 14.8, 7.75],
			"to": [8.2, 18.175, 8.25],
			"rotation": {"angle": 0, "axis": "y", "origin": [15.225, 22.8, 15.75]},
			"faces": {
				"north": {"uv": [12, 3, 16, 13], "texture": "#5"},
				"east": {"uv": [4, 3, 8, 12], "texture": "#5"},
				"south": {"uv": [6, 7, 10, 16], "texture": "#5"},
				"west": {"uv": [8, 7, 13, 15], "texture": "#5"},
				"up": {"uv": [3, 9, 7, 13], "texture": "#5"},
				"down": {"uv": [8, 13, 16, 15], "texture": "#missing"}
			}
		},
		{
			"from": [7.375, -0.05, 8.8],
			"to": [8.6, 0.275, 9.825],
			"rotation": {"angle": -45, "axis": "x", "origin": [8, 0, 9]},
			"faces": {
				"north": {"uv": [4, 5, 7, 7], "texture": "#1"},
				"east": {"uv": [4, 5, 7, 7], "texture": "#1"},
				"south": {"uv": [4, 5, 7, 7], "texture": "#1"},
				"west": {"uv": [4, 5, 7, 7], "texture": "#1"},
				"up": {"uv": [4, 5, 7, 7], "texture": "#1"},
				"down": {"uv": [4, 5, 7, 7], "texture": "#1"}
			}
		},
		{
			"from": [8.4722, 5.23676, 7.4],
			"to": [8.6722, 5.48676, 8.6],
			"rotation": {"angle": -22.5, "axis": "z", "origin": [8.725, 5.475, 8.15]},
			"faces": {
				"north": {"uv": [4, 5, 4.25, 5.2], "rotation": 270, "texture": "#1"},
				"east": {"uv": [4, 5, 5.25, 5.25], "texture": "#1"},
				"south": {"uv": [4, 5, 4.25, 5.2], "rotation": 90, "texture": "#1"},
				"west": {"uv": [4, 5, 5.25, 5.25], "rotation": 180, "texture": "#1"},
				"up": {"uv": [4, 5, 5.25, 5.2], "rotation": 270, "texture": "#1"},
				"down": {"uv": [4, 5, 5.25, 5.2], "rotation": 90, "texture": "#1"}
			}
		},
		{
			"from": [7.28208, 5.33627, 7.4],
			"to": [7.53208, 5.53627, 8.6],
			"rotation": {"angle": 22.5, "axis": "z", "origin": [7.3, 5.475, 8.15]},
			"faces": {
				"north": {"uv": [4, 5, 5.225, 5.2], "rotation": 270, "texture": "#1"},
				"east": {"uv": [4, 5, 5.225, 5.2], "rotation": 90, "texture": "#1"},
				"south": {"uv": [4, 5, 5.225, 5.2], "rotation": 90, "texture": "#1"},
				"west": {"uv": [4, 5, 5.225, 5.2], "rotation": 90, "texture": "#1"},
				"up": {"uv": [4, 5, 5.225, 5.2], "rotation": 90, "texture": "#1"},
				"down": {"uv": [4, 5, 5.225, 5.2], "rotation": 90, "texture": "#1"}
			}
		},
		{
			"from": [7.375, 5.29854, 7.37274],
			"to": [8.575, 5.49854, 7.52274],
			"rotation": {"angle": -22.5, "axis": "x", "origin": [7.8, 5.375, 7.3]},
			"faces": {
				"north": {"uv": [4, 5, 5.225, 5.2], "rotation": 180, "texture": "#1"},
				"east": {"uv": [4, 5, 5.225, 5.2], "texture": "#1"},
				"south": {"uv": [4, 5, 5.225, 5.2], "rotation": 180, "texture": "#1"},
				"west": {"uv": [4, 5, 5.225, 5.2], "rotation": 180, "texture": "#1"},
				"up": {"uv": [4, 5, 5.225, 5.2], "rotation": 270, "texture": "#1"},
				"down": {"uv": [4, 5, 5.225, 5.2], "rotation": 90, "texture": "#1"}
			}
		},
		{
			"from": [7.375, 4.7873, 7.85049],
			"to": [8.55, 5.0373, 8.05049],
			"rotation": {"angle": 22.5, "axis": "x", "origin": [8.1, 3.6, 9.6]},
			"faces": {
				"north": {"uv": [4, 5, 5.225, 5.2], "texture": "#1"},
				"east": {"uv": [4, 5, 5.225, 5.2], "texture": "#1"},
				"south": {"uv": [4, 5, 5.225, 5.2], "texture": "#1"},
				"west": {"uv": [4, 5, 5.225, 5.2], "texture": "#1"},
				"up": {"uv": [4, 5, 5.225, 5.2], "texture": "#1"},
				"down": {"uv": [4, 5, 5.225, 5.2], "texture": "#1"}
			}
		},
		{
			"from": [7.4, -0.025, 9.2],
			"to": [8.575, 0.225, 9.4],
			"rotation": {"angle": 22.5, "axis": "x", "origin": [8.6, 0.4, 10.7]},
			"faces": {
				"north": {"uv": [4, 5, 7, 7], "texture": "#1"},
				"east": {"uv": [4, 5, 7, 7], "texture": "#1"},
				"south": {"uv": [4, 5, 7, 7], "texture": "#1"},
				"west": {"uv": [4, 5, 7, 7], "texture": "#1"},
				"up": {"uv": [4, 5, 7, 7], "texture": "#1"},
				"down": {"uv": [4, 5, 7, 7], "texture": "#1"}
			}
		},
		{
			"from": [7.425, -0.125, 8.4],
			"to": [8.575, 0.05, 8.6],
			"rotation": {"angle": 22.5, "axis": "x", "origin": [8.6, 0.4, 10.7]},
			"faces": {
				"north": {"uv": [4, 5, 7, 7], "texture": "#1"},
				"east": {"uv": [4, 5, 7, 7], "texture": "#1"},
				"south": {"uv": [4, 5, 7, 7], "texture": "#1"},
				"west": {"uv": [4, 5, 7, 7], "texture": "#1"},
				"up": {"uv": [4, 5, 7, 7], "texture": "#1"},
				"down": {"uv": [4, 5, 7, 7], "texture": "#1"}
			}
		},
		{
			"from": [7.425, 0.52792, 7.47523],
			"to": [8.575, 0.85292, 7.65023],
			"rotation": {"angle": -22.5, "axis": "x", "origin": [8.15, 0.675, 7.35]},
			"faces": {
				"north": {"uv": [4, 5, 7, 7], "texture": "#1"},
				"east": {"uv": [4, 5, 7, 7], "texture": "#1"},
				"south": {"uv": [4, 5, 7, 7], "texture": "#1"},
				"west": {"uv": [4, 5, 7, 7], "texture": "#1"},
				"up": {"uv": [4, 5, 7, 7], "texture": "#1"},
				"down": {"uv": [4, 5, 7, 7], "texture": "#1"}
			}
		},
		{
			"from": [7.425, -0.17477, 8.32208],
			"to": [8.575, 0.00023, 8.89708],
			"rotation": {"angle": 0, "axis": "x", "origin": [8.15, 0.675, 7.35]},
			"faces": {
				"north": {"uv": [4, 5, 7, 7], "rotation": 180, "texture": "#1"},
				"east": {"uv": [4, 5, 7, 7], "rotation": 90, "texture": "#1"},
				"south": {"uv": [4, 5, 7, 7], "texture": "#1"},
				"west": {"uv": [4, 5, 7, 7], "rotation": 270, "texture": "#1"},
				"up": {"uv": [4, 5, 7, 7], "texture": "#1"},
				"down": {"uv": [4, 5, 7, 7], "rotation": 180, "texture": "#1"}
			}
		}
	],
	"display": {
		"thirdperson_righthand": {
			"translation": [0, 2.25, 1.5],
			"scale": [0.7, 0.8, 0.7]
		},
		"thirdperson_lefthand": {
			"translation": [0, -2.25, 1.75],
			"scale": [0, 0, 0]
		},
		"firstperson_righthand": {
			"rotation": [-27, -59, 5],
			"translation": [0, 3.25, 0]
		},
		"firstperson_lefthand": {
			"rotation": [-22, -59, 5],
			"translation": [22.5, 0, 0]
		},
		"ground": {
			"rotation": [-90, 0, 0],
			"translation": [0, -2, 0],
			"scale": [0.7, 0.8, 0.7]
		},
		"gui": {
			"rotation": [0, 25, 45],
			"scale": [0.9, 1, 0.9]
		},
		"head": {
			"rotation": [-160, -156, 0],
			"translation": [0, -37.25, 0]
		},
		"fixed": {
			"rotation": [0, 0, 18],
			"translation": [0, 0, -1],
			"scale": [1.2, 1.3, 1.2]
		}
	}
}