{
	"credit": "Made with Blockbench",
	"textures": {
		"1": "item/wand/wand_textures_3_a",
		"5": "item/wand/wand_textures_3"
	},
	"elements": [
		{
			"from": [7.3599, -2.385, 4.28],
			"to": [8.5998, -2.16, 4.58],
			"rotation": {"angle": -45, "axis": "x", "origin": [16.25, 5.515, -2.35]},
			"faces": {
				"north": {"uv": [5, 12, 16, 16], "texture": "#1"},
				"east": {"uv": [5, 12, 16, 16], "texture": "#1"},
				"south": {"uv": [5, 12, 16, 16], "texture": "#1"},
				"west": {"uv": [5, 12, 16, 16], "texture": "#1"},
				"up": {"uv": [5, 12, 16, 16], "texture": "#1"},
				"down": {"uv": [5, 12, 16, 16], "texture": "#1"}
			}
		},
		{
			"from": [7.3599, 2.59, 8.295],
			"to": [8.5998, 3.84, 9.17],
			"rotation": {"angle": -45, "axis": "x", "origin": [7.625, 2.24, 9.025]},
			"faces": {
				"north": {"uv": [4, 5, 12, 9], "rotation": 180, "texture": "#1"},
				"east": {"uv": [4, 5, 12, 9], "texture": "#1"},
				"south": {"uv": [4, 5, 12, 9], "rotation": 180, "texture": "#1"},
				"west": {"uv": [4, 5, 12, 9], "rotation": 180, "texture": "#1"},
				"up": {"uv": [2, 8, 10, 12], "texture": "#1"},
				"down": {"uv": [4, 5, 12, 9], "rotation": 90, "texture": "#1"}
			}
		},
		{
			"from": [7.3599, 6.165, 8.42],
			"to": [8.5998, 7.415, 9.295],
			"rotation": {"angle": -45, "axis": "x", "origin": [7.625, 5.815, 9.15]},
			"faces": {
				"north": {"uv": [4, 5, 12, 9], "rotation": 180, "texture": "#1"},
				"east": {"uv": [4, 5, 12, 9], "texture": "#1"},
				"south": {"uv": [4, 5, 12, 9], "rotation": 180, "texture": "#1"},
				"west": {"uv": [4, 5, 12, 9], "rotation": 180, "texture": "#1"},
				"up": {"uv": [2, 8, 10, 12], "texture": "#1"},
				"down": {"uv": [4, 5, 12, 9], "rotation": 90, "texture": "#1"}
			}
		},
		{
			"from": [7.3599, 1.685, 8.925],
			"to": [8.5998, 2.585, 9.575],
			"rotation": {"angle": 0, "axis": "y", "origin": [7.625, 2.44, 10.525]},
			"faces": {
				"north": {"uv": [2, 8, 10, 12], "rotation": 180, "texture": "#1"},
				"east": {"uv": [4, 5, 12, 9], "rotation": 90, "texture": "#1"},
				"south": {"uv": [4, 5, 12, 9], "rotation": 90, "texture": "#1"},
				"west": {"uv": [4, 5, 12, 9], "rotation": 90, "texture": "#1"},
				"up": {"uv": [4, 5, 12, 9], "rotation": 180, "texture": "#1"},
				"down": {"uv": [4, 5, 12, 9], "texture": "#1"}
			}
		},
		{
			"from": [7.3599, 5.46, 9.2],
			"to": [8.5998, 6.135, 9.85],
			"rotation": {"angle": 0, "axis": "y", "origin": [7.625, 5.99, 10.8]},
			"faces": {
				"north": {"uv": [2, 8, 10, 12], "rotation": 180, "texture": "#1"},
				"east": {"uv": [4, 5, 12, 9], "rotation": 90, "texture": "#1"},
				"south": {"uv": [4, 5, 12, 9], "rotation": 90, "texture": "#1"},
				"west": {"uv": [4, 5, 12, 9], "rotation": 90, "texture": "#1"},
				"up": {"uv": [4, 5, 12, 9], "rotation": 180, "texture": "#1"},
				"down": {"uv": [4, 5, 12, 9], "texture": "#1"}
			}
		},
		{
			"from": [7.3599, 5.885, 9.2],
			"to": [8.5998, 6.51, 10],
			"rotation": {"angle": -45, "axis": "x", "origin": [7.625, 6.64, 10.85]},
			"faces": {
				"north": {"uv": [2, 8, 10, 12], "rotation": 180, "texture": "#1"},
				"east": {"uv": [4, 5, 12, 9], "rotation": 90, "texture": "#1"},
				"south": {"uv": [4, 5, 12, 9], "rotation": 90, "texture": "#1"},
				"west": {"uv": [4, 5, 12, 9], "rotation": 90, "texture": "#1"},
				"up": {"uv": [4, 5, 12, 9], "rotation": 180, "texture": "#1"},
				"down": {"uv": [4, 5, 12, 9], "texture": "#1"}
			}
		},
		{
			"from": [7.3599, 2.91, 9.3],
			"to": [8.5998, 3.81, 10.05],
			"rotation": {"angle": -45, "axis": "x", "origin": [7.625, 3.665, 10.9]},
			"faces": {
				"north": {"uv": [2, 8, 10, 12], "rotation": 180, "texture": "#1"},
				"east": {"uv": [4, 5, 12, 9], "rotation": 90, "texture": "#1"},
				"south": {"uv": [4, 5, 12, 9], "rotation": 90, "texture": "#1"},
				"west": {"uv": [4, 5, 12, 9], "rotation": 90, "texture": "#1"},
				"up": {"uv": [4, 5, 12, 9], "rotation": 180, "texture": "#1"},
				"down": {"uv": [4, 5, 12, 9], "texture": "#1"}
			}
		},
		{
			"from": [7.3599, 3.09, 10.155],
			"to": [8.5998, 4.865, 11.055],
			"rotation": {"angle": 0, "axis": "y", "origin": [7.625, 4.69, 10.3]},
			"faces": {
				"north": {"uv": [4, 5, 12, 9], "texture": "#1"},
				"east": {"uv": [4, 5, 12, 9], "rotation": 180, "texture": "#1"},
				"south": {"uv": [4, 5, 12, 9], "texture": "#1"},
				"west": {"uv": [4, 5, 12, 9], "texture": "#1"},
				"up": {"uv": [4, 5, 12, 9], "rotation": 90, "texture": "#1"},
				"down": {"uv": [2, 8, 10, 12], "texture": "#1"}
			}
		},
		{
			"from": [7.3849, 1.285, 8.425],
			"to": [8.5748, 2.16, 9.15],
			"rotation": {"angle": 22.5, "axis": "x", "origin": [7.625, 2.015, 10.025]},
			"faces": {
				"north": {"uv": [2, 8, 10, 12], "rotation": 180, "texture": "#1"},
				"east": {"uv": [4, 5, 12, 9], "rotation": 90, "texture": "#1"},
				"south": {"uv": [4, 5, 12, 9], "rotation": 90, "texture": "#1"},
				"west": {"uv": [4, 5, 12, 9], "rotation": 90, "texture": "#1"},
				"up": {"uv": [4, 5, 12, 9], "rotation": 180, "texture": "#1"},
				"down": {"uv": [4, 5, 12, 9], "texture": "#1"}
			}
		},
		{
			"from": [7.3849, 5.06, 8.7],
			"to": [8.5748, 5.76, 9.425],
			"rotation": {"angle": 22.5, "axis": "x", "origin": [7.625, 5.79, 10.3]},
			"faces": {
				"north": {"uv": [2, 8, 10, 12], "rotation": 180, "texture": "#1"},
				"east": {"uv": [4, 5, 12, 9], "rotation": 90, "texture": "#1"},
				"south": {"uv": [4, 5, 12, 9], "rotation": 90, "texture": "#1"},
				"west": {"uv": [4, 5, 12, 9], "rotation": 90, "texture": "#1"},
				"up": {"uv": [4, 5, 12, 9], "rotation": 180, "texture": "#1"},
				"down": {"uv": [4, 5, 12, 9], "texture": "#1"}
			}
		},
		{
			"from": [7.3849, 2.235, 9.125],
			"to": [8.5748, 3.11, 10],
			"rotation": {"angle": -22.5, "axis": "x", "origin": [7.625, 2.965, 10.725]},
			"faces": {
				"north": {"uv": [2, 8, 10, 12], "rotation": 180, "texture": "#1"},
				"east": {"uv": [4, 5, 12, 9], "rotation": 90, "texture": "#1"},
				"south": {"uv": [4, 5, 12, 9], "rotation": 90, "texture": "#1"},
				"west": {"uv": [4, 5, 12, 9], "rotation": 90, "texture": "#1"},
				"up": {"uv": [4, 5, 12, 9], "rotation": 180, "texture": "#1"},
				"down": {"uv": [4, 5, 12, 9], "texture": "#1"}
			}
		},
		{
			"from": [7.3849, 5.44, 10.155],
			"to": [8.5748, 6.165, 10.68],
			"rotation": {"angle": 22.5, "axis": "x", "origin": [7.625, 6.89, 9.95]},
			"faces": {
				"north": {"uv": [4, 5, 12, 9], "texture": "#1"},
				"east": {"uv": [4, 5, 12, 9], "rotation": 180, "texture": "#1"},
				"south": {"uv": [4, 5, 12, 9], "texture": "#1"},
				"west": {"uv": [4, 5, 12, 9], "texture": "#1"},
				"up": {"uv": [4, 5, 12, 9], "rotation": 90, "texture": "#1"},
				"down": {"uv": [2, 8, 10, 12], "texture": "#1"}
			}
		},
		{
			"from": [7.3849, 2.64, 10.605],
			"to": [8.5748, 3.29, 11.48],
			"rotation": {"angle": 22.5, "axis": "x", "origin": [7.625, 4.24, 10.75]},
			"faces": {
				"north": {"uv": [4, 5, 12, 9], "texture": "#1"},
				"east": {"uv": [4, 5, 12, 9], "rotation": 180, "texture": "#1"},
				"south": {"uv": [4, 5, 12, 9], "texture": "#1"},
				"west": {"uv": [4, 5, 12, 9], "texture": "#1"},
				"up": {"uv": [4, 5, 12, 9], "rotation": 90, "texture": "#1"},
				"down": {"uv": [2, 8, 10, 12], "texture": "#1"}
			}
		},
		{
			"from": [7.3849, 4.815, 10.345],
			"to": [8.5748, 5.565, 11.22],
			"rotation": {"angle": -22.5, "axis": "x", "origin": [7.625, 4.44, 11.075]},
			"faces": {
				"north": {"uv": [4, 5, 12, 9], "rotation": 180, "texture": "#1"},
				"east": {"uv": [4, 5, 12, 9], "texture": "#1"},
				"south": {"uv": [4, 5, 12, 9], "rotation": 180, "texture": "#1"},
				"west": {"uv": [4, 5, 12, 9], "rotation": 180, "texture": "#1"},
				"up": {"uv": [2, 8, 10, 12], "texture": "#1"},
				"down": {"uv": [4, 5, 12, 9], "rotation": 90, "texture": "#1"}
			}
		},
		{
			"from": [7.575, 10.765, 7.6002],
			"to": [7.995, 11.14, 8.3952],
			"rotation": {"angle": -22.5, "axis": "z", "origin": [7.85, 11.015, 8.025]},
			"faces": {
				"north": {"uv": [7, 2, 15, 6], "texture": "#5"},
				"east": {"uv": [7, 2, 15, 6], "texture": "#5"},
				"south": {"uv": [7, 2, 15, 6], "texture": "#5"},
				"west": {"uv": [7, 2, 15, 6], "texture": "#5"},
				"up": {"uv": [7, 2, 15, 6], "texture": "#5"},
				"down": {"uv": [7, 2, 15, 6], "texture": "#5"}
			}
		},
		{
			"from": [7.675, 13.74, 7.6752],
			"to": [8.095, 14.14, 8.3202],
			"rotation": {"angle": -22.5, "axis": "z", "origin": [7.95, 14.015, 8.025]},
			"faces": {
				"north": {"uv": [4, 9, 10, 12], "rotation": 180, "texture": "#5"},
				"east": {"uv": [4, 9, 10, 12], "rotation": 180, "texture": "#5"},
				"south": {"uv": [4, 9, 10, 12], "rotation": 180, "texture": "#5"},
				"west": {"uv": [4, 9, 10, 12], "rotation": 180, "texture": "#5"},
				"up": {"uv": [4, 9, 10, 12], "rotation": 180, "texture": "#5"},
				"down": {"uv": [4, 9, 10, 12], "rotation": 180, "texture": "#5"}
			}
		},
		{
			"from": [7.75, 15.74, 7.7502],
			"to": [8.17, 16.09, 8.2452],
			"rotation": {"angle": -22.5, "axis": "z", "origin": [8.025, 16.015, 8.025]},
			"faces": {
				"north": {"uv": [3, 10, 10, 13], "rotation": 180, "texture": "#5"},
				"east": {"uv": [3, 10, 10, 13], "rotation": 180, "texture": "#5"},
				"south": {"uv": [3, 10, 10, 13], "rotation": 180, "texture": "#5"},
				"west": {"uv": [3, 10, 10, 13], "rotation": 180, "texture": "#5"},
				"up": {"uv": [3, 10, 10, 13], "rotation": 180, "texture": "#5"},
				"down": {"uv": [3, 10, 10, 13], "rotation": 180, "texture": "#5"}
			}
		},
		{
			"from": [8.05, 10.745, 7.6002],
			"to": [8.425, 11.14, 8.3952],
			"rotation": {"angle": 22.5, "axis": "z", "origin": [8.3, 10.865, 8.025]},
			"faces": {
				"north": {"uv": [5, 6, 13, 8], "rotation": 180, "texture": "#5"},
				"east": {"uv": [5, 6, 13, 8], "rotation": 180, "texture": "#5"},
				"south": {"uv": [5, 6, 13, 8], "rotation": 180, "texture": "#5"},
				"west": {"uv": [5, 6, 13, 8], "rotation": 180, "texture": "#5"},
				"up": {"uv": [5, 6, 13, 8], "rotation": 180, "texture": "#5"},
				"down": {"uv": [5, 6, 13, 8], "rotation": 180, "texture": "#5"}
			}
		},
		{
			"from": [7.95, 13.795, 7.6752],
			"to": [8.325, 14.14, 8.3202],
			"rotation": {"angle": 22.5, "axis": "z", "origin": [8.2, 13.865, 8.025]},
			"faces": {
				"north": {"uv": [5, 12, 13, 14], "rotation": 180, "texture": "#5"},
				"east": {"uv": [5, 12, 13, 14], "rotation": 180, "texture": "#5"},
				"south": {"uv": [5, 12, 13, 14], "rotation": 180, "texture": "#5"},
				"west": {"uv": [5, 12, 13, 14], "rotation": 180, "texture": "#5"},
				"up": {"uv": [5, 12, 13, 14], "rotation": 180, "texture": "#5"},
				"down": {"uv": [5, 12, 13, 14], "rotation": 180, "texture": "#5"}
			}
		},
		{
			"from": [7.875, 15.795, 7.7502],
			"to": [8.25, 16.14, 8.2452],
			"rotation": {"angle": 22.5, "axis": "z", "origin": [8.125, 15.865, 8.025]},
			"faces": {
				"north": {"uv": [4, 9, 7, 14], "rotation": 180, "texture": "#5"},
				"east": {"uv": [4, 9, 7, 14], "rotation": 180, "texture": "#5"},
				"south": {"uv": [4, 9, 7, 14], "rotation": 180, "texture": "#5"},
				"west": {"uv": [4, 9, 7, 14], "rotation": 180, "texture": "#5"},
				"up": {"uv": [4, 9, 7, 14], "rotation": 180, "texture": "#5"},
				"down": {"uv": [4, 9, 7, 14], "rotation": 180, "texture": "#5"}
			}
		},
		{
			"from": [7.4798, 6.745, 8.175],
			"to": [8.4748, 7.145, 8.55],
			"rotation": {"angle": -45, "axis": "x", "origin": [7.95, 6.89, 8.425]},
			"faces": {
				"north": {"uv": [2, 0, 12, 10], "rotation": 180, "texture": "#5"},
				"east": {"uv": [2, 0, 12, 10], "rotation": 180, "texture": "#5"},
				"south": {"uv": [2, 0, 12, 10], "rotation": 180, "texture": "#5"},
				"west": {"uv": [2, 0, 12, 10], "rotation": 180, "texture": "#5"},
				"up": {"uv": [2, 0, 12, 10], "rotation": 180, "texture": "#5"},
				"down": {"uv": [2, 0, 12, 10], "rotation": 180, "texture": "#5"}
			}
		},
		{
			"from": [7.5798, 10.703, 7.54],
			"to": [8.3498, 10.978, 7.965],
			"rotation": {"angle": 22.5, "axis": "x", "origin": [7.95, 10.865, 7.825]},
			"faces": {
				"north": {"uv": [4, 9, 12, 11], "rotation": 180, "texture": "#5"},
				"east": {"uv": [4, 9, 12, 11], "rotation": 180, "texture": "#5"},
				"south": {"uv": [4, 9, 12, 11], "rotation": 180, "texture": "#5"},
				"west": {"uv": [4, 9, 12, 11], "rotation": 180, "texture": "#5"},
				"up": {"uv": [4, 9, 12, 11], "rotation": 180, "texture": "#5"},
				"down": {"uv": [4, 9, 12, 11], "rotation": 180, "texture": "#5"}
			}
		},
		{
			"from": [7.5798, 10.775, 8.088],
			"to": [8.3498, 11.15, 8.463],
			"rotation": {"angle": -22.5, "axis": "x", "origin": [7.95, 10.89, 8.325]},
			"faces": {
				"north": {"uv": [5, 10, 13, 12], "rotation": 180, "texture": "#5"},
				"east": {"uv": [5, 10, 13, 12], "rotation": 180, "texture": "#5"},
				"south": {"uv": [5, 10, 13, 12], "rotation": 180, "texture": "#5"},
				"west": {"uv": [5, 10, 13, 12], "rotation": 180, "texture": "#5"},
				"up": {"uv": [5, 10, 13, 12], "rotation": 180, "texture": "#5"},
				"down": {"uv": [5, 10, 13, 12], "rotation": 180, "texture": "#5"}
			}
		},
		{
			"from": [7.6548, 13.775, 7.988],
			"to": [8.2748, 14.15, 8.363],
			"rotation": {"angle": -22.5, "axis": "x", "origin": [7.95, 13.89, 8.225]},
			"faces": {
				"north": {"uv": [5, 9, 11, 11], "rotation": 180, "texture": "#5"},
				"east": {"uv": [5, 9, 11, 11], "rotation": 180, "texture": "#5"},
				"south": {"uv": [5, 9, 11, 11], "rotation": 180, "texture": "#5"},
				"west": {"uv": [5, 9, 11, 11], "rotation": 180, "texture": "#5"},
				"up": {"uv": [5, 9, 11, 11], "rotation": 180, "texture": "#5"},
				"down": {"uv": [5, 9, 11, 11], "rotation": 180, "texture": "#5"}
			}
		},
		{
			"from": [7.7298, 15.775, 7.913],
			"to": [8.1998, 16.15, 8.288],
			"rotation": {"angle": -22.5, "axis": "x", "origin": [7.95, 15.89, 8.15]},
			"faces": {
				"north": {"uv": [2, 9, 9, 14], "rotation": 180, "texture": "#5"},
				"east": {"uv": [2, 9, 9, 14], "rotation": 180, "texture": "#5"},
				"south": {"uv": [2, 9, 9, 14], "rotation": 180, "texture": "#5"},
				"west": {"uv": [2, 9, 9, 14], "rotation": 180, "texture": "#5"},
				"up": {"uv": [2, 9, 9, 14], "rotation": 180, "texture": "#5"},
				"down": {"uv": [2, 9, 9, 14], "rotation": 180, "texture": "#5"}
			}
		},
		{
			"from": [7.6548, 13.753, 7.69],
			"to": [8.2748, 14.128, 8.065],
			"rotation": {"angle": 22.5, "axis": "x", "origin": [7.95, 13.99, 7.95]},
			"faces": {
				"north": {"uv": [2, 12, 10, 14], "rotation": 180, "texture": "#5"},
				"east": {"uv": [8, 13, 16, 15], "rotation": 180, "texture": "#5"},
				"south": {"uv": [8, 13, 16, 15], "rotation": 180, "texture": "#5"},
				"west": {"uv": [8, 13, 16, 15], "rotation": 180, "texture": "#5"},
				"up": {"uv": [8, 13, 16, 15], "rotation": 180, "texture": "#5"},
				"down": {"uv": [8, 13, 16, 15], "rotation": 180, "texture": "#5"}
			}
		},
		{
			"from": [7.7298, 15.753, 7.765],
			"to": [8.1998, 16.128, 8.14],
			"rotation": {"angle": 22.5, "axis": "x", "origin": [7.95, 15.99, 8.025]},
			"faces": {
				"north": {"uv": [4, 12, 12, 15], "rotation": 180, "texture": "#5"},
				"east": {"uv": [4, 12, 12, 15], "rotation": 180, "texture": "#5"},
				"south": {"uv": [4, 12, 12, 15], "rotation": 180, "texture": "#5"},
				"west": {"uv": [4, 12, 12, 15], "rotation": 180, "texture": "#5"},
				"up": {"uv": [4, 12, 12, 15], "rotation": 180, "texture": "#5"},
				"down": {"uv": [4, 12, 12, 15], "rotation": 180, "texture": "#5"}
			}
		},
		{
			"from": [7.35, 2.875, 7.375],
			"to": [8.6, 5.6, 8.625],
			"rotation": {"angle": 0, "axis": "y", "origin": [15.225, 9, 15.75]},
			"faces": {
				"north": {"uv": [0, 0, 7, 9], "texture": "#1"},
				"east": {"uv": [6, 5, 12, 14], "texture": "#1"},
				"south": {"uv": [0, 0, 16, 12], "texture": "#1"},
				"west": {"uv": [11, 0, 16, 10], "texture": "#1"},
				"up": {"uv": [0, 0, 6, 0], "texture": "#missing"},
				"down": {"uv": [1, 6, 10, 11], "texture": "#1"}
			}
		},
		{
			"from": [7.35, 5.6, 7.375],
			"to": [8.6, 7.875, 8.625],
			"rotation": {"angle": 0, "axis": "y", "origin": [15.225, 11, 15.75]},
			"faces": {
				"north": {"uv": [5, 1, 13, 10], "texture": "#5"},
				"east": {"uv": [5, 1, 13, 10], "texture": "#5"},
				"south": {"uv": [5, 1, 13, 10], "texture": "#5"},
				"west": {"uv": [5, 1, 13, 10], "texture": "#5"},
				"up": {"uv": [5, 1, 13, 10], "texture": "#5"},
				"down": {"uv": [5, 1, 13, 10], "texture": "#5"}
			}
		},
		{
			"from": [7.625, 5.85, 8.575],
			"to": [7.875, 6.85, 8.825],
			"rotation": {"angle": 0, "axis": "y", "origin": [15.5, 11.25, 16.95]},
			"faces": {
				"north": {"uv": [2, 10, 6, 14], "texture": "#1"},
				"east": {"uv": [2, 10, 6, 14], "texture": "#1"},
				"south": {"uv": [2, 10, 6, 14], "texture": "#1"},
				"west": {"uv": [2, 10, 6, 14], "texture": "#1"},
				"up": {"uv": [2, 10, 6, 14], "texture": "#1"},
				"down": {"uv": [2, 10, 6, 14], "texture": "#1"}
			}
		},
		{
			"from": [7.475, -1.375, 11.575],
			"to": [8.475, -1.125, 11.825],
			"rotation": {"angle": 45, "axis": "x", "origin": [3.075, 6.5, 19.95]},
			"faces": {
				"north": {"uv": [2, 10, 6, 14], "rotation": 90, "texture": "#1"},
				"east": {"uv": [2, 10, 6, 14], "rotation": 270, "texture": "#1"},
				"south": {"uv": [2, 10, 6, 14], "rotation": 270, "texture": "#1"},
				"west": {"uv": [2, 10, 6, 14], "rotation": 270, "texture": "#1"},
				"up": {"uv": [2, 10, 6, 14], "rotation": 270, "texture": "#1"},
				"down": {"uv": [2, 10, 6, 14], "rotation": 270, "texture": "#1"}
			}
		},
		{
			"from": [8.1, 5.85, 8.575],
			"to": [8.35, 6.85, 8.825],
			"rotation": {"angle": 0, "axis": "y", "origin": [15.975, 11.25, 16.95]},
			"faces": {
				"north": {"uv": [6, 0, 16, 12], "texture": "#1"},
				"east": {"uv": [6, 0, 16, 12], "texture": "#1"},
				"south": {"uv": [6, 0, 16, 12], "texture": "#1"},
				"west": {"uv": [6, 0, 16, 12], "texture": "#1"},
				"up": {"uv": [6, 0, 16, 12], "texture": "#1"},
				"down": {"uv": [6, 0, 16, 12], "texture": "#1"}
			}
		},
		{
			"from": [7.475, 7, 7.5],
			"to": [8.475, 10.875, 8.5],
			"rotation": {"angle": 0, "axis": "y", "origin": [15.225, 13, 15.75]},
			"faces": {
				"north": {"uv": [5, 3, 9, 15], "texture": "#5"},
				"east": {"uv": [7, 3, 11, 15], "texture": "#5"},
				"south": {"uv": [2, 2, 6, 14], "texture": "#5"},
				"west": {"uv": [1, 7, 5, 15], "texture": "#5"},
				"up": {"uv": [5, 3, 9, 15], "texture": "#5"},
				"down": {"uv": [5, 3, 9, 15], "texture": "#5"}
			}
		},
		{
			"from": [7.575, 10, 7.6],
			"to": [8.35, 13.875, 8.4],
			"rotation": {"angle": 0, "axis": "y", "origin": [15.225, 18, 15.75]},
			"faces": {
				"north": {"uv": [7, 4, 11, 15], "rotation": 180, "texture": "#5"},
				"east": {"uv": [8, 2, 12, 13], "rotation": 180, "texture": "#5"},
				"south": {"uv": [11, 6, 15, 16], "texture": "#5"},
				"west": {"uv": [9, 0, 12, 8], "texture": "#5"},
				"up": {"uv": [4, 4, 10, 10], "texture": "#5"},
				"down": {"uv": [8, 13, 16, 15], "texture": "#missing"}
			}
		},
		{
			"from": [7.65, 12, 7.675],
			"to": [8.275, 15.875, 8.325],
			"rotation": {"angle": 0, "axis": "y", "origin": [15.225, 20, 15.75]},
			"faces": {
				"north": {"uv": [1, 5, 4, 14], "texture": "#5"},
				"east": {"uv": [6, 6, 10, 15], "texture": "#5"},
				"south": {"uv": [4, 4, 8, 14], "texture": "#5"},
				"west": {"uv": [11, 3, 15, 12], "texture": "#5"},
				"up": {"uv": [5, 8, 10, 13], "texture": "#5"},
				"down": {"uv": [8, 13, 16, 16], "texture": "#missing"}
			}
		},
		{
			"from": [7.725, 14.8, 7.75],
			"to": [8.2, 18.175, 8.25],
			"rotation": {"angle": 0, "axis": "y", "origin": [15.225, 22.8, 15.75]},
			"faces": {
				"north": {"uv": [12, 3, 16, 13], "texture": "#5"},
				"east": {"uv": [4, 3, 8, 12], "texture": "#5"},
				"south": {"uv": [6, 7, 10, 16], "texture": "#5"},
				"west": {"uv": [8, 7, 13, 15], "texture": "#5"},
				"up": {"uv": [3, 9, 7, 13], "texture": "#5"},
				"down": {"uv": [8, 13, 16, 15], "texture": "#missing"}
			}
		},
		{
			"from": [8.4722, 5.23676, 7.375],
			"to": [8.6722, 5.48676, 8.625],
			"rotation": {"angle": -22.5, "axis": "z", "origin": [8.725, 5.475, 8.15]},
			"faces": {
				"north": {"uv": [4, 5, 4.25, 5.2], "rotation": 270, "texture": "#1"},
				"east": {"uv": [4, 5, 5.25, 5.25], "texture": "#1"},
				"south": {"uv": [4, 5, 4.25, 5.2], "rotation": 90, "texture": "#1"},
				"west": {"uv": [4, 5, 5.25, 5.25], "rotation": 180, "texture": "#1"},
				"up": {"uv": [4, 5, 5.25, 5.2], "rotation": 270, "texture": "#1"},
				"down": {"uv": [4, 5, 5.25, 5.2], "rotation": 90, "texture": "#1"}
			}
		},
		{
			"from": [7.28208, 5.33627, 7.375],
			"to": [7.53208, 5.53627, 8.625],
			"rotation": {"angle": 22.5, "axis": "z", "origin": [7.3, 5.475, 8.15]},
			"faces": {
				"north": {"uv": [4, 5, 5.225, 5.2], "rotation": 270, "texture": "#1"},
				"east": {"uv": [4, 5, 5.225, 5.2], "rotation": 90, "texture": "#1"},
				"south": {"uv": [4, 5, 5.225, 5.2], "rotation": 90, "texture": "#1"},
				"west": {"uv": [4, 5, 5.225, 5.2], "rotation": 90, "texture": "#1"},
				"up": {"uv": [4, 5, 5.225, 5.2], "rotation": 90, "texture": "#1"},
				"down": {"uv": [4, 5, 5.225, 5.2], "rotation": 90, "texture": "#1"}
			}
		},
		{
			"from": [7.35, 5.29854, 7.37274],
			"to": [8.6, 5.49854, 7.52274],
			"rotation": {"angle": -22.5, "axis": "x", "origin": [7.8, 5.375, 7.3]},
			"faces": {
				"north": {"uv": [4, 5, 5.225, 5.2], "rotation": 180, "texture": "#1"},
				"east": {"uv": [4, 5, 5.225, 5.2], "texture": "#1"},
				"south": {"uv": [4, 5, 5.225, 5.2], "rotation": 180, "texture": "#1"},
				"west": {"uv": [4, 5, 5.225, 5.2], "rotation": 180, "texture": "#1"},
				"up": {"uv": [4, 5, 5.225, 5.2], "rotation": 270, "texture": "#1"},
				"down": {"uv": [4, 5, 5.225, 5.2], "rotation": 90, "texture": "#1"}
			}
		},
		{
			"from": [7.375, 4.7873, 7.85049],
			"to": [8.575, 5.1873, 8.05049],
			"rotation": {"angle": 22.5, "axis": "x", "origin": [8.1, 3.6, 9.6]},
			"faces": {
				"north": {"uv": [4, 5, 5.225, 5.2], "texture": "#1"},
				"east": {"uv": [4, 5, 5.225, 5.2], "texture": "#1"},
				"south": {"uv": [4, 5, 5.225, 5.2], "texture": "#1"},
				"west": {"uv": [4, 5, 5.225, 5.2], "texture": "#1"},
				"up": {"uv": [4, 5, 5.225, 5.2], "texture": "#1"},
				"down": {"uv": [4, 5, 5.225, 5.2], "texture": "#1"}
			}
		}
	],
	"display": {
		"thirdperson_righthand": {
			"rotation": [0, -180, 0],
			"translation": [0, 1.25, 1],
			"scale": [0.7, 0.8, 0.7]
		},
		"thirdperson_lefthand": {
			"translation": [0, -2.25, 1.75],
			"scale": [0, 0, 0]
		},
		"firstperson_righthand": {
			"rotation": [-27, 0, 5],
			"translation": [1.25, 2, 0]
		},
		"firstperson_lefthand": {
			"rotation": [-22, -59, 5],
			"translation": [97, 0, 0]
		},
		"ground": {
			"rotation": [-90, 90, 0],
			"translation": [0, -2, 0],
			"scale": [0.7, 0.8, 0.7]
		},
		"gui": {
			"rotation": [0, 25, 45],
			"scale": [0.9, 1, 0.9]
		},
		"head": {
			"rotation": [163, 0, 0],
			"translation": [0, -37, 0]
		},
		"fixed": {
			"rotation": [0, -90, 0],
			"translation": [0, 0, -0.5],
			"scale": [1.2, 1.3, 1.2]
		}
	}
}