{
	"credit": "Made with Blockbench",
	"texture_size": [32, 32],
	"textures": {
		"0": "item/wand/pig_wand",
		"particle": "item/wand/pig_wand"
	},
	"elements": [
		{
			"from": [6, 0, 6],
			"to": [10, 4, 10],
			"faces": {
				"north": {"uv": [2, 2, 4, 4], "texture": "#0"},
				"east": {"uv": [2, 2, 4, 4], "texture": "#0"},
				"south": {"uv": [2, 2, 4, 4], "texture": "#0"},
				"west": {"uv": [2, 2, 4, 4], "texture": "#0"},
				"up": {"uv": [2, 0, 4, 2], "texture": "#0"},
				"down": {"uv": [4, 0, 6, 2], "texture": "#0"}
			}
		},
		{
			"from": [10, 0.475, 7],
			"to": [10.5, 1.975, 9],
			"faces": {
				"north": {"uv": [5.25, 4.25, 5.5, 5], "texture": "#0"},
				"east": {"uv": [4.25, 4.25, 5.25, 5], "texture": "#0"},
				"south": {"uv": [4, 4.25, 4.25, 5], "texture": "#0"},
				"west": {"uv": [0, 0, 2, 1.25], "texture": "#0"},
				"up": {"uv": [4.25, 4, 5.25, 4.25], "rotation": 90, "texture": "#0"},
				"down": {"uv": [5.25, 4.25, 6.25, 4], "rotation": 90, "texture": "#0"}
			}
		},
		{
			"from": [5.5, 0.475, 7],
			"to": [6, 1.975, 9],
			"faces": {
				"north": {"uv": [4, 4.25, 4.25, 5], "texture": "#0"},
				"east": {"uv": [4.25, 4.25, 5.25, 5], "texture": "#0"},
				"south": {"uv": [5.25, 4.25, 5.5, 5], "texture": "#0"},
				"west": {"uv": [4.25, 4.25, 5.25, 5], "texture": "#0"},
				"up": {"uv": [4.25, 4, 5.25, 4.25], "rotation": 90, "texture": "#0"},
				"down": {"uv": [5.25, 4, 6.25, 4.25], "rotation": 90, "texture": "#0"}
			}
		},
		{
			"from": [7, 0.475, 5.5],
			"to": [9, 1.975, 6],
			"faces": {
				"north": {"uv": [4.25, 4.25, 5.25, 5], "texture": "#0"},
				"east": {"uv": [4, 4.25, 4.25, 5], "texture": "#0"},
				"south": {"uv": [4, 0.75, 6, 2], "texture": "#0"},
				"west": {"uv": [5.25, 4.25, 5.5, 5], "texture": "#0"},
				"up": {"uv": [4.25, 4, 5.25, 4.25], "texture": "#0"},
				"down": {"uv": [5.25, 4, 6.25, 4.25], "texture": "#0"}
			}
		},
		{
			"from": [7, 0.475, 10],
			"to": [9, 1.975, 10.5],
			"faces": {
				"north": {"uv": [7.25, 3.75, 9.5, 9], "texture": "#0"},
				"east": {"uv": [5.25, 4.25, 5.5, 5], "texture": "#0"},
				"south": {"uv": [4.25, 4.25, 5.25, 5], "texture": "#0"},
				"west": {"uv": [4, 4.25, 4.25, 5], "texture": "#0"},
				"up": {"uv": [4.25, 4, 5.25, 4.25], "texture": "#0"},
				"down": {"uv": [5.25, 4, 6.25, 4.25], "texture": "#0"}
			}
		},
		{
			"from": [7, 4, 7],
			"to": [9, 10.95, 9],
			"faces": {
				"north": {"uv": [14.25, 4, 15.25, 8], "texture": "#0"},
				"east": {"uv": [14.25, 4, 15.25, 8], "texture": "#0"},
				"south": {"uv": [14.25, 4, 15.25, 8], "texture": "#0"},
				"west": {"uv": [14.25, 4, 15.25, 8], "texture": "#0"},
				"up": {"uv": [14.25, 4, 15.25, 8], "texture": "#0"},
				"down": {"uv": [14.25, 4, 15.25, 8], "texture": "#0"}
			}
		},
		{
			"from": [7.35, 11, 7.25],
			"to": [8.65, 16, 8.55],
			"faces": {
				"north": {"uv": [14.5, 4.25, 15.15, 6.75], "texture": "#0"},
				"east": {"uv": [14.5, 4.25, 15.15, 6.75], "texture": "#0"},
				"south": {"uv": [14.5, 4.25, 15.15, 6.75], "texture": "#0"},
				"west": {"uv": [14.5, 4.25, 15.15, 6.75], "texture": "#0"},
				"up": {"uv": [14.5, 4.25, 15.15, 6.75], "texture": "#0"},
				"down": {"uv": [14.5, 4.25, 15.15, 6.75], "texture": "#0"}
			}
		},
		{
			"from": [6.975, 11, 6.875],
			"to": [9.025, 11.825, 8.925],
			"faces": {
				"north": {"uv": [14.5, 4.25, 15.15, 6.75], "texture": "#0"},
				"east": {"uv": [14.5, 4.25, 15.15, 6.75], "texture": "#0"},
				"south": {"uv": [14.5, 4.25, 15.15, 6.75], "texture": "#0"},
				"west": {"uv": [14.5, 4.25, 15.15, 6.75], "texture": "#0"},
				"up": {"uv": [14.5, 4.25, 15.15, 6.75], "texture": "#0"},
				"down": {"uv": [14.5, 4.25, 15.15, 6.75], "texture": "#0"}
			}
		},
		{
			"from": [7.175, 11.8, 7.075],
			"to": [8.825, 12.625, 8.725],
			"faces": {
				"north": {"uv": [14.5, 4.25, 15.15, 6.75], "texture": "#0"},
				"east": {"uv": [14.5, 4.25, 15.15, 6.75], "texture": "#0"},
				"south": {"uv": [14.5, 4.25, 15.15, 6.75], "texture": "#0"},
				"west": {"uv": [14.5, 4.25, 15.15, 6.75], "texture": "#0"},
				"up": {"uv": [14.5, 4.25, 15.15, 6.75], "texture": "#0"},
				"down": {"uv": [14.5, 4.25, 15.15, 6.75], "texture": "#0"}
			}
		},
		{
			"from": [7.75, 16, 6.725],
			"to": [8.25, 20, 7.4],
			"faces": {
				"north": {"uv": [12, 4.75, 12.5, 6.75], "texture": "#0"},
				"east": {"uv": [12, 4.75, 12.5, 6.75], "texture": "#0"},
				"south": {"uv": [12, 4.75, 12.5, 6.75], "texture": "#0"},
				"west": {"uv": [12, 4.75, 12.5, 6.75], "texture": "#0"},
				"up": {"uv": [12, 4.75, 12.5, 6.75], "texture": "#0"},
				"down": {"uv": [12, 4.75, 12.5, 6.75], "texture": "#0"}
			}
		},
		{
			"from": [7.7, 20, 7.6],
			"to": [8.3, 24, 8.2],
			"faces": {
				"north": {"uv": [15, 5.25, 15.3, 7.25], "texture": "#0"},
				"east": {"uv": [15, 5.25, 15.3, 7.25], "texture": "#0"},
				"south": {"uv": [15, 5.25, 15.3, 7.25], "texture": "#0"},
				"west": {"uv": [15, 5.25, 15.3, 7.25], "texture": "#0"},
				"up": {"uv": [15, 5.25, 15.3, 7.25], "texture": "#0"},
				"down": {"uv": [15, 5.25, 15.3, 7.25], "texture": "#0"}
			}
		},
		{
			"from": [7.775, 23, 7.675],
			"to": [8.225, 27, 8.125],
			"faces": {
				"north": {"uv": [15, 5.25, 15.3, 7.25], "texture": "#0"},
				"east": {"uv": [15, 5.25, 15.3, 7.25], "texture": "#0"},
				"south": {"uv": [15, 5.25, 15.3, 7.25], "texture": "#0"},
				"west": {"uv": [15, 5.25, 15.3, 7.25], "texture": "#0"},
				"up": {"uv": [15, 5.25, 15.3, 7.25], "texture": "#0"},
				"down": {"uv": [15, 5.25, 15.3, 7.25], "texture": "#0"}
			}
		},
		{
			"from": [6.75, 4, 6.75],
			"to": [9.25, 5, 9.25],
			"faces": {
				"north": {"uv": [13.75, 6.75, 15, 7.25], "texture": "#0"},
				"east": {"uv": [13.75, 6.75, 15, 7.25], "texture": "#0"},
				"south": {"uv": [13.75, 6.75, 15, 7.25], "texture": "#0"},
				"west": {"uv": [13.75, 6.75, 15, 7.25], "texture": "#0"},
				"up": {"uv": [13.75, 6.75, 15, 8], "texture": "#0"},
				"down": {"uv": [13.75, 6.75, 15, 7.25], "texture": "#0"}
			}
		},
		{
			"from": [6.75, 7, 6.75],
			"to": [9.25, 8, 9.25],
			"faces": {
				"north": {"uv": [13.75, 6.75, 15, 7.25], "texture": "#0"},
				"east": {"uv": [13.75, 6.75, 15, 7.25], "texture": "#0"},
				"south": {"uv": [13.75, 6.75, 15, 7.25], "texture": "#0"},
				"west": {"uv": [13, 4.75, 14.25, 5.25], "texture": "#0"},
				"up": {"uv": [13.75, 6.75, 15, 8], "texture": "#0"},
				"down": {"uv": [13.75, 6.75, 15, 7.25], "texture": "#0"}
			}
		},
		{
			"from": [6.75, 8, 7.5],
			"to": [9.25, 10, 8.5],
			"faces": {
				"north": {"uv": [7, 5.25, 7.5, 6.25], "texture": "#0"},
				"east": {"uv": [7, 5.25, 7.5, 6.25], "texture": "#0"},
				"south": {"uv": [7, 5.25, 7.5, 6.25], "texture": "#0"},
				"west": {"uv": [7, 5.25, 7.5, 6.25], "texture": "#0"},
				"up": {"uv": [7, 5.25, 7.5, 6.25], "texture": "#0"},
				"down": {"uv": [7, 5.25, 7.5, 6.25], "texture": "#0"}
			}
		},
		{
			"from": [7.5, 8, 6.75],
			"to": [8.5, 10, 9.25],
			"faces": {
				"north": {"uv": [12.5, 5, 13, 6], "texture": "#0"},
				"east": {"uv": [12.5, 5, 13, 6], "texture": "#0"},
				"south": {"uv": [12.5, 5, 13, 6], "texture": "#0"},
				"west": {"uv": [12.5, 5, 13, 6], "texture": "#0"},
				"up": {"uv": [12.5, 5, 13, 6], "texture": "#0"},
				"down": {"uv": [12.5, 5, 13, 6], "texture": "#0"}
			}
		},
		{
			"from": [7.5, 5, 6.75],
			"to": [8.5, 7, 9.25],
			"faces": {
				"north": {"uv": [13.5, 6.75, 14.25, 7.75], "texture": "#0"},
				"east": {"uv": [13.5, 6.75, 14.25, 7.75], "texture": "#0"},
				"south": {"uv": [13.5, 6.75, 14.25, 7.75], "texture": "#0"},
				"west": {"uv": [13.5, 6.75, 14.25, 7.75], "texture": "#0"},
				"up": {"uv": [13.5, 6.75, 14.25, 7.75], "texture": "#0"},
				"down": {"uv": [13.5, 6.75, 14.25, 7.75], "texture": "#0"}
			}
		},
		{
			"from": [6.75, 5, 7.5],
			"to": [9.25, 7, 8.5],
			"faces": {
				"north": {"uv": [14.5, 4.5, 15, 5.5], "texture": "#0"},
				"east": {"uv": [14.5, 4.5, 15, 5.5], "texture": "#0"},
				"south": {"uv": [14.5, 4.5, 15, 5.5], "texture": "#0"},
				"west": {"uv": [14.5, 4.5, 15, 5.5], "texture": "#0"},
				"up": {"uv": [14.5, 4.5, 15, 5.5], "texture": "#0"},
				"down": {"uv": [14.5, 4.5, 15, 5.5], "texture": "#0"}
			}
		},
		{
			"from": [6.75, 10, 6.75],
			"to": [9.25, 10.975, 9.25],
			"faces": {
				"north": {"uv": [13.75, 6.75, 15, 7.25], "texture": "#0"},
				"east": {"uv": [13.75, 6.75, 15, 7.25], "texture": "#0"},
				"south": {"uv": [13.75, 6.75, 15, 7.25], "texture": "#0"},
				"west": {"uv": [13.75, 6.75, 15, 7.25], "texture": "#0"},
				"up": {"uv": [13.75, 6.75, 15, 8], "texture": "#0"},
				"down": {"uv": [13.75, 6.75, 15, 7.25], "texture": "#0"}
			}
		},
		{
			"from": [7.5, 7, 6.4],
			"to": [8.5, 8, 7.4],
			"faces": {
				"north": {"uv": [14.25, 5.25, 14.75, 5.75], "texture": "#0"},
				"east": {"uv": [14.25, 5.25, 14.75, 5.75], "texture": "#0"},
				"south": {"uv": [14.25, 5.25, 14.75, 5.75], "texture": "#0"},
				"west": {"uv": [14.25, 5.25, 14.75, 5.75], "texture": "#0"},
				"up": {"uv": [14.25, 5.25, 14.75, 5.75], "texture": "#0"},
				"down": {"uv": [14.25, 5.25, 14.75, 5.75], "texture": "#0"}
			}
		},
		{
			"from": [7.5, 4, 6.4],
			"to": [8.5, 5, 7.4],
			"faces": {
				"north": {"uv": [14.25, 5.25, 14.75, 5.75], "texture": "#0"},
				"east": {"uv": [14.25, 5.25, 14.75, 5.75], "texture": "#0"},
				"south": {"uv": [14.25, 5.25, 14.75, 5.75], "texture": "#0"},
				"west": {"uv": [14.25, 5.25, 14.75, 5.75], "texture": "#0"},
				"up": {"uv": [14.25, 5.25, 14.75, 5.75], "texture": "#0"},
				"down": {"uv": [14.25, 5.25, 14.75, 5.75], "texture": "#0"}
			}
		},
		{
			"from": [7.5, 10, 6.4],
			"to": [8.5, 11, 7.4],
			"faces": {
				"north": {"uv": [14.25, 5.25, 14.75, 5.75], "texture": "#0"},
				"east": {"uv": [14.25, 5.25, 14.75, 5.75], "texture": "#0"},
				"south": {"uv": [14.25, 5.25, 14.75, 5.75], "texture": "#0"},
				"west": {"uv": [14.25, 5.25, 14.75, 5.75], "texture": "#0"},
				"up": {"uv": [14.25, 5.25, 14.75, 5.75], "texture": "#0"},
				"down": {"uv": [14.25, 5.25, 14.75, 5.75], "texture": "#0"}
			}
		},
		{
			"from": [7.75, 20, 7.25],
			"to": [8.25, 21, 7.975],
			"faces": {
				"north": {"uv": [14.25, 5.25, 14.75, 5.75], "texture": "#0"},
				"east": {"uv": [14.25, 5.25, 14.75, 5.75], "texture": "#0"},
				"south": {"uv": [14.25, 5.25, 14.75, 5.75], "texture": "#0"},
				"west": {"uv": [14.25, 5.25, 14.75, 5.75], "texture": "#0"},
				"up": {"uv": [14.25, 5.25, 14.75, 5.75], "texture": "#0"},
				"down": {"uv": [14.25, 5.25, 14.75, 5.75], "texture": "#0"}
			}
		},
		{
			"from": [7.75, 15, 7.075],
			"to": [8.25, 16, 7.8],
			"faces": {
				"north": {"uv": [14.25, 5.25, 14.75, 5.75], "texture": "#0"},
				"east": {"uv": [14.25, 5.25, 14.75, 5.75], "texture": "#0"},
				"south": {"uv": [14.25, 5.25, 14.75, 5.75], "texture": "#0"},
				"west": {"uv": [14.25, 5.25, 14.75, 5.75], "texture": "#0"},
				"up": {"uv": [14.25, 5.25, 14.75, 5.75], "texture": "#0"},
				"down": {"uv": [14.25, 5.25, 14.75, 5.75], "texture": "#0"}
			}
		},
		{
			"from": [7.75, 15.4, 7.6],
			"to": [8.25, 16.4, 8.325],
			"faces": {
				"north": {"uv": [14.25, 5.25, 14.75, 5.75], "texture": "#0"},
				"east": {"uv": [14.25, 5.25, 14.75, 5.75], "texture": "#0"},
				"south": {"uv": [14.25, 5.25, 14.75, 5.75], "texture": "#0"},
				"west": {"uv": [14.25, 5.25, 14.75, 5.75], "texture": "#0"},
				"up": {"uv": [14.25, 5.25, 14.75, 5.75], "texture": "#0"},
				"down": {"uv": [14.25, 5.25, 14.75, 5.75], "texture": "#0"}
			}
		},
		{
			"from": [7.825, 15.6, 6.8],
			"to": [8.175, 16.475, 7.525],
			"faces": {
				"north": {"uv": [14.25, 5.25, 14.75, 5.75], "texture": "#0"},
				"east": {"uv": [14.25, 5.25, 14.75, 5.75], "texture": "#0"},
				"south": {"uv": [14.25, 5.25, 14.75, 5.75], "texture": "#0"},
				"west": {"uv": [14.25, 5.25, 14.75, 5.75], "texture": "#0"},
				"up": {"uv": [14.25, 5.25, 14.75, 5.75], "texture": "#0"},
				"down": {"uv": [14.25, 5.25, 14.75, 5.75], "texture": "#0"}
			}
		},
		{
			"from": [7.825, 15.75, 7.45],
			"to": [8.175, 16.625, 8.175],
			"faces": {
				"north": {"uv": [14.25, 5.25, 14.75, 5.75], "texture": "#0"},
				"east": {"uv": [14.25, 5.25, 14.75, 5.75], "texture": "#0"},
				"south": {"uv": [14.25, 5.25, 14.75, 5.75], "texture": "#0"},
				"west": {"uv": [14.25, 5.25, 14.75, 5.75], "texture": "#0"},
				"up": {"uv": [14.25, 5.25, 14.75, 5.75], "texture": "#0"},
				"down": {"uv": [14.25, 5.25, 14.75, 5.75], "texture": "#0"}
			}
		},
		{
			"from": [7.825, 19.825, 7.4],
			"to": [8.175, 20.7, 8.125],
			"faces": {
				"north": {"uv": [14.25, 5.25, 14.75, 5.75], "texture": "#0"},
				"east": {"uv": [14.25, 5.25, 14.75, 5.75], "texture": "#0"},
				"south": {"uv": [14.25, 5.25, 14.75, 5.75], "texture": "#0"},
				"west": {"uv": [14.25, 5.25, 14.75, 5.75], "texture": "#0"},
				"up": {"uv": [14.25, 5.25, 14.75, 5.75], "texture": "#0"},
				"down": {"uv": [14.25, 5.25, 14.75, 5.75], "texture": "#0"}
			}
		},
		{
			"from": [7.825, 20.4, 7.4],
			"to": [8.2, 21.4, 8.125],
			"faces": {
				"north": {"uv": [14.25, 5.25, 14.75, 5.75], "texture": "#0"},
				"east": {"uv": [14.25, 5.25, 14.75, 5.75], "texture": "#0"},
				"south": {"uv": [14.25, 5.25, 14.75, 5.75], "texture": "#0"},
				"west": {"uv": [14.25, 5.25, 14.75, 5.75], "texture": "#0"},
				"up": {"uv": [14.25, 5.25, 14.75, 5.75], "texture": "#0"},
				"down": {"uv": [14.25, 5.25, 14.75, 5.75], "texture": "#0"}
			}
		},
		{
			"from": [7.625, 15.4, 7],
			"to": [8.375, 20.4, 8],
			"faces": {
				"north": {"uv": [14.25, 5.25, 14.75, 5.75], "texture": "#0"},
				"east": {"uv": [14.25, 5.25, 14.75, 5.75], "texture": "#0"},
				"south": {"uv": [14.25, 5.25, 14.75, 5.75], "texture": "#0"},
				"west": {"uv": [14.25, 5.25, 14.75, 5.75], "texture": "#0"},
				"up": {"uv": [14.25, 5.25, 14.75, 5.75], "texture": "#0"},
				"down": {"uv": [14.25, 5.25, 14.75, 5.75], "texture": "#0"}
			}
		},
		{
			"from": [8.5, 7, 7.4],
			"to": [9.5, 8, 8.4],
			"faces": {
				"north": {"uv": [14.25, 5.25, 14.75, 5.75], "texture": "#0"},
				"east": {"uv": [14.25, 5.25, 14.75, 5.75], "texture": "#0"},
				"south": {"uv": [14.25, 5.25, 14.75, 5.75], "texture": "#0"},
				"west": {"uv": [14.25, 5.25, 14.75, 5.75], "texture": "#0"},
				"up": {"uv": [14.25, 5.25, 14.75, 5.75], "texture": "#0"},
				"down": {"uv": [14.25, 5.25, 14.75, 5.75], "texture": "#0"}
			}
		},
		{
			"from": [8.5, 4, 7.4],
			"to": [9.5, 5, 8.4],
			"faces": {
				"north": {"uv": [14.25, 5.25, 14.75, 5.75], "texture": "#0"},
				"east": {"uv": [14.25, 5.25, 14.75, 5.75], "texture": "#0"},
				"south": {"uv": [14.25, 5.25, 14.75, 5.75], "texture": "#0"},
				"west": {"uv": [14.25, 5.25, 14.75, 5.75], "texture": "#0"},
				"up": {"uv": [14.25, 5.25, 14.75, 5.75], "texture": "#0"},
				"down": {"uv": [14.25, 5.25, 14.75, 5.75], "texture": "#0"}
			}
		},
		{
			"from": [8.5, 10, 7.4],
			"to": [9.5, 11, 8.4],
			"faces": {
				"north": {"uv": [14.25, 5.25, 14.75, 5.75], "texture": "#0"},
				"east": {"uv": [14.25, 5.25, 14.75, 5.75], "texture": "#0"},
				"south": {"uv": [14.25, 5.25, 14.75, 5.75], "texture": "#0"},
				"west": {"uv": [14.25, 5.25, 14.75, 5.75], "texture": "#0"},
				"up": {"uv": [14.25, 5.25, 14.75, 5.75], "texture": "#0"},
				"down": {"uv": [14.25, 5.25, 14.75, 5.75], "texture": "#0"}
			}
		},
		{
			"from": [6.5, 7, 7.4],
			"to": [7.5, 8, 8.4],
			"faces": {
				"north": {"uv": [14.25, 5.25, 14.75, 5.75], "texture": "#0"},
				"east": {"uv": [14.25, 5.25, 14.75, 5.75], "texture": "#0"},
				"south": {"uv": [14.25, 5.25, 14.75, 5.75], "texture": "#0"},
				"west": {"uv": [14.25, 5.25, 14.75, 5.75], "texture": "#0"},
				"up": {"uv": [14.25, 5.25, 14.75, 5.75], "texture": "#0"},
				"down": {"uv": [14.25, 5.25, 14.75, 5.75], "texture": "#0"}
			}
		},
		{
			"from": [6.5, 4, 7.4],
			"to": [7.5, 5, 8.4],
			"faces": {
				"north": {"uv": [14.25, 5.25, 14.75, 5.75], "texture": "#0"},
				"east": {"uv": [14.25, 5.25, 14.75, 5.75], "texture": "#0"},
				"south": {"uv": [14.25, 5.25, 14.75, 5.75], "texture": "#0"},
				"west": {"uv": [14.25, 5.25, 14.75, 5.75], "texture": "#0"},
				"up": {"uv": [14.25, 5.25, 14.75, 5.75], "texture": "#0"},
				"down": {"uv": [14.25, 5.25, 14.75, 5.75], "texture": "#0"}
			}
		},
		{
			"from": [6.5, 10, 7.4],
			"to": [7.5, 11, 8.4],
			"faces": {
				"north": {"uv": [14.25, 5.25, 14.75, 5.75], "texture": "#0"},
				"east": {"uv": [14.25, 5.25, 14.75, 5.75], "texture": "#0"},
				"south": {"uv": [14.25, 5.25, 14.75, 5.75], "texture": "#0"},
				"west": {"uv": [14.25, 5.25, 14.75, 5.75], "texture": "#0"},
				"up": {"uv": [14.25, 5.25, 14.75, 5.75], "texture": "#0"},
				"down": {"uv": [14.25, 5.25, 14.75, 5.75], "texture": "#0"}
			}
		},
		{
			"from": [7.5, 7, 8.4],
			"to": [8.5, 8, 9.4],
			"faces": {
				"north": {"uv": [14.25, 5.25, 14.75, 5.75], "texture": "#0"},
				"east": {"uv": [14.25, 5.25, 14.75, 5.75], "texture": "#0"},
				"south": {"uv": [14.25, 5.25, 14.75, 5.75], "texture": "#0"},
				"west": {"uv": [14.25, 5.25, 14.75, 5.75], "texture": "#0"},
				"up": {"uv": [14.25, 5.25, 14.75, 5.75], "texture": "#0"},
				"down": {"uv": [14.25, 5.25, 14.75, 5.75], "texture": "#0"}
			}
		},
		{
			"from": [7.5, 4, 8.4],
			"to": [8.5, 5, 9.4],
			"faces": {
				"north": {"uv": [14.25, 5.25, 14.75, 5.75], "texture": "#0"},
				"east": {"uv": [14.25, 5.25, 14.75, 5.75], "texture": "#0"},
				"south": {"uv": [14.25, 5.25, 14.75, 5.75], "texture": "#0"},
				"west": {"uv": [14.25, 5.25, 14.75, 5.75], "texture": "#0"},
				"up": {"uv": [14.25, 5.25, 14.75, 5.75], "texture": "#0"},
				"down": {"uv": [14.25, 5.25, 14.75, 5.75], "texture": "#0"}
			}
		},
		{
			"from": [7.5, 10, 8.4],
			"to": [8.5, 11, 9.4],
			"faces": {
				"north": {"uv": [14.25, 5.25, 14.75, 5.75], "texture": "#0"},
				"east": {"uv": [14.25, 5.25, 14.75, 5.75], "texture": "#0"},
				"south": {"uv": [14.25, 5.25, 14.75, 5.75], "texture": "#0"},
				"west": {"uv": [14.25, 5.25, 14.75, 5.75], "texture": "#0"},
				"up": {"uv": [14.25, 5.25, 14.75, 5.75], "texture": "#0"},
				"down": {"uv": [14.25, 5.25, 14.75, 5.75], "texture": "#0"}
			}
		}
	],
	"display": {
		"thirdperson_righthand": {
			"translation": [0, -1.75, 1.75],
			"scale": [0.61, 0.61, 0.61]
		},
		"thirdperson_lefthand": {
			"scale": [0, 0, 0]
		},
		"firstperson_righthand": {
			"rotation": [-25, 21, 0],
			"translation": [0, 0.25, 0.5],
			"scale": [0.81, 0.81, 0.81]
		},
		"firstperson_lefthand": {
			"scale": [0, 0, 0]
		},
		"ground": {
			"rotation": [-90, -180, 0],
			"translation": [0.5, -1.5, 3],
			"scale": [0.81, 0.81, 0.81]
		},
		"gui": {
			"rotation": [0, 25, 47],
			"translation": [2.25, -2.25, 0],
			"scale": [0.81, 0.81, 0.81]
		},
		"head": {
			"rotation": [-45, 71, -144],
			"translation": [0, -34.5, 0],
			"scale": [0.81, 0.81, 0.81]
		},
		"fixed": {
			"rotation": [0, 0, 18],
			"translation": [0, 0, -1.25],
			"scale": [0.81, 0.81, 0.81]
		}
	}
}