{
	"credit": "Made with Blockbench",
	"textures": {
		"3": "item/wand/wand_textures_2",
		"5": "item/wand/wand_textures_2_a"
	},
	"elements": [
		{
			"from": [7.3599, -2.385, 4.28],
			"to": [8.5998, -2.16, 4.58],
			"rotation": {"angle": -45, "axis": "x", "origin": [16.25, 5.515, -2.35]},
			"color": 3,
			"faces": {
				"north": {"uv": [5, 12, 16, 16], "texture": "#missing"},
				"east": {"uv": [5, 12, 16, 16], "texture": "#missing"},
				"south": {"uv": [5, 12, 16, 16], "texture": "#missing"},
				"west": {"uv": [5, 12, 16, 16], "texture": "#missing"},
				"up": {"uv": [5, 12, 16, 16], "texture": "#missing"},
				"down": {"uv": [5, 12, 16, 16], "texture": "#missing"}
			}
		},
		{
			"from": [7.3349, 0.015, 8.295],
			"to": [8.6248, 1.84, 9.17],
			"rotation": {"angle": -45, "axis": "x", "origin": [7.625, 0.24, 9.025]},
			"faces": {
				"north": {"uv": [7, 7, 9, 11], "texture": "#3"},
				"east": {"uv": [7, 7, 9, 11], "texture": "#3"},
				"south": {"uv": [7, 7, 9, 11], "texture": "#3"},
				"west": {"uv": [7, 7, 9, 11], "texture": "#3"},
				"up": {"uv": [7, 7, 9, 11], "texture": "#3"},
				"down": {"uv": [7, 7, 9, 11], "texture": "#3"}
			}
		},
		{
			"from": [7.8349, -0.315, 7.55],
			"to": [8.1748, 0.56, 8.425],
			"rotation": {"angle": 0, "axis": "y", "origin": [7.425, 0.415, 8.975]},
			"faces": {
				"north": {"uv": [4, 5, 9, 13], "rotation": 90, "texture": "#3"},
				"east": {"uv": [4, 5, 9, 13], "rotation": 90, "texture": "#3"},
				"south": {"uv": [4, 5, 9, 13], "rotation": 90, "texture": "#3"},
				"west": {"uv": [4, 5, 9, 13], "rotation": 90, "texture": "#3"},
				"up": {"uv": [4, 5, 9, 13], "rotation": 90, "texture": "#3"},
				"down": {"uv": [4, 5, 9, 13], "rotation": 90, "texture": "#3"}
			}
		},
		{
			"from": [7.8599, -1.365, 7.75],
			"to": [8.1498, -0.74, 8.375],
			"rotation": {"angle": 45, "axis": "x", "origin": [7.425, -0.61, 8.9]},
			"faces": {
				"north": {"uv": [4, 5, 8, 12], "rotation": 90, "texture": "#3"},
				"east": {"uv": [4, 5, 8, 12], "rotation": 90, "texture": "#3"},
				"south": {"uv": [4, 5, 8, 12], "rotation": 90, "texture": "#3"},
				"west": {"uv": [4, 5, 8, 12], "rotation": 90, "texture": "#3"},
				"up": {"uv": [4, 5, 8, 12], "rotation": 90, "texture": "#3"},
				"down": {"uv": [4, 5, 8, 12], "rotation": 90, "texture": "#3"}
			}
		},
		{
			"from": [7.3849, 0.51, 6.325],
			"to": [8.5998, 1.385, 8.15],
			"rotation": {"angle": -45, "axis": "x", "origin": [7.625, 1.24, 7.925]},
			"faces": {
				"north": {"uv": [9, 5, 11, 9], "rotation": 90, "texture": "#3"},
				"east": {"uv": [9, 5, 11, 9], "rotation": 90, "texture": "#3"},
				"south": {"uv": [9, 5, 11, 9], "rotation": 90, "texture": "#3"},
				"west": {"uv": [9, 5, 11, 9], "rotation": 90, "texture": "#3"},
				"up": {"uv": [9, 5, 11, 9], "rotation": 90, "texture": "#3"},
				"down": {"uv": [9, 5, 11, 9], "rotation": 90, "texture": "#3"}
			}
		},
		{
			"from": [7.45, 6.72, 7.5002],
			"to": [7.825, 7.115, 8.4952],
			"rotation": {"angle": 45, "axis": "z", "origin": [7.7, 6.865, 8.025]},
			"faces": {
				"north": {"uv": [11, 4, 14, 12], "rotation": 180, "texture": "#5"},
				"east": {"uv": [11, 4, 14, 12], "rotation": 180, "texture": "#5"},
				"south": {"uv": [11, 4, 14, 12], "rotation": 180, "texture": "#5"},
				"west": {"uv": [11, 4, 14, 12], "rotation": 180, "texture": "#5"},
				"up": {"uv": [11, 4, 14, 12], "rotation": 180, "texture": "#5"},
				"down": {"uv": [11, 4, 14, 12], "rotation": 180, "texture": "#5"}
			}
		},
		{
			"from": [7.575, 10.765, 7.6002],
			"to": [7.995, 11.14, 8.3952],
			"rotation": {"angle": -22.5, "axis": "z", "origin": [7.85, 11.015, 8.025]},
			"faces": {
				"north": {"uv": [0, 13, 7, 16], "texture": "#5"},
				"east": {"uv": [0, 13, 7, 16], "texture": "#5"},
				"south": {"uv": [0, 13, 7, 16], "texture": "#5"},
				"west": {"uv": [0, 13, 7, 16], "texture": "#5"},
				"up": {"uv": [0, 13, 7, 16], "texture": "#5"},
				"down": {"uv": [0, 13, 7, 16], "texture": "#5"}
			}
		},
		{
			"from": [7.675, 13.74, 7.6752],
			"to": [8.095, 14.14, 8.3202],
			"rotation": {"angle": -22.5, "axis": "z", "origin": [7.95, 14.015, 8.025]},
			"faces": {
				"north": {"uv": [1, 13, 7, 16], "rotation": 180, "texture": "#5"},
				"east": {"uv": [1, 13, 7, 16], "rotation": 180, "texture": "#5"},
				"south": {"uv": [1, 13, 7, 16], "rotation": 180, "texture": "#5"},
				"west": {"uv": [1, 13, 7, 16], "rotation": 180, "texture": "#5"},
				"up": {"uv": [1, 13, 7, 16], "rotation": 180, "texture": "#5"},
				"down": {"uv": [1, 13, 7, 16], "rotation": 180, "texture": "#5"}
			}
		},
		{
			"from": [7.75, 15.74, 7.7502],
			"to": [8.17, 16.09, 8.2452],
			"rotation": {"angle": -22.5, "axis": "z", "origin": [8.025, 16.015, 8.025]},
			"faces": {
				"north": {"uv": [1, 13, 8, 16], "rotation": 180, "texture": "#5"},
				"east": {"uv": [1, 13, 8, 16], "rotation": 180, "texture": "#5"},
				"south": {"uv": [1, 13, 8, 16], "rotation": 180, "texture": "#5"},
				"west": {"uv": [1, 13, 8, 16], "rotation": 180, "texture": "#5"},
				"up": {"uv": [1, 13, 8, 16], "rotation": 180, "texture": "#5"},
				"down": {"uv": [1, 13, 8, 16], "rotation": 180, "texture": "#5"}
			}
		},
		{
			"from": [8.05, 10.745, 7.6002],
			"to": [8.425, 11.14, 8.3952],
			"rotation": {"angle": 22.5, "axis": "z", "origin": [8.3, 10.865, 8.025]},
			"faces": {
				"north": {"uv": [0, 14, 8, 16], "rotation": 180, "texture": "#5"},
				"east": {"uv": [0, 14, 8, 16], "rotation": 180, "texture": "#5"},
				"south": {"uv": [0, 14, 8, 16], "rotation": 180, "texture": "#5"},
				"west": {"uv": [0, 14, 8, 16], "rotation": 180, "texture": "#5"},
				"up": {"uv": [0, 14, 8, 16], "rotation": 180, "texture": "#5"},
				"down": {"uv": [0, 14, 8, 16], "rotation": 180, "texture": "#5"}
			}
		},
		{
			"from": [7.95, 13.795, 7.6752],
			"to": [8.325, 14.14, 8.3202],
			"rotation": {"angle": 22.5, "axis": "z", "origin": [8.2, 13.865, 8.025]},
			"faces": {
				"north": {"uv": [1, 14, 9, 16], "rotation": 180, "texture": "#5"},
				"east": {"uv": [1, 14, 9, 16], "rotation": 180, "texture": "#5"},
				"south": {"uv": [1, 14, 9, 16], "rotation": 180, "texture": "#5"},
				"west": {"uv": [1, 14, 9, 16], "rotation": 180, "texture": "#5"},
				"up": {"uv": [1, 14, 9, 16], "rotation": 180, "texture": "#5"},
				"down": {"uv": [1, 14, 9, 16], "rotation": 180, "texture": "#5"}
			}
		},
		{
			"from": [7.875, 15.795, 7.7502],
			"to": [8.25, 16.14, 8.2452],
			"rotation": {"angle": 22.5, "axis": "z", "origin": [8.125, 15.865, 8.025]},
			"faces": {
				"north": {"uv": [4, 9, 7, 14], "rotation": 180, "texture": "#5"},
				"east": {"uv": [4, 9, 7, 14], "rotation": 180, "texture": "#5"},
				"south": {"uv": [4, 9, 7, 14], "rotation": 180, "texture": "#5"},
				"west": {"uv": [4, 9, 7, 14], "rotation": 180, "texture": "#5"},
				"up": {"uv": [4, 9, 7, 14], "rotation": 180, "texture": "#5"},
				"down": {"uv": [4, 9, 7, 14], "rotation": 180, "texture": "#5"}
			}
		},
		{
			"from": [8.15, 6.745, 7.5002],
			"to": [8.525, 7.145, 8.4952],
			"rotation": {"angle": 45, "axis": "z", "origin": [8.4, 6.89, 8.025]},
			"faces": {
				"north": {"uv": [3, 11, 11, 13], "rotation": 180, "texture": "#5"},
				"east": {"uv": [3, 11, 11, 13], "rotation": 180, "texture": "#5"},
				"south": {"uv": [3, 11, 11, 13], "rotation": 180, "texture": "#5"},
				"west": {"uv": [3, 11, 11, 13], "rotation": 180, "texture": "#5"},
				"up": {"uv": [3, 11, 11, 13], "rotation": 180, "texture": "#5"},
				"down": {"uv": [3, 11, 11, 13], "rotation": 180, "texture": "#5"}
			}
		},
		{
			"from": [7.4798, 6.745, 8.175],
			"to": [8.4748, 7.145, 8.55],
			"rotation": {"angle": -45, "axis": "x", "origin": [7.95, 6.89, 8.425]},
			"faces": {
				"north": {"uv": [2, 0, 12, 10], "rotation": 180, "texture": "#5"},
				"east": {"uv": [2, 0, 12, 10], "rotation": 180, "texture": "#5"},
				"south": {"uv": [2, 0, 12, 10], "rotation": 180, "texture": "#5"},
				"west": {"uv": [2, 0, 12, 10], "rotation": 180, "texture": "#5"},
				"up": {"uv": [2, 0, 12, 10], "rotation": 180, "texture": "#5"},
				"down": {"uv": [2, 0, 12, 10], "rotation": 180, "texture": "#5"}
			}
		},
		{
			"from": [7.4798, 6.725, 7.488],
			"to": [8.4748, 7.125, 7.838],
			"rotation": {"angle": -45, "axis": "x", "origin": [7.95, 6.865, 7.725]},
			"faces": {
				"north": {"uv": [4, 9, 14, 14], "rotation": 180, "texture": "#5"},
				"east": {"uv": [4, 9, 14, 14], "rotation": 180, "texture": "#5"},
				"south": {"uv": [4, 9, 14, 14], "rotation": 180, "texture": "#5"},
				"west": {"uv": [4, 9, 14, 14], "rotation": 180, "texture": "#5"},
				"up": {"uv": [4, 9, 14, 14], "rotation": 180, "texture": "#5"},
				"down": {"uv": [4, 9, 14, 14], "rotation": 180, "texture": "#5"}
			}
		},
		{
			"from": [7.5798, 10.703, 7.54],
			"to": [8.3498, 10.978, 7.965],
			"rotation": {"angle": 22.5, "axis": "x", "origin": [7.95, 10.865, 7.825]},
			"faces": {
				"north": {"uv": [0, 13, 8, 15], "rotation": 180, "texture": "#5"},
				"east": {"uv": [0, 13, 8, 15], "rotation": 180, "texture": "#5"},
				"south": {"uv": [0, 13, 8, 15], "rotation": 180, "texture": "#5"},
				"west": {"uv": [0, 13, 8, 15], "rotation": 180, "texture": "#5"},
				"up": {"uv": [0, 13, 8, 15], "rotation": 180, "texture": "#5"},
				"down": {"uv": [0, 13, 8, 15], "rotation": 180, "texture": "#5"}
			}
		},
		{
			"from": [7.5798, 10.775, 8.088],
			"to": [8.3498, 11.15, 8.463],
			"rotation": {"angle": -22.5, "axis": "x", "origin": [7.95, 10.89, 8.325]},
			"faces": {
				"north": {"uv": [1, 14, 9, 16], "rotation": 180, "texture": "#5"},
				"east": {"uv": [1, 14, 9, 16], "rotation": 180, "texture": "#5"},
				"south": {"uv": [1, 14, 9, 16], "rotation": 180, "texture": "#5"},
				"west": {"uv": [1, 14, 9, 16], "rotation": 180, "texture": "#5"},
				"up": {"uv": [1, 14, 9, 16], "rotation": 180, "texture": "#5"},
				"down": {"uv": [1, 14, 9, 16], "rotation": 180, "texture": "#5"}
			}
		},
		{
			"from": [7.6548, 13.775, 7.988],
			"to": [8.2748, 14.15, 8.363],
			"rotation": {"angle": -22.5, "axis": "x", "origin": [7.95, 13.89, 8.225]},
			"faces": {
				"north": {"uv": [2, 14, 8, 16], "rotation": 180, "texture": "#5"},
				"east": {"uv": [2, 14, 8, 16], "rotation": 180, "texture": "#5"},
				"south": {"uv": [2, 14, 8, 16], "rotation": 180, "texture": "#5"},
				"west": {"uv": [2, 14, 8, 16], "rotation": 180, "texture": "#5"},
				"up": {"uv": [2, 14, 8, 16], "rotation": 180, "texture": "#5"},
				"down": {"uv": [2, 14, 8, 16], "rotation": 180, "texture": "#5"}
			}
		},
		{
			"from": [7.7298, 15.775, 7.913],
			"to": [8.1998, 16.15, 8.288],
			"rotation": {"angle": -22.5, "axis": "x", "origin": [7.95, 15.89, 8.15]},
			"faces": {
				"north": {"uv": [0, 11, 7, 16], "rotation": 180, "texture": "#5"},
				"east": {"uv": [0, 11, 7, 16], "rotation": 180, "texture": "#5"},
				"south": {"uv": [0, 11, 7, 16], "rotation": 180, "texture": "#5"},
				"west": {"uv": [0, 11, 7, 16], "rotation": 180, "texture": "#5"},
				"up": {"uv": [0, 11, 7, 16], "rotation": 180, "texture": "#5"},
				"down": {"uv": [0, 11, 7, 16], "rotation": 180, "texture": "#5"}
			}
		},
		{
			"from": [7.6548, 13.753, 7.69],
			"to": [8.2748, 14.128, 8.065],
			"rotation": {"angle": 22.5, "axis": "x", "origin": [7.95, 13.99, 7.95]},
			"faces": {
				"north": {"uv": [1, 13, 9, 15], "rotation": 180, "texture": "#5"},
				"east": {"uv": [1, 13, 9, 15], "rotation": 180, "texture": "#5"},
				"south": {"uv": [1, 13, 9, 15], "rotation": 180, "texture": "#5"},
				"west": {"uv": [1, 13, 9, 15], "rotation": 180, "texture": "#5"},
				"up": {"uv": [1, 13, 9, 15], "rotation": 180, "texture": "#5"},
				"down": {"uv": [1, 13, 9, 15], "rotation": 180, "texture": "#5"}
			}
		},
		{
			"from": [7.7298, 15.753, 7.765],
			"to": [8.1998, 16.128, 8.14],
			"rotation": {"angle": 22.5, "axis": "x", "origin": [7.95, 15.99, 8.025]},
			"faces": {
				"north": {"uv": [2, 13, 10, 16], "rotation": 180, "texture": "#5"},
				"east": {"uv": [2, 13, 10, 16], "rotation": 180, "texture": "#5"},
				"south": {"uv": [2, 13, 10, 16], "rotation": 180, "texture": "#5"},
				"west": {"uv": [2, 13, 10, 16], "rotation": 180, "texture": "#5"},
				"up": {"uv": [2, 13, 10, 16], "rotation": 180, "texture": "#5"},
				"down": {"uv": [2, 13, 10, 16], "rotation": 180, "texture": "#5"}
			}
		},
		{
			"from": [7.325, 0.875, 7.35],
			"to": [8.625, 6.1, 8.65],
			"rotation": {"angle": 0, "axis": "y", "origin": [15.225, 9, 15.75]},
			"faces": {
				"north": {"uv": [7, 0, 13, 13], "texture": "#3"},
				"east": {"uv": [7, 0, 13, 13], "texture": "#3"},
				"south": {"uv": [7, 0, 13, 13], "texture": "#3"},
				"west": {"uv": [7, 0, 13, 13], "texture": "#3"},
				"up": {"uv": [7, 0, 13, 13], "texture": "#3"},
				"down": {"uv": [7, 0, 13, 13], "texture": "#3"}
			}
		},
		{
			"from": [7.35, 5.6, 7.375],
			"to": [8.6, 7.875, 8.625],
			"rotation": {"angle": 0, "axis": "y", "origin": [15.225, 11, 15.75]},
			"faces": {
				"north": {"uv": [1, 2, 5, 10], "texture": "#5"},
				"east": {"uv": [1, 4, 5, 12], "texture": "#5"},
				"south": {"uv": [1, 2, 5, 10], "texture": "#5"},
				"west": {"uv": [1, 2, 5, 10], "texture": "#5"},
				"up": {"uv": [1, 2, 5, 10], "texture": "#5"},
				"down": {"uv": [1, 2, 5, 10], "texture": "#5"}
			}
		},
		{
			"from": [7.475, 7, 7.5],
			"to": [8.475, 10.875, 8.5],
			"rotation": {"angle": 0, "axis": "y", "origin": [15.225, 13, 15.75]},
			"faces": {
				"north": {"uv": [1, 3, 5, 15], "texture": "#5"},
				"east": {"uv": [1, 3, 5, 15], "texture": "#5"},
				"south": {"uv": [1, 3, 5, 15], "texture": "#5"},
				"west": {"uv": [1, 3, 5, 15], "texture": "#5"},
				"up": {"uv": [1, 3, 5, 15], "texture": "#5"},
				"down": {"uv": [1, 3, 5, 15], "texture": "#5"}
			}
		},
		{
			"from": [7.575, 10, 7.6],
			"to": [8.35, 13.875, 8.4],
			"rotation": {"angle": 0, "axis": "y", "origin": [15.225, 18, 15.75]},
			"faces": {
				"north": {"uv": [1, 4, 3, 13], "rotation": 180, "texture": "#5"},
				"east": {"uv": [1, 4, 3, 13], "rotation": 180, "texture": "#5"},
				"south": {"uv": [1, 4, 3, 13], "rotation": 180, "texture": "#5"},
				"west": {"uv": [1, 4, 3, 13], "rotation": 180, "texture": "#5"},
				"up": {"uv": [1, 4, 3, 13], "rotation": 180, "texture": "#5"},
				"down": {"uv": [1, 4, 3, 13], "rotation": 180, "texture": "#5"}
			}
		},
		{
			"from": [7.65, 12, 7.675],
			"to": [8.275, 15.875, 8.325],
			"rotation": {"angle": 0, "axis": "y", "origin": [15.225, 20, 15.75]},
			"faces": {
				"north": {"uv": [1, 6, 5, 15], "texture": "#5"},
				"east": {"uv": [1, 6, 5, 15], "texture": "#5"},
				"south": {"uv": [1, 6, 5, 15], "texture": "#5"},
				"west": {"uv": [1, 6, 5, 15], "texture": "#5"},
				"up": {"uv": [1, 6, 5, 15], "texture": "#5"},
				"down": {"uv": [1, 6, 5, 15], "texture": "#5"}
			}
		},
		{
			"from": [7.725, 14.8, 7.75],
			"to": [8.2, 18.175, 8.25],
			"rotation": {"angle": 0, "axis": "y", "origin": [15.225, 22.8, 15.75]},
			"faces": {
				"north": {"uv": [2, 11, 6, 15], "texture": "#5"},
				"east": {"uv": [2, 11, 6, 15], "texture": "#5"},
				"south": {"uv": [2, 11, 6, 15], "texture": "#5"},
				"west": {"uv": [2, 11, 6, 15], "texture": "#5"},
				"up": {"uv": [2, 11, 6, 15], "texture": "#5"},
				"down": {"uv": [2, 11, 6, 15], "texture": "#5"}
			}
		},
		{
			"from": [7.35, -0.075, 8.5],
			"to": [8.6, 0.275, 9.825],
			"rotation": {"angle": -45, "axis": "x", "origin": [7.975, 0, 9]},
			"faces": {
				"north": {"uv": [9, 8, 14, 15], "texture": "#3"},
				"east": {"uv": [9, 8, 14, 15], "texture": "#3"},
				"south": {"uv": [9, 8, 14, 15], "texture": "#3"},
				"west": {"uv": [9, 8, 14, 15], "texture": "#3"},
				"up": {"uv": [9, 8, 14, 15], "texture": "#3"},
				"down": {"uv": [9, 8, 14, 15], "texture": "#3"}
			}
		},
		{
			"from": [7.375, -0.35, 6.875],
			"to": [8.6, 0.975, 7.225],
			"rotation": {"angle": -45, "axis": "x", "origin": [8, 0.15, 7.15]},
			"faces": {
				"north": {"uv": [6, 2, 9, 8], "texture": "#3"},
				"east": {"uv": [6, 2, 9, 8], "texture": "#3"},
				"south": {"uv": [6, 2, 9, 8], "texture": "#3"},
				"west": {"uv": [6, 2, 9, 8], "texture": "#3"},
				"up": {"uv": [6, 2, 9, 8], "texture": "#3"},
				"down": {"uv": [6, 2, 9, 8], "texture": "#3"}
			}
		},
		{
			"from": [8.1722, 3.96176, 7.4],
			"to": [9.1722, 5.98676, 8.6],
			"rotation": {"angle": -22.5, "axis": "z", "origin": [8.725, 5.475, 8.15]},
			"faces": {
				"north": {"uv": [4, 5, 8, 13], "rotation": 270, "texture": "#3"},
				"east": {"uv": [4, 5, 8, 13], "rotation": 270, "texture": "#3"},
				"south": {"uv": [4, 5, 8, 13], "rotation": 270, "texture": "#3"},
				"west": {"uv": [4, 5, 8, 13], "rotation": 270, "texture": "#3"},
				"up": {"uv": [4, 5, 8, 13], "rotation": 270, "texture": "#3"},
				"down": {"uv": [4, 5, 8, 13], "rotation": 270, "texture": "#3"}
			}
		},
		{
			"from": [6.78208, 4.08627, 7.4],
			"to": [7.60708, 6.03627, 8.6],
			"rotation": {"angle": 22.5, "axis": "z", "origin": [7.3, 5.475, 8.15]},
			"faces": {
				"north": {"uv": [4, 5, 8, 13], "rotation": 90, "texture": "#3"},
				"east": {"uv": [4, 5, 8, 13], "rotation": 90, "texture": "#3"},
				"south": {"uv": [4, 5, 8, 13], "rotation": 90, "texture": "#3"},
				"west": {"uv": [4, 5, 8, 13], "rotation": 90, "texture": "#3"},
				"up": {"uv": [4, 5, 8, 13], "rotation": 90, "texture": "#3"},
				"down": {"uv": [4, 5, 8, 13], "rotation": 90, "texture": "#3"}
			}
		},
		{
			"from": [7.375, 4.04854, 6.87274],
			"to": [8.575, 5.99854, 7.74774],
			"rotation": {"angle": -22.5, "axis": "x", "origin": [7.8, 5.375, 7.3]},
			"faces": {
				"north": {"uv": [4, 5, 8, 13], "rotation": 180, "texture": "#3"},
				"east": {"uv": [4, 5, 7, 9], "rotation": 180, "texture": "#3"},
				"south": {"uv": [4, 5, 7, 9], "rotation": 180, "texture": "#3"},
				"west": {"uv": [4, 5, 7, 9], "rotation": 180, "texture": "#3"},
				"up": {"uv": [4, 5, 7, 9], "rotation": 180, "texture": "#3"},
				"down": {"uv": [4, 5, 7, 9], "rotation": 180, "texture": "#3"}
			}
		},
		{
			"from": [7.375, 3.5623, 7.57549],
			"to": [8.575, 5.5373, 8.55049],
			"rotation": {"angle": 22.5, "axis": "x", "origin": [8.1, 3.6, 9.6]},
			"faces": {
				"north": {"uv": [4, 5, 8, 13], "texture": "#3"},
				"east": {"uv": [4, 5, 8, 13], "texture": "#3"},
				"south": {"uv": [4, 5, 8, 13], "texture": "#3"},
				"west": {"uv": [4, 5, 8, 13], "texture": "#3"},
				"up": {"uv": [4, 5, 8, 13], "texture": "#3"},
				"down": {"uv": [4, 5, 8, 13], "texture": "#3"}
			}
		},
		{
			"from": [7.4, 0, 9.175],
			"to": [8.575, 0.25, 9.375],
			"rotation": {"angle": 22.5, "axis": "x", "origin": [8.6, 0.425, 10.675]},
			"faces": {
				"north": {"uv": [7, 1, 10, 7], "texture": "#3"},
				"east": {"uv": [7, 1, 10, 7], "texture": "#3"},
				"south": {"uv": [7, 1, 10, 7], "texture": "#3"},
				"west": {"uv": [7, 1, 10, 7], "texture": "#3"},
				"up": {"uv": [7, 1, 10, 7], "texture": "#3"},
				"down": {"uv": [7, 1, 10, 7], "texture": "#3"}
			}
		},
		{
			"from": [7.4, 0.4, 6.125],
			"to": [8.5999, 0.6, 6.375],
			"rotation": {"angle": -22.5, "axis": "x", "origin": [8.6, 1.9, 5.95]},
			"faces": {
				"north": {"uv": [7, 1, 10, 7], "texture": "#3"},
				"east": {"uv": [7, 1, 10, 7], "texture": "#3"},
				"south": {"uv": [7, 1, 10, 7], "texture": "#3"},
				"west": {"uv": [7, 1, 10, 7], "texture": "#3"},
				"up": {"uv": [7, 1, 10, 7], "texture": "#3"},
				"down": {"uv": [7, 1, 10, 7], "texture": "#3"}
			}
		}
	],
	"display": {
		"thirdperson_righthand": {
			"translation": [0, 2.25, 1.5],
			"scale": [0.7, 0.8, 0.7]
		},
		"thirdperson_lefthand": {
			"translation": [0, -2.25, 1.75],
			"scale": [0, 0, 0]
		},
		"firstperson_righthand": {
			"rotation": [-27, -59, 5],
			"translation": [1.25, 2, 0]
		},
		"firstperson_lefthand": {
			"rotation": [-22, -59, 5],
			"translation": [46.25, 0, 0]
		},
		"ground": {
			"rotation": [-90, 90, 0],
			"translation": [0, -2, 0],
			"scale": [0.7, 0.8, 0.7]
		},
		"gui": {
			"rotation": [27, 163, -45],
			"scale": [0.9, 1, 0.9]
		},
		"head": {
			"rotation": [-160, -156, 0],
			"translation": [0, -37.25, 0]
		},
		"fixed": {
			"rotation": [0, 90, 0],
			"translation": [0, 0, -1],
			"scale": [1.2, 1.3, 1.2]
		}
	}
}