{
	"credit": "Made with Blockbench",
	"textures": {
		"1": "item/wand/pigstaff",
		"2": "block/birch_log",
		"particle": "block/birch_log"
	},
	"elements": [
		{
			"from": [7, -3.5, 7],
			"to": [9, 12.5, 9],
			"rotation": {"angle": 0, "axis": "y", "origin": [15, 7.5, 15]},
			"faces": {
				"north": {"uv": [0, 0, 2, 16], "texture": "#2"},
				"east": {"uv": [10, 0, 12, 16], "texture": "#2"},
				"south": {"uv": [8, 0, 10, 16], "texture": "#2"},
				"west": {"uv": [2, 0, 4, 16], "texture": "#2"},
				"up": {"uv": [6, 0, 8, 2], "texture": "#2"},
				"down": {"uv": [4, 0, 6, 2], "texture": "#2"}
			}
		},
		{
			"from": [7, 12.5, 7],
			"to": [9, 28.5, 9],
			"rotation": {"angle": 0, "axis": "y", "origin": [8, 8, 8]},
			"faces": {
				"north": {"uv": [10, 0, 12, 16], "texture": "#2"},
				"east": {"uv": [8, 0, 10, 16], "texture": "#2"},
				"south": {"uv": [2, 0, 4, 16], "texture": "#2"},
				"west": {"uv": [0, 0, 2, 16], "texture": "#2"},
				"up": {"uv": [6, 0, 8, 2], "rotation": 270, "texture": "#2"},
				"down": {"uv": [4, 0, 6, 2], "rotation": 90, "texture": "#2"}
			}
		},
		{
			"from": [6, 27.5, 6],
			"to": [10, 31.5, 10],
			"rotation": {"angle": 0, "axis": "y", "origin": [15, 7.5, 15]},
			"faces": {
				"north": {"uv": [1.95, 2, 4.05, 4], "texture": "#1"},
				"east": {"uv": [1.95, 2, 4.05, 4], "texture": "#1"},
				"south": {"uv": [1.95, 2, 4.05, 4], "texture": "#1"},
				"west": {"uv": [1.95, 2, 4.05, 4], "texture": "#1"},
				"up": {"uv": [2, 0, 4, 2], "texture": "#1"},
				"down": {"uv": [2, 0, 4, 2], "texture": "#1"}
			}
		},
		{
			"from": [6.75, -3.75, 6.75],
			"to": [9.25, -1.5, 9.25],
			"rotation": {"angle": 0, "axis": "y", "origin": [15, 7.5, 15]},
			"faces": {
				"north": {"uv": [2, 3, 3, 4], "texture": "#1"},
				"east": {"uv": [2, 3, 3, 4], "texture": "#1"},
				"south": {"uv": [2, 3, 3, 4], "texture": "#1"},
				"west": {"uv": [2, 3, 3, 4], "texture": "#1"},
				"up": {"uv": [2, 3, 3, 4], "texture": "#1"},
				"down": {"uv": [2, 3, 3, 4], "texture": "#1"}
			}
		},
		{
			"from": [6.75, 12.25, 6.75],
			"to": [9.25, 14.5, 9.25],
			"rotation": {"angle": 0, "axis": "y", "origin": [15, 7.5, 15]},
			"faces": {
				"north": {"uv": [2, 3, 3, 4], "texture": "#1"},
				"east": {"uv": [2, 3, 3, 4], "texture": "#1"},
				"south": {"uv": [2, 3, 3, 4], "texture": "#1"},
				"west": {"uv": [2, 3, 3, 4], "texture": "#1"},
				"up": {"uv": [2, 3, 3, 4], "texture": "#1"},
				"down": {"uv": [2, 3, 3, 4], "texture": "#1"}
			}
		},
		{
			"from": [5.5, 28, 7],
			"to": [6, 29.5, 9],
			"rotation": {"angle": 0, "axis": "y", "origin": [8, 13.75, 8]},
			"faces": {
				"north": {"uv": [4, 4.25, 4.25, 5], "texture": "#1"},
				"south": {"uv": [5.25, 4.25, 5.5, 5], "texture": "#1"},
				"west": {"uv": [4.25, 4.25, 5.25, 5], "texture": "#1"},
				"up": {"uv": [4.5, 4, 5.25, 4.25], "texture": "#1"},
				"down": {"uv": [4.5, 4, 5.25, 4.25], "texture": "#1"}
			}
		},
		{
			"from": [10, 28, 7],
			"to": [10.5, 29.5, 9],
			"rotation": {"angle": 0, "axis": "y", "origin": [8, 13.75, 8]},
			"faces": {
				"north": {"uv": [5.25, 4.25, 5.5, 5], "texture": "#1"},
				"east": {"uv": [4.25, 4.25, 5.25, 5], "texture": "#1"},
				"south": {"uv": [4, 4.25, 4.25, 5], "texture": "#1"},
				"up": {"uv": [4.5, 4, 5.25, 4.25], "rotation": 180, "texture": "#1"},
				"down": {"uv": [4.5, 4, 5.25, 4.25], "rotation": 180, "texture": "#1"}
			}
		},
		{
			"from": [7, 28, 10],
			"to": [9, 29.5, 10.5],
			"rotation": {"angle": 0, "axis": "y", "origin": [8, 13.75, 8]},
			"faces": {
				"east": {"uv": [5.25, 4.25, 5.5, 5], "texture": "#1"},
				"south": {"uv": [4.25, 4.25, 5.25, 5], "texture": "#1"},
				"west": {"uv": [4, 4.25, 4.25, 5], "texture": "#1"},
				"up": {"uv": [4.5, 4, 5.25, 4.25], "rotation": 270, "texture": "#1"},
				"down": {"uv": [4.5, 4, 5.25, 4.25], "rotation": 90, "texture": "#1"}
			}
		},
		{
			"from": [7, 28, 5.5],
			"to": [9, 29.5, 6],
			"rotation": {"angle": 0, "axis": "y", "origin": [8, 13.75, 8]},
			"faces": {
				"north": {"uv": [4.25, 4.25, 5.25, 5], "texture": "#1"},
				"east": {"uv": [4, 4.25, 4.25, 5], "texture": "#1"},
				"west": {"uv": [5.25, 4.25, 5.5, 5], "texture": "#1"},
				"up": {"uv": [4.5, 4, 5.25, 4.25], "rotation": 90, "texture": "#1"},
				"down": {"uv": [4.5, 4, 5.25, 4.25], "rotation": 270, "texture": "#1"}
			}
		}
	],
	"display": {
		"thirdperson_righthand": {
			"translation": [0, -8.75, 1.5]
		},
		"thirdperson_lefthand": {
			"translation": [0, -8.75, 1.25]
		},
		"firstperson_righthand": {
			"rotation": [-15, 0, 0],
			"translation": [0.75, -5.5, 0.5]
		},
		"firstperson_lefthand": {
			"translation": [0, -10.5, 0]
		},
		"ground": {
			"rotation": [90, 0, 0],
			"translation": [0, -3.25, -10.25]
		},
		"gui": {
			"rotation": [0, -45, -45],
			"translation": [-2.75, -3.25, 0],
			"scale": [0.7, 0.7, 0.7]
		},
		"fixed": {
			"rotation": [0, 0, 45],
			"translation": [3.75, -4.5, -2.75],
			"scale": [1, 1, 0.22]
		}
	}
}