{
	"credit": "Made with Blockbench",
	"textures": {
		"0": "Desktop/aa0ab6dc9b15a180",
		"1": "Desktop/beaver_hand",
		"particle": "Desktop/aa0ab6dc9b15a180"
	},
	"elements": [
		{
			"name": "head",
			"from": [7.25, 13, 5],
			"to": [13.25, 19, 11],
			"rotation": {"angle": -22.5, "axis": "z", "origin": [8, 12, 8]},
			"faces": {
				"north": {"uv": [2, 2, 4, 4], "texture": "#0"},
				"east": {"uv": [0, 2, 2, 4], "texture": "#0"},
				"south": {"uv": [6, 2, 8, 4], "texture": "#0"},
				"west": {"uv": [4, 2, 6, 4], "texture": "#0"},
				"up": {"uv": [2, 0, 4, 2], "texture": "#0"},
				"down": {"uv": [4, 0, 6, 2], "texture": "#0"}
			}
		},
		{
			"name": "body",
			"from": [6, 6, 7],
			"to": [10, 12, 9],
			"rotation": {"angle": -22.5, "axis": "z", "origin": [9, 6, 8]},
			"faces": {
				"north": {"uv": [5, 5, 7, 8], "texture": "#0"},
				"east": {"uv": [4, 5, 5, 8], "texture": "#0"},
				"south": {"uv": [8, 5, 10, 8], "texture": "#0"},
				"west": {"uv": [7, 5, 8, 8], "texture": "#0"},
				"up": {"uv": [7, 4, 9, 5], "texture": "#0"},
				"down": {"uv": [5, 4, 7, 5], "texture": "#0"}
			}
		},
		{
			"name": "arm_r",
			"from": [12, 5, 7],
			"to": [14, 11, 9],
			"rotation": {"angle": 0, "axis": "z", "origin": [10, 11, 8]},
			"faces": {
				"north": {"uv": [1, 5, 2, 8], "texture": "#0"},
				"east": {"uv": [0, 5, 1, 8], "texture": "#0"},
				"south": {"uv": [3, 5, 4, 8], "texture": "#0"},
				"west": {"uv": [2, 5, 3, 8], "texture": "#0"},
				"up": {"uv": [1, 4, 2, 5], "texture": "#0"},
				"down": {"uv": [12, 4, 13, 5], "texture": "#0"}
			}
		},
		{
			"name": "arm_l",
			"from": [1, 12, 7],
			"to": [7, 14, 9],
			"rotation": {"angle": -45, "axis": "z", "origin": [6, 11, 8]},
			"faces": {
				"north": {"uv": [2, 10, 4, 16], "rotation": 270, "texture": "#1"},
				"east": {"uv": [2, 8, 4, 10], "rotation": 270, "texture": "#1"},
				"south": {"uv": [6, 10, 8, 16], "rotation": 270, "texture": "#1"},
				"west": {"uv": [4, 8, 6, 10], "rotation": 270, "texture": "#1"},
				"up": {"uv": [4, 10, 6, 16], "rotation": 270, "texture": "#1"},
				"down": {"uv": [0, 10, 2, 16], "rotation": 270, "texture": "#1"}
			}
		},
		{
			"name": "arm_l",
			"from": [1, 12, 7],
			"to": [7, 14, 9],
			"rotation": {"angle": -45, "axis": "z", "origin": [6, 11, 8]},
			"faces": {
				"north": {"uv": [10, 2, 12, 8], "rotation": 270, "texture": "#1"},
				"east": {"uv": [10, 0, 12, 2], "rotation": 270, "texture": "#1"},
				"south": {"uv": [14, 2, 16, 8], "rotation": 270, "texture": "#1"},
				"west": {"uv": [12, 0, 14, 2], "rotation": 270, "texture": "#1"},
				"up": {"uv": [12, 2, 14, 8], "rotation": 270, "texture": "#1"},
				"down": {"uv": [8, 2, 10, 8], "rotation": 270, "texture": "#1"}
			}
		},
		{
			"name": "arm_l",
			"from": [7, 11, 7],
			"to": [9, 17, 9],
			"rotation": {"angle": 22.5, "axis": "z", "origin": [6, 11, 8]},
			"faces": {
				"north": {"uv": [2, 2, 4, 8], "rotation": 180, "texture": "#1"},
				"east": {"uv": [4, 2, 6, 8], "rotation": 180, "texture": "#1"},
				"south": {"uv": [6, 2, 8, 8], "rotation": 180, "texture": "#1"},
				"west": {"uv": [0, 2, 2, 8], "rotation": 180, "texture": "#1"},
				"up": {"uv": [4, 0, 6, 2], "rotation": 180, "texture": "#1"},
				"down": {"uv": [2, 0, 4, 2], "rotation": 180, "texture": "#1"}
			}
		},
		{
			"name": "arm_l",
			"from": [1.75, 12, 7],
			"to": [7.75, 14, 9],
			"rotation": {"angle": -22.5, "axis": "z", "origin": [6, 11, 8]},
			"faces": {
				"north": {"uv": [10, 10, 12, 16], "rotation": 270, "texture": "#1"},
				"east": {"uv": [10, 8, 12, 10], "rotation": 270, "texture": "#1"},
				"south": {"uv": [14, 10, 16, 16], "rotation": 270, "texture": "#1"},
				"west": {"uv": [12, 8, 14, 10], "rotation": 270, "texture": "#1"},
				"up": {"uv": [8, 10, 10, 16], "rotation": 270, "texture": "#1"},
				"down": {"uv": [12, 10, 14, 16], "rotation": 270, "texture": "#1"}
			}
		},
		{
			"name": "leg_r",
			"from": [8, 0, 7],
			"to": [10, 6, 9],
			"rotation": {"angle": 0, "axis": "z", "origin": [9, 6, 8]},
			"faces": {
				"north": {"uv": [1, 5, 2, 8], "texture": "#0"},
				"east": {"uv": [0, 5, 1, 8], "texture": "#0"},
				"south": {"uv": [3, 5, 4, 8], "texture": "#0"},
				"west": {"uv": [2, 5, 3, 8], "texture": "#0"},
				"up": {"uv": [1, 4, 2, 5], "texture": "#0"},
				"down": {"uv": [12, 4, 13, 5], "texture": "#0"}
			}
		},
		{
			"name": "leg_l",
			"from": [6, 0.75, 7],
			"to": [8, 6.75, 9],
			"rotation": {"angle": -22.5, "axis": "z", "origin": [7, 6, 8]},
			"faces": {
				"north": {"uv": [10.75, 5, 11.75, 8], "texture": "#0"},
				"east": {"uv": [0, 5, 1, 8], "texture": "#0"},
				"south": {"uv": [3, 5, 4, 8], "texture": "#0"},
				"west": {"uv": [2, 5, 3, 8], "texture": "#0"},
				"up": {"uv": [1, 4, 2, 5], "texture": "#0"},
				"down": {"uv": [2, 4, 3, 5], "texture": "#0"}
			}
		}
	]
}