{
	"providers": [
		{
            "type": "bitmap",
            "file": "font/space_split.png",
            "ascent": -32768,
            "height": -3,
            "chars": [
                "\uF801"
            ]
        },
		{
            "type": "bitmap",
            "file": "font/space_split.png",
            "ascent": -32768,
            "height": -190,
            "chars": [
                "\uF802"
            ]
        },
		{
            "type": "bitmap",
            "file": "font/space_split.png",
            "ascent": -32768,
            "height": -100,
            "chars": [
                "\uF803"
            ]
        },
		{
            "type": "bitmap",
            "file": "font/space_split.png",
            "ascent": -32768,
            "height": -80,
            "chars": [
                "\uF804"
            ]
        },
		{
            "type": "bitmap",
            "file": "font/player.png",
            "ascent": 0,
            "height": 70,
            "chars": [
                "\uF601"
            ]
        },
		{
            "type": "bitmap",
            "file": "font/player_1_.png",
            "ascent": 0,
            "height": 70,
            "chars": [
                "\uF602"
            ]
        },
		{
            "type": "bitmap",
            "file": "font/player_2_.png",
            "ascent": 0,
            "height": 70,
            "chars": [
                "\uF603"
            ]
        },
		{
            "type": "bitmap",
            "file": "font/player_3_.png",
            "ascent": 0,
            "height": 70,
            "chars": [
                "\uF604"
            ]
        },
		{
            "type": "bitmap",
            "file": "font/player_4_.png",
            "ascent": 0,
            "height": 70,
            "chars": [
                "\uF605"
            ]
        },
		{
            "type": "bitmap",
            "file": "font/player_5_.png",
            "ascent": 0,
            "height": 70,
            "chars": [
                "\uF606"
            ]
        },
		{
            "type": "bitmap",
            "file": "font/player_6_.png",
            "ascent": 0,
            "height": 70,
            "chars": [
                "\uF607"
            ]
        },
		{
            "type": "bitmap",
            "file": "font/player_7_.png",
            "ascent": 0,
            "height": 70,
            "chars": [
                "\uF608"
            ]
        },
		{
            "type": "bitmap",
            "file": "font/order.png",
            "ascent": 62,
            "height": 70,
            "chars": [
                "\uF609"
            ]
        },
		{
            "type": "bitmap",
            "file": "font/death_note/fire_0.png",
            "ascent": 0,
            "height": 20,
            "chars": [
                "\uF610"
            ]
        },
		{
            "type": "bitmap",
            "file": "font/death_note/fire_1.png",
            "ascent": 0,
            "height": 20,
            "chars": [
                "\uF611"
            ]
        },
		{
            "type": "bitmap",
            "file": "font/death_note/fire_2.png",
            "ascent": 0,
            "height": 20,
            "chars": [
                "\uF612"
            ]
        },
		{
            "type": "bitmap",
            "file": "font/death_note/fire_3.png",
            "ascent": 0,
            "height": 20,
            "chars": [
                "\uF613"
            ]
        },
		{
            "type": "bitmap",
            "file": "font/death_note/fire_4.png",
            "ascent": 0,
            "height": 20,
            "chars": [
                "\uF614"
            ]
        },
		{
            "type": "bitmap",
            "file": "font/death_note/fire_5.png",
            "ascent": 0,
            "height": 20,
            "chars": [
                "\uF615"
            ]
        },
		{
            "type": "bitmap",
            "file": "font/dialogue.png",
            "ascent": 20,
            "height": 180,
            "chars": [
                "\uF701"
            ]
        },
		{
            "type": "bitmap",
            "file": "font/dialogue_top.png",
            "ascent": 20,
            "height": 180,
            "chars": [
                "\uF702"
            ]
        },
		{
            "type": "bitmap",
            "file": "font/raiker_head.png",
            "ascent": 15,
            "height": 40,
            "chars": [
                "\uF703"
            ]
        },
		{
            "type": "bitmap",
            "file": "font/raiker2_head.png",
            "ascent": 15,
            "height": 40,
            "chars": [
                "\uF704"
            ]
        },
		{
            "type": "bitmap",
            "file": "font/beaver_head.png",
            "ascent": 15,
            "height": 40,
            "chars": [
                "\uF705"
            ]
        },
		{
            "type": "bitmap",
            "file": "font/beaver2_head.png",
            "ascent": 15,
            "height": 40,
            "chars": [
                "\uF706"
            ]
        },
		{
            "type": "bitmap",
            "file": "font/mish_head.png",
            "ascent": 15,
            "height": 40,
            "chars": [
                "\uF707"
            ]
        },
		{
            "type": "bitmap",
            "file": "font/ksenia_head.png",
            "ascent": 15,
            "height": 40,
            "chars": [
                "\uF708"
            ]
        },
		{
            "type": "bitmap",
            "file": "font/desmond_head.png",
            "ascent": 15,
            "height": 40,
            "chars": [
                "\uF709"
            ]
        },
		{
            "type": "bitmap",
            "file": "font/general_head.png",
            "ascent": 15,
            "height": 40,
            "chars": [
                "\uF70A"
            ]
        },
		{
            "type": "bitmap",
            "file": "font/butter_head.png",
            "ascent": 15,
            "height": 40,
            "chars": [
                "\uF70B"
            ]
        },
		{
			"type": "bitmap",
			"file": "minecraft:font/sgm_1.png",
			"ascent": 0,
			"height": 40,
			"chars": ["\uEFFF"]
		},
		{
			"type": "bitmap",
			"file": "minecraft:font/sgm_2.png",
			"ascent": 0,
			"height": 40,
			"chars": ["\uEFFA"]
		},
		{
			"type": "bitmap",
			"file": "minecraft:font/sgm_1.png",
			"ascent": 30,
			"height": 30,
			"chars": ["\uEB08"]
		},
		{
			"type": "bitmap",
			"file": "minecraft:font/sgm_2.png",
			"ascent": 30,
			"height": 30,
			"chars": ["\uEB09"]
		},
		{
			"type": "bitmap",
			"file": "minecraft:font/heaven_wars_1.png",
			"ascent": 17,
			"height": 60,
			"chars": ["\uEB0A"]
		},
		{
			"type": "bitmap",
			"file": "minecraft:font/heaven_wars_2.png",
			"ascent": 17,
			"height": 60,
			"chars": ["\uEB0B"]
		},
		{
			"type": "bitmap",
			"file": "minecraft:font/meat_grinder_1.png",
			"ascent": 55,
			"height": 60,
			"chars": ["\uEB0C"]
		},
		{
			"type": "bitmap",
			"file": "minecraft:font/meat_grinder_2.png",
			"ascent": 55,
			"height": 60,
			"chars": ["\uEB0D"]
		},
		{
			"type": "bitmap",
			"file": "minecraft:font/micro_battles_1.png",
			"ascent": 50,
			"height": 60,
			"chars": ["\uEB0E"]
		},
		{
			"type": "bitmap",
			"file": "minecraft:font/micro_battles_2.png",
			"ascent": 50,
			"height": 60,
			"chars": ["\uEB0F"]
		},
		{
			"type": "bitmap",
			"file": "minecraft:font/fishing_1.png",
			"ascent": 50,
			"height": 60,
			"chars": ["\uEC00"]
		},
		{
			"type": "bitmap",
			"file": "minecraft:font/fishing_2.png",
			"ascent": 50,
			"height": 60,
			"chars": ["\uEC01"]
		},
		{
			"type": "bitmap",
			"file": "minecraft:font/freezetag_1.png",
			"ascent": 40,
			"height": 60,
			"chars": ["\uEC02"]
		},
		{
			"type": "bitmap",
			"file": "minecraft:font/freezetag_2.png",
			"ascent": 40,
			"height": 60,
			"chars": ["\uEC03"]
		},
		{
			"type": "bitmap",
			"file": "minecraft:font/foodmadness_1.png",
			"ascent": 55,
			"height": 60,
			"chars": ["\uEC04"]
		},
		{
			"type": "bitmap",
			"file": "minecraft:font/foodmadness_2.png",
			"ascent": 55,
			"height": 60,
			"chars": ["\uEC05"]
		},
		{
			"type": "bitmap",
			"file": "minecraft:font/easyrpg_1.png",
			"ascent": 55,
			"height": 60,
			"chars": ["\uEC06"]
		},
		{
			"type": "bitmap",
			"file": "minecraft:font/easyrpg_2.png",
			"ascent": 55,
			"height": 60,
			"chars": ["\uEC07"]
		},
		{
			"type": "bitmap",
			"file": "minecraft:font/spleef_1.png",
			"ascent": 40,
			"height": 60,
			"chars": ["\uEC06"]
		},
		{
			"type": "bitmap",
			"file": "minecraft:font/spleef_2.png",
			"ascent": 40,
			"height": 60,
			"chars": ["\uEC07"]
		},
		{
			"type": "bitmap",
			"file": "minecraft:font/hideandseek_1.png",
			"ascent": 40,
			"height": 60,
			"chars": ["\uEC08"]
		},
		{
			"type": "bitmap",
			"file": "minecraft:font/hideandseek_2.png",
			"ascent": 40,
			"height": 60,
			"chars": ["\uEC09"]
		},
		{
			"type": "bitmap",
			"file": "minecraft:font/player_icon.png",
			"ascent": 8,
			"height": 8,
			"chars": ["\uEB10"]
		},
		{
			"type": "bitmap",
			"file": "minecraft:font/player_plus_icon.png",
			"ascent": 8,
			"height": 8,
			"chars": ["\uEB11"]
		},
		{
			"type": "bitmap",
			"file": "minecraft:font/admin_icon.png",
			"ascent": 8,
			"height": 8,
			"chars": ["\uEB12"]
		},
		{
			"type": "bitmap",
			"file": "minecraft:font/god_icon.png",
			"ascent": 8,
			"height": 8,
			"chars": ["\uEB13"]
		},
		{
			"type": "bitmap",
			"file": "minecraft:font/prison_icon.png",
			"ascent": 8,
			"height": 8,
			"chars": ["\uEB14"]
		},
		{
			"type": "bitmap",
			"file": "minecraft:font/bone_1.png",
			"ascent": 8,
			"height": 8,
			"chars": ["\uEB15"]
		},
		{
			"type": "bitmap",
			"file": "minecraft:font/bone_2.png",
			"ascent": 8,
			"height": 8,
			"chars": ["\uEB16"]
		},
		{
			"type": "bitmap",
			"file": "minecraft:font/bone_3.png",
			"ascent": 8,
			"height": 8,
			"chars": ["\uEB17"]
		},
		{
			"type": "bitmap",
			"file": "minecraft:font/bone_4.png",
			"ascent": 8,
			"height": 8,
			"chars": ["\uEB18"]
		},
		{
			"type": "bitmap",
			"file": "minecraft:font/bone_5.png",
			"ascent": 8,
			"height": 8,
			"chars": ["\uEB19"]
		},
		{
			"type": "bitmap",
			"file": "minecraft:font/bone_6.png",
			"ascent": 8,
			"height": 8,
			"chars": ["\uEB20"]
		},
		{
			"type": "bitmap",
			"file": "minecraft:font/suffixcustom.png",
			"ascent": 8,
			"height": 8,
			"chars": ["\uEB21"]
		},
		{
			"type": "bitmap",
			"file": "minecraft:font/suffixaboba.png",
			"ascent": 8,
			"height": 8,
			"chars": ["\uEB22"]
		},
		{
			"type": "bitmap",
			"file": "minecraft:font/suffixdyrak.png",
			"ascent": 8,
			"height": 8,
			"chars": ["\uEB23"]
		},
		{
			"type": "bitmap",
			"file": "minecraft:font/suffixeeeyyy.png",
			"ascent": 8,
			"height": 8,
			"chars": ["\uEB24"]
		},
		{
			"type": "bitmap",
			"file": "minecraft:font/suffixlgbt.png",
			"ascent": 8,
			"height": 8,
			"chars": ["\uEB25"]
		},
		{
			"type": "bitmap",
			"file": "minecraft:font/suffixsgm.png",
			"ascent": 8,
			"height": 8,
			"chars": ["\uEB26"]
		},
		{
			"type": "bitmap",
			"file": "minecraft:font/suffixbober.png",
			"ascent": 8,
			"height": 8,
			"chars": ["\uEB27"]
		},
		{
			"type": "bitmap",
			"file": "minecraft:font/suffixpig.png",
			"ascent": 8,
			"height": 8,
			"chars": ["\uEB28"]
		},
		{
			"type": "bitmap",
			"file": "minecraft:font/suffixnull.png",
			"ascent": 8,
			"height": 8,
			"chars": ["\uEB29"]
		},
		{
			"type": "bitmap",
			"file": "minecraft:font/suffixvisri.png",
			"ascent": 8,
			"height": 8,
			"chars": ["\uEB30"]
		},
		{
			"type": "bitmap",
			"file": "minecraft:font/suffixmish.png",
			"ascent": 8,
			"height": 8,
			"chars": ["\uEB31"]
		},
		{
			"type": "bitmap",
			"file": "minecraft:font/suffixlove.png",
			"ascent": 8,
			"height": 8,
			"chars": ["\uEB32"]
		},
		{
			"type": "bitmap",
			"file": "minecraft:font/lmb.png",
			"ascent": 12,
			"height": 16,
			"chars": ["\uEB33"]
		},
		{
			"type": "bitmap",
			"file": "minecraft:font/rmb.png",
			"ascent": 12,
			"height": 16,
			"chars": ["\uEB34"]
		},
		{
			"type": "bitmap",
			"file": "minecraft:font/sgmoney.png",
			"ascent": 10,
			"height": 12,
			"chars": ["\uEB35"]
		},
				{
			"type": "bitmap",
			"file": "minecraft:font/sgm_m.png",
			"ascent": 30,
			"height": 30,
			"chars": ["\uEB36"]
		},
		{
			"type": "bitmap",
			"file": "minecraft:font/sgm_g.png",
			"ascent": 30,
			"height": 30,
			"chars": ["\uEB37"]
		},
		{
			"type": "bitmap",
			"file": "minecraft:font/sgm_s.png",
			"ascent": 30,
			"height": 30,
			"chars": ["\uEB38"]
		},
		{
			"type": "bitmap",
			"file": "minecraft:font/helper_icon.png",
			"ascent": 8,
			"height": 8,
			"chars": ["\uEB39"]
		},
		{
			"type": "bitmap",
			"file": "minecraft:font/emoji/roc.png",
			"ascent": 10,
			"height": 10,
			"chars": ["\uEB40"]
		},
		{
			"type": "bitmap",
			"file": "minecraft:font/emoji/ang.png",
			"ascent": 10,
			"height": 10,
			"chars": ["\uEB41"]
		},
		{
			"type": "bitmap",
			"file": "minecraft:font/emoji/clown.png",
			"ascent": 10,
			"height": 10,
			"chars": ["\uEB42"]
		},
		{
			"type": "bitmap",
			"file": "minecraft:font/emoji/fem.png",
			"ascent": 10,
			"height": 10,
			"chars": ["\uEB43"]
		},
		{
			"type": "bitmap",
			"file": "minecraft:font/emoji/hap.png",
			"ascent": 10,
			"height": 10,
			"chars": ["\uEB44"]
		},
		{
			"type": "bitmap",
			"file": "minecraft:font/emoji/hello.png",
			"ascent": 10,
			"height": 10,
			"chars": ["\uEB45"]
		},
		{
			"type": "bitmap",
			"file": "minecraft:font/emoji/left.png",
			"ascent": 10,
			"height": 10,
			"chars": ["\uEB46"]
		},
		{
			"type": "bitmap",
			"file": "minecraft:font/emoji/lou.png",
			"ascent": 10,
			"height": 10,
			"chars": ["\uEB47"]
		},
		{
			"type": "bitmap",
			"file": "minecraft:font/emoji/lou2.png",
			"ascent": 10,
			"height": 10,
			"chars": ["\uEB48"]
		},
		{
			"type": "bitmap",
			"file": "minecraft:font/emoji/mal.png",
			"ascent": 10,
			"height": 10,
			"chars": ["\uEB49"]
		},
		{
			"type": "bitmap",
			"file": "minecraft:font/emoji/oop.png",
			"ascent": 10,
			"height": 10,
			"chars": ["\uEB50"]
		},
		{
			"type": "bitmap",
			"file": "minecraft:font/emoji/pum.png",
			"ascent": 10,
			"height": 10,
			"chars": ["\uEB51"]
		},
		{
			"type": "bitmap",
			"file": "minecraft:font/emoji/right.png",
			"ascent": 10,
			"height": 10,
			"chars": ["\uEB52"]
		},
		{
			"type": "bitmap",
			"file": "minecraft:font/emoji/stop.png",
			"ascent": 10,
			"height": 10,
			"chars": ["\uEB53"]
		},
		{
			"type": "bitmap",
			"file": "minecraft:font/emoji/umk.png",
			"ascent": 10,
			"height": 10,
			"chars": ["\uEB54"]
		},
		{
			"type": "bitmap",
			"file": "minecraft:font/emoji/love.png",
			"ascent": 10,
			"height": 10,
			"chars": ["\uEB55"]
		},
		{
			"type": "bitmap",
			"file": "minecraft:font/wool.png",
			"ascent": 8,
			"height": 10,
			"chars": ["\uEB56"]
		},
		{
			"type": "bitmap",
			"file": "minecraft:font/tnt.png",
			"ascent": 8,
			"height": 10,
			"chars": ["\uEB57"]
		},
		{
			"type": "bitmap",
			"file": "minecraft:font/smoke.png",
			"ascent": 250,
			"height": 500,
			"chars": ["\uEB58"]
		},
		{
			"type": "bitmap",
			"file": "minecraft:font/ice_smoke.png",
			"ascent": 250,
			"height": 500,
			"chars": ["\uEB59"]
		},
		{
			"type": "bitmap",
			"file": "minecraft:font/easy_rpg/coins_1.png",
			"ascent": 9,
			"height": 10,
			"chars": ["\uEB60"]
		},
		{
			"type": "bitmap",
			"file": "minecraft:font/easy_rpg/speed.png",
			"ascent": 9,
			"height": 10,
			"chars": ["\uEB61"]
		},
		{
			"type": "bitmap",
			"file": "minecraft:font/easy_rpg/luck.png",
			"ascent": 9,
			"height": 10,
			"chars": ["\uEB62"]
		},
		{
			"type": "bitmap",
			"file": "minecraft:font/easy_rpg/strength.png",
			"ascent": 9,
			"height": 10,
			"chars": ["\uEB63"]
		},
		{
			"type": "bitmap",
			"file": "minecraft:font/easy_rpg/jump_boost.png",
			"ascent": 9,
			"height": 10,
			"chars": ["\uEB64"]
		},
		{
			"type": "bitmap",
			"file": "minecraft:font/easy_rpg/dolphins_grace.png",
			"ascent": 9,
			"height": 10,
			"chars": ["\uEB65"]
		},
		{
			"type": "bitmap",
			"file": "minecraft:font/easy_rpg/fire_resistance.png",
			"ascent": 9,
			"height": 10,
			"chars": ["\uEB66"]
		},
		{
			"type": "bitmap",
			"file": "minecraft:font/easy_rpg/night_vision.png",
			"ascent": 9,
			"height": 10,
			"chars": ["\uEB67"]
		},
		{
			"type": "bitmap",
			"file": "minecraft:font/easy_rpg/regeneration.png",
			"ascent": 9,
			"height": 10,
			"chars": ["\uEB68"]
		},
		{
			"type": "bitmap",
			"file": "minecraft:font/easy_rpg/resistance.png",
			"ascent": 9,
			"height": 10,
			"chars": ["\uEB69"]
		},
		{
			"type": "bitmap",
			"file": "minecraft:font/easy_rpg/slow_falling.png",
			"ascent": 9,
			"height": 10,
			"chars": ["\uEB70"]
		},
		{
			"type": "bitmap",
			"file": "minecraft:font/easy_rpg/water_breathing.png",
			"ascent": 9,
			"height": 10,
			"chars": ["\uEB71"]
		},
		{
			"type": "bitmap",
			"file": "minecraft:font/easy_rpg/range_damage.png",
			"ascent": 9,
			"height": 10,
			"chars": ["\uEB72"]
		},
		{
			"type": "bitmap",
			"file": "minecraft:font/easy_rpg/magic_speed.png",
			"ascent": 9,
			"height": 10,
			"chars": ["\uEB73"]
		},
		{
			"type": "bitmap",
			"file": "minecraft:font/easy_rpg/magic_damage.png",
			"ascent": 9,
			"height": 10,
			"chars": ["\uEB74"]
		},
		{
			"type": "bitmap",
			"file": "minecraft:font/yellow_dye.png",
			"ascent": 14,
			"height": 17,
			"chars": ["\uAFFF"]
		},
		{
			"type": "bitmap",
			"file": "minecraft:font/white_dye.png",
			"ascent": 14,
			"height": 17,
			"chars": ["\uAFFA"]
		},
		{
			"type": "bitmap",
			"file": "minecraft:font/choc.png",
			"ascent": 12,
			"height": 15,
			"chars": ["\uAB09"]
		},
		{
			"type": "bitmap",
			"file": "minecraft:font/bread.png",
			"ascent": 12,
			"height": 15,
			"chars": ["\uAB08"]
		},
		{
			"type": "bitmap",
			"file": "minecraft:font/ice_cream.png",
			"ascent": 12,
			"height": 15,
			"chars": ["\uAB07"]
		},
		{
			"type": "bitmap",
			"file": "minecraft:font/baked_potato.png",
			"ascent": 12,
			"height": 15,
			"chars": ["\uAB06"]
		},
		{
			"type": "bitmap",
			"file": "minecraft:font/cooked_beef.png",
			"ascent": 12,
			"height": 15,
			"chars": ["\uAB05"]
		},
		{
			"type": "bitmap",
			"file": "minecraft:font/dried_kelp.png",
			"ascent": 12,
			"height": 15,
			"chars": ["\uAB04"]
		},
		{
			"type": "bitmap",
			"file": "minecraft:font/burger.png",
			"ascent": 12,
			"height": 15,
			"chars": ["\uAB03"]
		},
		{
			"type": "bitmap",
			"file": "minecraft:font/ber.png",
			"ascent": 12,
			"height": 15,
			"chars": ["\uAB02"]
		},
		{
			"type": "bitmap",
			"file": "minecraft:font/salad.png",
			"ascent": 12,
			"height": 15,
			"chars": ["\uAB01"]
		},
		{
			"type": "bitmap",
			"file": "minecraft:font/sushi.png",
			"ascent": 12,
			"height": 15,
			"chars": ["\uAB10"]
		},
		{
			"type": "bitmap",
			"file": "minecraft:font/free.png",
			"ascent": 12,
			"height": 15,
			"chars": ["\uAB11"]
		},
		{
			"type": "bitmap",
			"file": "minecraft:font/berri.png",
			"ascent": 12,
			"height": 15,
			"chars": ["\uAB12"]
		},
		{
			"type": "bitmap",
			"file": "minecraft:font/tea.png",
			"ascent": 12,
			"height": 15,
			"chars": ["\uAB13"]
		},
		{
			"type": "bitmap",
			"file": "minecraft:font/moh.png",
			"ascent": 12,
			"height": 15,
			"chars": ["\uAB14"]
		},
		{
			"type": "bitmap",
			"file": "minecraft:font/coffee.png",
			"ascent": 12,
			"height": 15,
			"chars": ["\uAB15"]
		},
		{
			"type": "bitmap",
			"file": "minecraft:font/kisel.png",
			"ascent": 12,
			"height": 15,
			"chars": ["\uAB16"]
		},
		{
			"type": "bitmap",
			"file": "minecraft:font/choco.png",
			"ascent": 12,
			"height": 15,
			"chars": ["\uAB17"]
		},
		{
			"type": "bitmap",
			"file": "minecraft:font/glint.png",
			"ascent": 12,
			"height": 15,
			"chars": ["\uAB18"]
		},
		{
			"type": "bitmap",
			"file": "minecraft:font/egg.png",
			"ascent": 50,
			"height": 105,
			"chars": ["\uAB19"]
		},
		{
			"type": "bitmap",
			"file": "minecraft:font/lamin.png",
			"ascent": 50,
			"height": 105,
			"chars": ["\uAB20"]
		},
		{
			"type": "bitmap",
			"file": "minecraft:font/potato.png",
			"ascent": 50,
			"height": 105,
			"chars": ["\uAB21"]
		},
		{
			"type": "bitmap",
			"file": "minecraft:font/testa.png",
			"ascent": 50,
			"height": 105,
			"chars": ["\uAB22"]
		},
		{
			"type": "bitmap",
			"file": "minecraft:font/beef.png",
			"ascent": 50,
			"height": 105,
			"chars": ["\uAB23"]
		},
		{
			"type": "bitmap",
			"file": "minecraft:font/berri_cake.png",
			"ascent": 12,
			"height": 15,
			"chars": ["\uAB24"]
		},
		{
			"type": "bitmap",
			"file": "minecraft:font/mush_soup.png",
			"ascent": 12,
			"height": 15,
			"chars": ["\uAB25"]
		},
		{
			"type": "bitmap",
			"file": "minecraft:font/glow_cake.png",
			"ascent": 12,
			"height": 15,
			"chars": ["\uAB26"]
		},
		{
			"type": "bitmap",
			"file": "minecraft:font/fish_soup.png",
			"ascent": 12,
			"height": 15,
			"chars": ["\uAB27"]
		},
		{
			"type": "bitmap",
			"file": "minecraft:font/choc_cake.png",
			"ascent": 12,
			"height": 15,
			"chars": ["\uAB28"]
		},
		{
			"type": "bitmap",
			"file": "minecraft:font/testto.png",
			"ascent": 25,
			"height": 90,
			"chars": ["\uAB29"]
		},
		{
			"type": "bitmap",
			"file": "minecraft:font/choclate.png",
			"ascent": 25,
			"height": 90,
			"chars": ["\uAB30"]
		},
		{
			"type": "bitmap",
			"file": "minecraft:font/ice.png",
			"ascent": 20,
			"height": 75,
			"chars": ["\uAB31"]
		},
		{
			"type": "bitmap",
			"file": "minecraft:font/burgiir.png",
			"ascent": 20,
			"height": 75,
			"chars": ["\uAB32"]
		},
		{
			"type": "bitmap",
			"file": "minecraft:font/sous.png",
			"ascent": 10,
			"height": 75,
			"chars": ["\uAB33"]
		},
		{
			"type": "bitmap",
			"file": "minecraft:font/salatt.png",
			"ascent": 20,
			"height": 75,
			"chars": ["\uAB34"]
		},
		{
			"type": "bitmap",
			"file": "minecraft:font/ssushii.png",
			"ascent": 20,
			"height": 75,
			"chars": ["\uAB35"]
		},
		{
			"type": "bitmap",
			"file": "minecraft:font/fre.png",
			"ascent": 20,
			"height": 75,
			"chars": ["\uAB36"]
		},
		{
			"type": "bitmap",
			"file": "minecraft:font/beri.png",
			"ascent": 20,
			"height": 75,
			"chars": ["\uAB37"]
		},
		{
			"type": "bitmap",
			"file": "minecraft:font/stakanber.png",
			"ascent": 10,
			"height": 75,
			"chars": ["\uAB38"]
		},
		{
			"type": "bitmap",
			"file": "minecraft:font/stakanberri.png",
			"ascent": 10,
			"height": 75,
			"chars": ["\uAB39"]
		},
		{
			"type": "bitmap",
			"file": "minecraft:font/stakansh.png",
			"ascent": 10,
			"height": 75,
			"chars": ["\uAB40"]
		},
		{
			"type": "bitmap",
			"file": "minecraft:font/teg.png",
			"ascent": 10,
			"height": 75,
			"chars": ["\uAB41"]
		},
		{
			"type": "bitmap",
			"file": "minecraft:font/cofe.png",
			"ascent": 10,
			"height": 75,
			"chars": ["\uAB42"]
		},
		{
			"type": "bitmap",
			"file": "minecraft:font/glihnt.png",
			"ascent": 10,
			"height": 100,
			"chars": ["\uAB43"]
		},
		{
			"type": "bitmap",
			"file": "minecraft:font/pirogber.png",
			"ascent": 10,
			"height": 75,
			"chars": ["\uAB44"]
		},
		{
			"type": "bitmap",
			"file": "minecraft:font/pirogcber.png",
			"ascent": 10,
			"height": 75,
			"chars": ["\uAB45"]
		},
		{
			"type": "bitmap",
			"file": "minecraft:font/pirogchoc.png",
			"ascent": 10,
			"height": 75,
			"chars": ["\uAB46"]
		},
		{
			"type": "bitmap",
			"file": "minecraft:font/supk.png",
			"ascent": 20,
			"height": 75,
			"chars": ["\uAB47"]
		},
		{
			"type": "bitmap",
			"file": "minecraft:font/supg.png",
			"ascent": 20,
			"height": 75,
			"chars": ["\uAB48"]
		},
		{
			"type": "bitmap",
			"file": "minecraft:font/cheese.png",
			"ascent": 12,
			"height": 15,
			"chars": ["\uAB49"]
		},
		{
			"type": "bitmap",
			"file": "minecraft:font/ches.png",
			"ascent": 10,
			"height": 75,
			"chars": ["\uAB50"]
		},
		{
			"type": "bitmap",
			"file": "minecraft:font/ranks/1.png",
			"ascent": 9,
			"height": 10,
			"chars": ["\uAB51"]
		},
		{
			"type": "bitmap",
			"file": "minecraft:font/ranks/2.png",
			"ascent": 9,
			"height": 10,
			"chars": ["\uAB52"]
		},
		{
			"type": "bitmap",
			"file": "minecraft:font/ranks/3.png",
			"ascent": 9,
			"height": 10,
			"chars": ["\uAB53"]
		},
		{
			"type": "bitmap",
			"file": "minecraft:font/ranks/4.png",
			"ascent": 9,
			"height": 10,
			"chars": ["\uAB54"]
		},
		{
			"type": "bitmap",
			"file": "minecraft:font/ranks/5.png",
			"ascent": 9,
			"height": 10,
			"chars": ["\uAB55"]
		},
		{
			"type": "bitmap",
			"file": "minecraft:font/ranks/6.png",
			"ascent": 9,
			"height": 10,
			"chars": ["\uAB56"]
		},
		{
			"type": "bitmap",
			"file": "minecraft:font/ranks/7.png",
			"ascent": 9,
			"height": 10,
			"chars": ["\uAB57"]
		},
		{
			"type": "bitmap",
			"file": "minecraft:font/ranks/8.png",
			"ascent": 9,
			"height": 10,
			"chars": ["\uAB58"]
		},
		{
			"type": "bitmap",
			"file": "minecraft:font/ranks/9.png",
			"ascent": 9,
			"height": 10,
			"chars": ["\uAB59"]
		},
		{
			"type": "bitmap",
			"file": "minecraft:font/ranks/10.png",
			"ascent": 9,
			"height": 10,
			"chars": ["\uAB60"]
		},
		{
			"type": "bitmap",
			"file": "minecraft:font/ranks/11.png",
			"ascent": 9,
			"height": 10,
			"chars": ["\uAB61"]
		},
		{
			"type": "bitmap",
			"file": "minecraft:font/ranks/12.png",
			"ascent": 9,
			"height": 10,
			"chars": ["\uAB62"]
		},
		{
			"type": "bitmap",
			"file": "minecraft:font/ranks/13.png",
			"ascent": 9,
			"height": 10,
			"chars": ["\uAB63"]
		},
		{
			"type": "bitmap",
			"file": "minecraft:font/ranks/14.png",
			"ascent": 9,
			"height": 10,
			"chars": ["\uAB64"]
		},
		{
			"type": "bitmap",
			"file": "minecraft:font/ranks/15.png",
			"ascent": 9,
			"height": 10,
			"chars": ["\uAB65"]
		},
		{
			"type": "bitmap",
			"file": "minecraft:font/ranks/16.png",
			"ascent": 9,
			"height": 10,
			"chars": ["\uAB66"]
		},
		{
			"type": "bitmap",
			"file": "minecraft:font/ranks/17.png",
			"ascent": 9,
			"height": 10,
			"chars": ["\uAB67"]
		},
		{
			"type": "bitmap",
			"file": "minecraft:font/ranks/18.png",
			"ascent": 9,
			"height": 10,
			"chars": ["\uAB68"]
		},
		{
			"type": "bitmap",
			"file": "minecraft:font/ranks/19.png",
			"ascent": 9,
			"height": 10,
			"chars": ["\uAB69"]
		},
		{
			"type": "bitmap",
			"file": "minecraft:font/ranks/20.png",
			"ascent": 9,
			"height": 10,
			"chars": ["\uAB70"]
		},
		{
			"type": "bitmap",
			"file": "minecraft:font/ranks/21.png",
			"ascent": 9,
			"height": 10,
			"chars": ["\uAB71"]
		},
		{
			"type": "bitmap",
			"file": "minecraft:font/ranks/22.png",
			"ascent": 9,
			"height": 10,
			"chars": ["\uAB72"]
		},
		{
			"type": "bitmap",
			"file": "minecraft:font/ranks/23.png",
			"ascent": 9,
			"height": 10,
			"chars": ["\uAB73"]
		},
		{
			"type": "bitmap",
			"file": "minecraft:font/ranks/24.png",
			"ascent": 9,
			"height": 10,
			"chars": ["\uAB74"]
		},
		{
			"type": "bitmap",
			"file": "minecraft:font/globe.png",
			"ascent": 8,
			"height": 8,
			"chars": ["\uAB75"]
		},
		{
			"type": "bitmap",
			"file": "font/gui/cases_list.png",
			"ascent":22,
			"height":153,
			"chars": ["\uFA18"]
		},
		{
			"type":"bitmap",
            "file": "font/space_split.png",
			"ascent":-32768,
			"height":-3,
			"chars":["\uF811"]
		}
	]
}