{
	"credit": "Made with Blockbench",
	"texture_size": [32, 32],
	"textures": {
		"0": "item/easy_rpg/mobs/bug_3",
		"particle": "item/easy_rpg/mobs/bug"
	},
	"elements": [
		{
			"from": [5, 0, 4],
			"to": [11, 3, 12],
			"faces": {
				"north": {"uv": [8, 1.5, 11, 3], "texture": "#0"},
				"east": {"uv": [0, 8, 4, 9.5], "texture": "#0"},
				"south": {"uv": [8, 3, 11, 4.5], "texture": "#0"},
				"west": {"uv": [8, 0, 12, 1.5], "texture": "#0"},
				"up": {"uv": [8, 4, 5, 0], "texture": "#0"},
				"down": {"uv": [8, 4, 5, 8], "texture": "#0"}
			}
		},
		{
			"from": [3, 0, 4],
			"to": [13, 0, 12],
			"faces": {
				"north": {"uv": [0, 0, 5, 0], "texture": "#0"},
				"east": {"uv": [0, 0, 4, 0], "texture": "#0"},
				"south": {"uv": [0, 0, 5, 0], "texture": "#0"},
				"west": {"uv": [0, 0, 4, 0], "texture": "#0"},
				"up": {"uv": [5, 4, 0, 0], "texture": "#0"},
				"down": {"uv": [5, 4, 0, 8], "texture": "#0"}
			}
		},
		{
			"from": [6, 0, 2],
			"to": [10, 2, 4],
			"faces": {
				"north": {"uv": [4, 8, 6, 9], "texture": "#0"},
				"east": {"uv": [8, 8.5, 9, 9.5], "texture": "#0"},
				"south": {"uv": [8, 4.5, 10, 5.5], "texture": "#0"},
				"west": {"uv": [4, 9, 5, 10], "texture": "#0"},
				"up": {"uv": [10, 6.5, 8, 5.5], "texture": "#0"},
				"down": {"uv": [8, 8, 6, 9], "texture": "#0"}
			}
		},
		{
			"from": [6.5, 2, 3],
			"to": [9.5, 3.5, 3],
			"rotation": {"angle": 22.5, "axis": "x", "origin": [8, 2, 3]},
			"faces": {
				"north": {"uv": [8, 6.5, 10, 7.5], "texture": "#0"},
				"east": {"uv": [0, 0, 0, 1], "texture": "#0"},
				"south": {"uv": [8, 7.5, 10, 8.5], "texture": "#0"},
				"west": {"uv": [0, 0, 0, 1], "texture": "#0"},
				"up": {"uv": [2, 0, 0, 0], "texture": "#0"},
				"down": {"uv": [2, 0, 0, 0], "texture": "#0"}
			}
		}
	],
	"display": {
		"head": {
			"translation": [0, -42, 0],
			"scale": [2.25, 2.25, 2.25]
		}
	}
}