{
	"credit": "Made with Blockbench",
	"textures": {
		"0": "item/easy_rpg/mobs/candy4_damaged",
		"particle": "item/easy_rpg/mobs/candy1"
	},
	"elements": [
		{
			"from": [5.5, 0, 5.5],
			"to": [10.5, 2, 10.5],
			"faces": {
				"north": {"uv": [5, 0, 10, 2], "texture": "#0"},
				"east": {"uv": [5, 2, 10, 4], "texture": "#0"},
				"south": {"uv": [5, 4, 10, 6], "texture": "#0"},
				"west": {"uv": [5, 6, 10, 8], "texture": "#0"},
				"up": {"uv": [5, 5, 0, 0], "texture": "#0"},
				"down": {"uv": [5, 0, 0, 5], "texture": "#0"}
			}
		}
	],
	"display": {
		"thirdperson_righthand": {
			"scale": [2.25, 2.25, 2.25]
		},
		"head": {
			"translation": [0, -42, 0],
			"scale": [2.25, 2.25, 2.25]
		}
	}
}