{
	"credit": "Made with Blockbench",
	"texture_size": [64, 64],
	"textures": {
		"6": "item/easy_rpg/mobs/candy_jar_damaged"
	},
	"elements": [
		{
			"from": [5.5, 0.575, 7.5],
			"to": [8.5, 1.575, 10.5],
			"rotation": {"angle": 0, "axis": "y", "origin": [0, -0.5, 0]},
			"faces": {
				"north": {"uv": [3, 6.75, 3.75, 7], "texture": "#6"},
				"east": {"uv": [3.75, 6.75, 4.5, 7], "texture": "#6"},
				"south": {"uv": [4.5, 6.75, 5.25, 7], "texture": "#6"},
				"west": {"uv": [6.75, 4.75, 7.5, 5], "texture": "#6"},
				"up": {"uv": [0.75, 6.75, 0, 6], "texture": "#6"},
				"down": {"uv": [6.75, 0, 6, 0.75], "texture": "#6"}
			}
		},
		{
			"from": [5.5, 6.575, 4.5],
			"to": [8.5, 7.575, 7.5],
			"rotation": {"angle": 22.5, "axis": "x", "origin": [0, -0.5, 0]},
			"faces": {
				"north": {"uv": [5.75, 7, 6.5, 7.25], "texture": "#6"},
				"east": {"uv": [6.5, 7, 7.25, 7.25], "texture": "#6"},
				"south": {"uv": [3, 7.25, 3.75, 7.5], "texture": "#6"},
				"west": {"uv": [3.75, 7.25, 4.5, 7.5], "texture": "#6"},
				"up": {"uv": [5.25, 6.75, 4.5, 6], "texture": "#6"},
				"down": {"uv": [6.75, 4.5, 6, 5.25], "texture": "#6"}
			}
		},
		{
			"from": [7.5, 0.5, 5.5],
			"to": [10.5, 1.5, 8.5],
			"rotation": {"angle": 0, "axis": "y", "origin": [0, -0.5, 0]},
			"faces": {
				"north": {"uv": [6.75, 5, 7.5, 5.25], "texture": "#6"},
				"east": {"uv": [5.25, 6.75, 6, 7], "texture": "#6"},
				"south": {"uv": [6.75, 5.25, 7.5, 5.5], "texture": "#6"},
				"west": {"uv": [6.75, 5.5, 7.5, 5.75], "texture": "#6"},
				"up": {"uv": [1.5, 6.75, 0.75, 6], "texture": "#6"},
				"down": {"uv": [6.75, 0.75, 6, 1.5], "texture": "#6"}
			}
		},
		{
			"from": [8.25, 2.075, 4],
			"to": [11.25, 3.075, 7],
			"rotation": {"angle": -22.5, "axis": "y", "origin": [0, -0.5, 0]},
			"faces": {
				"north": {"uv": [6.75, 5.75, 7.5, 6], "texture": "#6"},
				"east": {"uv": [6, 6.75, 6.75, 7], "texture": "#6"},
				"south": {"uv": [6.75, 6, 7.5, 6.25], "texture": "#6"},
				"west": {"uv": [6.75, 6.25, 7.5, 6.5], "texture": "#6"},
				"up": {"uv": [2.25, 6.75, 1.5, 6], "texture": "#6"},
				"down": {"uv": [6.75, 1.5, 6, 2.25], "texture": "#6"}
			}
		},
		{
			"from": [9.75, 3.575, -3.25],
			"to": [12.75, 4.575, -0.25],
			"rotation": {"angle": -45, "axis": "y", "origin": [0, -0.5, 0]},
			"faces": {
				"north": {"uv": [6.75, 6.5, 7.5, 6.75], "texture": "#6"},
				"east": {"uv": [6.75, 6.75, 7.5, 7], "texture": "#6"},
				"south": {"uv": [7, 0.75, 7.75, 1], "texture": "#6"},
				"west": {"uv": [7, 1, 7.75, 1.25], "texture": "#6"},
				"up": {"uv": [3, 6.75, 2.25, 6], "texture": "#6"},
				"down": {"uv": [6.75, 2.25, 6, 3], "texture": "#6"}
			}
		},
		{
			"from": [2.75, 5.575, 9.75],
			"to": [5.75, 6.575, 12.75],
			"rotation": {"angle": 22.5, "axis": "y", "origin": [0, -0.5, 0]},
			"faces": {
				"north": {"uv": [7.5, 0.5, 8.25, 0.75], "texture": "#6"},
				"east": {"uv": [0.75, 7.5, 1.5, 7.75], "texture": "#6"},
				"south": {"uv": [3, 7.5, 3.75, 7.75], "texture": "#6"},
				"west": {"uv": [3.75, 7.5, 4.5, 7.75], "texture": "#6"},
				"up": {"uv": [7.5, 0.75, 6.75, 0], "texture": "#6"},
				"down": {"uv": [1.5, 6.75, 0.75, 7.5], "texture": "#6"}
			}
		},
		{
			"from": [7, 1.825, 5.25],
			"to": [10, 2.825, 8.25],
			"rotation": {"angle": 22.5, "axis": "z", "origin": [0, -0.5, 0]},
			"faces": {
				"north": {"uv": [7.25, 7.25, 8, 7.5], "texture": "#6"},
				"east": {"uv": [0, 7.5, 0.75, 7.75], "texture": "#6"},
				"south": {"uv": [7.5, 0, 8.25, 0.25], "texture": "#6"},
				"west": {"uv": [7.5, 0.25, 8.25, 0.5], "texture": "#6"},
				"up": {"uv": [6.75, 6.75, 6, 6], "texture": "#6"},
				"down": {"uv": [0.75, 6.75, 0, 7.5], "texture": "#6"}
			}
		},
		{
			"from": [6.5, 5.575, 7.5],
			"to": [9.5, 6.575, 10.5],
			"rotation": {"angle": -22.5, "axis": "z", "origin": [0, -0.5, 0]},
			"faces": {
				"north": {"uv": [7, 1.25, 7.75, 1.5], "texture": "#6"},
				"east": {"uv": [7, 1.5, 7.75, 1.75], "texture": "#6"},
				"south": {"uv": [7, 1.75, 7.75, 2], "texture": "#6"},
				"west": {"uv": [7, 2, 7.75, 2.25], "texture": "#6"},
				"up": {"uv": [3.75, 6.75, 3, 6], "texture": "#6"},
				"down": {"uv": [6.75, 3, 6, 3.75], "texture": "#6"}
			}
		},
		{
			"from": [5.05, -0.425, 5.75],
			"to": [8.05, 0.575, 8.75],
			"rotation": {"angle": -22.5, "axis": "x", "origin": [0, -0.5, 0]},
			"faces": {
				"north": {"uv": [7, 2.25, 7.75, 2.5], "texture": "#6"},
				"east": {"uv": [7, 2.5, 7.75, 2.75], "texture": "#6"},
				"south": {"uv": [7, 2.75, 7.75, 3], "texture": "#6"},
				"west": {"uv": [3, 7, 3.75, 7.25], "texture": "#6"},
				"up": {"uv": [4.5, 6.75, 3.75, 6], "texture": "#6"},
				"down": {"uv": [6.75, 3.75, 6, 4.5], "texture": "#6"}
			}
		},
		{
			"from": [10.55, 4.575, 3],
			"to": [13.55, 5.575, 6],
			"rotation": {"angle": -22.5, "axis": "y", "origin": [0, -0.5, 0]},
			"faces": {
				"north": {"uv": [4.5, 7.25, 5.25, 7.5], "texture": "#6"},
				"east": {"uv": [5.75, 7.25, 6.5, 7.5], "texture": "#6"},
				"south": {"uv": [6.5, 7.25, 7.25, 7.5], "texture": "#6"},
				"west": {"uv": [7.25, 7, 8, 7.25], "texture": "#6"},
				"up": {"uv": [6, 6.75, 5.25, 6], "texture": "#6"},
				"down": {"uv": [6.75, 5.25, 6, 6], "texture": "#6"}
			}
		},
		{
			"from": [5, 0, 5],
			"to": [11, 0.5, 11],
			"rotation": {"angle": 0, "axis": "y", "origin": [0, -0.5, 0]},
			"faces": {
				"north": {"uv": [7, 3, 8.5, 3.125], "texture": "#6"},
				"east": {"uv": [7, 3.25, 8.5, 3.375], "texture": "#6"},
				"south": {"uv": [7, 3.5, 8.5, 3.625], "texture": "#6"},
				"west": {"uv": [3.75, 7, 5.25, 7.125], "texture": "#6"},
				"up": {"uv": [4.5, 5.5, 3, 4], "texture": "#6"},
				"down": {"uv": [6, 0, 4.5, 1.5], "texture": "#6"}
			}
		},
		{
			"from": [4.5, 0.5, 5],
			"to": [5, 8.5, 11],
			"rotation": {"angle": 0, "axis": "y", "origin": [0, -0.5, 0]},
			"faces": {
				"north": {"uv": [2.75, 6.75, 2.875, 8.75], "texture": "#6"},
				"east": {"uv": [0, 4, 1.5, 6], "texture": "#6"},
				"south": {"uv": [6.75, 2.75, 6.875, 4.75], "texture": "#6"},
				"west": {"uv": [1.5, 4, 3, 6], "texture": "#6"},
				"up": {"uv": [4.625, 9, 4.5, 7.5], "texture": "#6"},
				"down": {"uv": [4.875, 7.5, 4.75, 9], "texture": "#6"}
			}
		},
		{
			"from": [11, 0.5, 5],
			"to": [11.5, 8.5, 11],
			"rotation": {"angle": 0, "axis": "y", "origin": [0, -0.5, 0]},
			"faces": {
				"north": {"uv": [6.75, 0.75, 6.875, 2.75], "texture": "#6"},
				"east": {"uv": [0, 0, 1.5, 2], "texture": "#6"},
				"south": {"uv": [1.5, 6.75, 1.625, 8.75], "texture": "#6"},
				"west": {"uv": [1.5, 0, 3, 2], "texture": "#6"},
				"up": {"uv": [5.375, 8.5, 5.25, 7], "texture": "#6"},
				"down": {"uv": [5.625, 7, 5.5, 8.5], "texture": "#6"}
			}
		},
		{
			"from": [5, 0.5, 11],
			"to": [11, 8.5, 11.5],
			"rotation": {"angle": 0, "axis": "y", "origin": [0, -0.5, 0]},
			"faces": {
				"north": {"uv": [0, 2, 1.5, 4], "texture": "#6"},
				"east": {"uv": [1.75, 6.75, 1.875, 8.75], "texture": "#6"},
				"south": {"uv": [1.5, 2, 3, 4], "texture": "#6"},
				"west": {"uv": [2, 6.75, 2.125, 8.75], "texture": "#6"},
				"up": {"uv": [8.5, 3.875, 7, 3.75], "texture": "#6"},
				"down": {"uv": [8.5, 4, 7, 4.125], "texture": "#6"}
			}
		},
		{
			"from": [5, 0.5, 4.5],
			"to": [11, 8.5, 5],
			"rotation": {"angle": 0, "axis": "y", "origin": [0, -0.5, 0]},
			"faces": {
				"north": {"uv": [3, 0, 4.5, 2], "texture": "#6"},
				"east": {"uv": [2.25, 6.75, 2.375, 8.75], "texture": "#6"},
				"south": {"uv": [3, 2, 4.5, 4], "texture": "#6"},
				"west": {"uv": [2.5, 6.75, 2.625, 8.75], "texture": "#6"},
				"up": {"uv": [8.5, 4.375, 7, 4.25], "texture": "#6"},
				"down": {"uv": [8.5, 4.5, 7, 4.625], "texture": "#6"}
			}
		},
		{
			"from": [5, 7.25, 5],
			"to": [11, 9.25, 11],
			"rotation": {"angle": 0, "axis": "y", "origin": [0, -0.5, 0]},
			"faces": {
				"north": {"uv": [4.5, 4.5, 6, 5], "texture": "#6"},
				"east": {"uv": [4.5, 5, 6, 5.5], "texture": "#6"},
				"south": {"uv": [3, 5.5, 4.5, 6], "texture": "#6"},
				"west": {"uv": [4.5, 5.5, 6, 6], "texture": "#6"},
				"up": {"uv": [6, 3, 4.5, 1.5], "texture": "#6"},
				"down": {"uv": [6, 3, 4.5, 4.5], "texture": "#6"}
			}
		}
	],
	"display": {
		"thirdperson_righthand": {
			"scale": [2.25, 2.25, 2.25]
		},
		"head": {
			"translation": [0, -39, 0],
			"scale": [3, 3, 3]
		}
	},
	"groups": [
		0,
		1,
		2,
		3,
		4,
		5,
		6,
		7,
		8,
		9,
		{
			"name": "jar",
			"origin": [8, 8, 8],
			"color": 0,
			"nbt": "{}",
			"children": [10, 11, 12, 13, 14, 15]
		}
	]
}