{
	"credit": "Made with Blockbench",
	"texture_size": [32, 32],
	"textures": {
		"2": "item/easy_rpg/mobs/crystal_1",
		"particle": "item/easy_rpg/mobs/crystal_1"
	},
	"elements": [
		{
			"from": [3, 0, 3],
			"to": [9, 8, 9],
			"faces": {
				"north": {"uv": [3, 6, 6, 10], "texture": "#2"},
				"east": {"uv": [6, 6, 9, 10], "texture": "#2"},
				"south": {"uv": [9, 0, 12, 4], "texture": "#2"},
				"west": {"uv": [9, 4, 12, 8], "texture": "#2"},
				"up": {"uv": [12, 11, 9, 8], "texture": "#2"},
				"down": {"uv": [6, 10, 3, 13], "texture": "#2"}
			}
		},
		{
			"from": [7, 9, 7],
			"to": [12, 15, 12],
			"faces": {
				"north": {"uv": [0, 12, 2.5, 15], "texture": "#2"},
				"east": {"uv": [12, 0, 14.5, 3], "texture": "#2"},
				"south": {"uv": [12, 3, 14.5, 6], "texture": "#2"},
				"west": {"uv": [12, 6, 14.5, 9], "texture": "#2"},
				"up": {"uv": [14.5, 11.5, 12, 9], "texture": "#2"},
				"down": {"uv": [14.5, 11.5, 12, 14], "texture": "#2"}
			}
		},
		{
			"from": [5, 2, 5],
			"to": [11, 14, 11],
			"faces": {
				"north": {"uv": [0, 0, 3, 6], "texture": "#2"},
				"east": {"uv": [3, 0, 6, 6], "texture": "#2"},
				"south": {"uv": [0, 6, 3, 12], "texture": "#2"},
				"west": {"uv": [6, 0, 9, 6], "texture": "#2"},
				"up": {"uv": [9, 13, 6, 10], "texture": "#2"},
				"down": {"uv": [12, 11, 9, 14], "texture": "#2"}
			}
		}
	],
	"display": {
		"head": {
			"translation": [0, -42, 0],
			"scale": [2.25, 2.25, 2.25]
		}
	}
}