{
	"credit": "Made with Blockbench",
	"texture_size": [32, 32],
	"textures": {
		"2": "item/easy_rpg/mobs/crystal_3",
		"particle": "item/easy_rpg/mobs/crystal_3"
	},
	"elements": [
		{
			"from": [1, 2, 4],
			"to": [7, 10, 10],
			"faces": {
				"north": {"uv": [0, 6, 3, 10], "texture": "#2"},
				"east": {"uv": [3, 6, 6, 10], "texture": "#2"},
				"south": {"uv": [6, 6, 9, 10], "texture": "#2"},
				"west": {"uv": [9, 6, 12, 10], "texture": "#2"},
				"up": {"uv": [3, 13, 0, 10], "texture": "#2"},
				"down": {"uv": [6, 10, 3, 13], "texture": "#2"}
			}
		},
		{
			"from": [9, 1, 7],
			"to": [14, 7, 12],
			"faces": {
				"north": {"uv": [11, 0, 13.5, 3], "texture": "#2"},
				"east": {"uv": [11, 3, 13.5, 6], "texture": "#2"},
				"south": {"uv": [12, 6, 14.5, 9], "texture": "#2"},
				"west": {"uv": [12, 9, 14.5, 12], "texture": "#2"},
				"up": {"uv": [14.5, 14.5, 12, 12], "texture": "#2"},
				"down": {"uv": [2.5, 13, 0, 15.5], "texture": "#2"}
			}
		},
		{
			"from": [2, 0, 5],
			"to": [13, 6, 11],
			"faces": {
				"north": {"uv": [0, 0, 5.5, 3], "texture": "#2"},
				"east": {"uv": [6, 10, 9, 13], "texture": "#2"},
				"south": {"uv": [0, 3, 5.5, 6], "texture": "#2"},
				"west": {"uv": [9, 10, 12, 13], "texture": "#2"},
				"up": {"uv": [11, 3, 5.5, 0], "texture": "#2"},
				"down": {"uv": [11, 3, 5.5, 6], "texture": "#2"}
			}
		}
	],
	"display": {
		"head": {
			"translation": [0, -42, 0],
			"scale": [2.25, 2.25, 2.25]
		}
	}
}