{
	"credit": "Made with Blockbench",
	"texture_size": [64, 64],
	"textures": {
		"1": "item/easy_rpg/mobs/frozen_guy_damaged"
	},
	"elements": [
		{
			"from": [4, 3, 5],
			"to": [12, 6, 11],
			"faces": {
				"north": {"uv": [4.5, 5, 6.5, 5.75], "texture": "#1"},
				"east": {"uv": [4.5, 5.75, 6.5, 6.5], "texture": "#1"},
				"south": {"uv": [4.5, 6.5, 6.5, 7.25], "texture": "#1"},
				"west": {"uv": [6.5, 4.5, 8.5, 5.25], "texture": "#1"},
				"up": {"uv": [4.5, 7, 2.5, 5], "texture": "#1"},
				"down": {"uv": [7, 2.5, 5, 4.5], "texture": "#1"}
			}
		},
		{
			"from": [9, 0, 7],
			"to": [11, 3, 9],
			"faces": {
				"north": {"uv": [5.75, 7.25, 6.25, 8], "texture": "#1"},
				"east": {"uv": [7.25, 6.25, 7.75, 7], "texture": "#1"},
				"south": {"uv": [7.25, 7, 7.75, 7.75], "texture": "#1"},
				"west": {"uv": [0, 7.5, 0.5, 8.25], "texture": "#1"},
				"up": {"uv": [8, 4.5, 7.5, 4], "texture": "#1"},
				"down": {"uv": [6.75, 7.5, 6.25, 8], "texture": "#1"}
			}
		},
		{
			"from": [12, 2, 7],
			"to": [14, 6, 9],
			"rotation": {"angle": 22.5, "axis": "z", "origin": [12, 7, 8]},
			"faces": {
				"north": {"uv": [7, 2.5, 7.5, 3.5], "texture": "#1"},
				"east": {"uv": [3.25, 7, 3.75, 8], "texture": "#1"},
				"south": {"uv": [7, 3.5, 7.5, 4.5], "texture": "#1"},
				"west": {"uv": [3.75, 7, 4.25, 8], "texture": "#1"},
				"up": {"uv": [3.25, 8.25, 2.75, 7.75], "texture": "#1"},
				"down": {"uv": [8.25, 5.25, 7.75, 5.75], "texture": "#1"}
			}
		},
		{
			"from": [11.75, 5, 6.5],
			"to": [14.5, 7, 9.5],
			"rotation": {"angle": 22.5, "axis": "z", "origin": [12, 7, 8]},
			"faces": {
				"north": {"uv": [5, 4.5, 5.75, 5], "texture": "#1"},
				"east": {"uv": [5.75, 4.5, 6.5, 5], "texture": "#1"},
				"south": {"uv": [1.5, 7.5, 2.25, 8], "texture": "#1"},
				"west": {"uv": [7.5, 1.5, 8.25, 2], "texture": "#1"},
				"up": {"uv": [7.25, 6, 6.5, 5.25], "texture": "#1"},
				"down": {"uv": [7.25, 6, 6.5, 6.75], "texture": "#1"}
			}
		},
		{
			"from": [1.5, 5, 6.5],
			"to": [4.25, 7, 9.5],
			"rotation": {"angle": -22.5, "axis": "z", "origin": [4, 7, 8]},
			"faces": {
				"north": {"uv": [7.5, 2, 8.25, 2.5], "texture": "#1"},
				"east": {"uv": [7.5, 2.5, 8.25, 3], "texture": "#1"},
				"south": {"uv": [7.5, 3, 8.25, 3.5], "texture": "#1"},
				"west": {"uv": [7.5, 3.5, 8.25, 4], "texture": "#1"},
				"up": {"uv": [7.25, 7.5, 6.5, 6.75], "texture": "#1"},
				"down": {"uv": [3.25, 7, 2.5, 7.75], "texture": "#1"}
			}
		},
		{
			"from": [2, 2, 7],
			"to": [4, 6, 9],
			"rotation": {"angle": -22.5, "axis": "z", "origin": [4, 7, 8]},
			"faces": {
				"north": {"uv": [4.25, 7.25, 4.75, 8.25], "texture": "#1"},
				"east": {"uv": [4.75, 7.25, 5.25, 8.25], "texture": "#1"},
				"south": {"uv": [5.25, 7.25, 5.75, 8.25], "texture": "#1"},
				"west": {"uv": [7.25, 5.25, 7.75, 6.25], "texture": "#1"},
				"up": {"uv": [8.25, 6.25, 7.75, 5.75], "texture": "#1"},
				"down": {"uv": [8.25, 6.25, 7.75, 6.75], "texture": "#1"}
			}
		},
		{
			"from": [5, 0, 7],
			"to": [7, 3, 9],
			"faces": {
				"north": {"uv": [7.5, 0, 8, 0.75], "texture": "#1"},
				"east": {"uv": [0.5, 7.5, 1, 8.25], "texture": "#1"},
				"south": {"uv": [7.5, 0.75, 8, 1.5], "texture": "#1"},
				"west": {"uv": [1, 7.5, 1.5, 8.25], "texture": "#1"},
				"up": {"uv": [7.25, 8, 6.75, 7.5], "texture": "#1"},
				"down": {"uv": [2.75, 7.75, 2.25, 8.25], "texture": "#1"}
			}
		},
		{
			"from": [3, 6, 3],
			"to": [13, 16, 13],
			"rotation": {"angle": 0, "axis": "x", "origin": [8, 6, 8]},
			"faces": {
				"north": {"uv": [0, 0, 2.5, 2.5], "texture": "#1"},
				"east": {"uv": [0, 2.5, 2.5, 5], "texture": "#1"},
				"south": {"uv": [2.5, 0, 5, 2.5], "texture": "#1"},
				"west": {"uv": [2.5, 2.5, 5, 5], "texture": "#1"},
				"up": {"uv": [2.5, 7.5, 0, 5], "texture": "#1"},
				"down": {"uv": [7.5, 0, 5, 2.5], "texture": "#1"}
			}
		}
	],
	"display": {
		"head": {
			"translation": [0, -42, 0],
			"scale": [2.25, 2.25, 2.25]
		}
	}
}