{
	"credit": "Made with Blockbench",
	"texture_size": [32, 32],
	"textures": {
		"1": "item/easy_rpg/mobs/frozen_guy",
		"2": "item/easy_rpg/mobs/frozen_guy_walk_1",
		"3": "item/easy_rpg/mobs/frozen_guy_walk_2",
		"particle": "item/easy_rpg/mobs/frozen_guy_walk_1"
	},
	"elements": [
		{
			"from": [4, 3, 5],
			"to": [12, 6, 11],
			"faces": {
				"north": {"uv": [4.5, 5, 6.5, 5.75], "texture": "#1"},
				"east": {"uv": [4.5, 5.75, 6.5, 6.5], "texture": "#1"},
				"south": {"uv": [4.5, 6.5, 6.5, 7.25], "texture": "#1"},
				"west": {"uv": [6.5, 4.5, 8.5, 5.25], "texture": "#1"},
				"up": {"uv": [4.5, 7, 2.5, 5], "texture": "#1"},
				"down": {"uv": [7, 2.5, 5, 4.5], "texture": "#1"}
			}
		},
		{
			"from": [3, 6, 3],
			"to": [13, 16, 13],
			"faces": {
				"north": {"uv": [0, 0, 2.5, 2.5], "texture": "#1"},
				"east": {"uv": [0, 2.5, 2.5, 5], "texture": "#1"},
				"south": {"uv": [2.5, 0, 5, 2.5], "texture": "#1"},
				"west": {"uv": [2.5, 2.5, 5, 5], "texture": "#1"},
				"up": {"uv": [2.5, 7.5, 0, 5], "texture": "#1"},
				"down": {"uv": [7.5, 0, 5, 2.5], "texture": "#1"}
			}
		},
		{
			"from": [1.5, 5, 6.5],
			"to": [4, 7, 9.5],
			"rotation": {"angle": 22.5, "axis": "x", "origin": [4, 7, 8]},
			"faces": {
				"north": {"uv": [4, 4, 5.5, 5], "texture": "#3"},
				"east": {"uv": [0, 5, 1.5, 6], "texture": "#3"},
				"south": {"uv": [5, 0, 6.5, 1], "texture": "#3"},
				"west": {"uv": [5, 1, 6.5, 2], "texture": "#3"},
				"up": {"uv": [1.5, 1.5, 0, 0], "texture": "#3"},
				"down": {"uv": [1.5, 1.5, 0, 3], "texture": "#3"}
			}
		},
		{
			"from": [2, 2, 7],
			"to": [4, 6, 9],
			"rotation": {"angle": 22.5, "axis": "x", "origin": [4, 7, 8]},
			"faces": {
				"north": {"uv": [0, 3, 1, 5], "texture": "#3"},
				"east": {"uv": [3, 0, 4, 2], "texture": "#3"},
				"south": {"uv": [1, 3, 2, 5], "texture": "#3"},
				"west": {"uv": [2, 3, 3, 5], "texture": "#3"},
				"up": {"uv": [7.5, 2.5, 6.5, 1.5], "texture": "#3"},
				"down": {"uv": [7.5, 2.5, 6.5, 3.5], "texture": "#3"}
			}
		},
		{
			"from": [12, 2, 7],
			"to": [14, 6, 9],
			"rotation": {"angle": -22.5, "axis": "x", "origin": [12, 7, 8]},
			"faces": {
				"north": {"uv": [3, 2, 4, 4], "texture": "#3"},
				"east": {"uv": [4, 0, 5, 2], "texture": "#3"},
				"south": {"uv": [4, 2, 5, 4], "texture": "#3"},
				"west": {"uv": [3, 4, 4, 6], "texture": "#3"},
				"up": {"uv": [7.5, 4.5, 6.5, 3.5], "texture": "#3"},
				"down": {"uv": [7.5, 4.5, 6.5, 5.5], "texture": "#3"}
			}
		},
		{
			"from": [12, 5, 6.5],
			"to": [14.5, 7, 9.5],
			"rotation": {"angle": -22.5, "axis": "x", "origin": [12, 7, 8]},
			"faces": {
				"north": {"uv": [1.5, 5, 3, 6], "texture": "#3"},
				"east": {"uv": [5, 2, 6.5, 3], "texture": "#3"},
				"south": {"uv": [5, 3, 6.5, 4], "texture": "#3"},
				"west": {"uv": [4, 5, 5.5, 6], "texture": "#3"},
				"up": {"uv": [3, 1.5, 1.5, 0], "texture": "#3"},
				"down": {"uv": [3, 1.5, 1.5, 3], "texture": "#3"}
			}
		},
		{
			"from": [9, 0, 7],
			"to": [11, 3, 9],
			"rotation": {"angle": 22.5, "axis": "x", "origin": [10, 3, 8]},
			"faces": {
				"north": {"uv": [5.5, 4, 6.5, 5.5], "texture": "#3"},
				"east": {"uv": [5.5, 5.5, 6.5, 7], "texture": "#3"},
				"south": {"uv": [0, 6, 1, 7.5], "texture": "#3"},
				"west": {"uv": [1, 6, 2, 7.5], "texture": "#3"},
				"up": {"uv": [7.5, 6.5, 6.5, 5.5], "texture": "#3"},
				"down": {"uv": [7.5, 6.5, 6.5, 7.5], "texture": "#3"}
			}
		},
		{
			"from": [5, 0, 7],
			"to": [7, 3, 9],
			"rotation": {"angle": -22.5, "axis": "x", "origin": [6, 3, 8]},
			"faces": {
				"north": {"uv": [2, 6, 3, 7.5], "texture": "#3"},
				"east": {"uv": [3, 6, 4, 7.5], "texture": "#3"},
				"south": {"uv": [4, 6, 5, 7.5], "texture": "#3"},
				"west": {"uv": [6.5, 0, 7.5, 1.5], "texture": "#3"},
				"up": {"uv": [6, 8, 5, 7], "texture": "#3"},
				"down": {"uv": [1, 7.5, 0, 8.5], "texture": "#3"}
			}
		},
		{
			"from": [1.5, 5, 6.5],
			"to": [4, 7, 9.5],
			"rotation": {"angle": -22.5, "axis": "x", "origin": [4, 7, 8]},
			"faces": {
				"north": {"uv": [12, 0, 15, 2], "texture": "#2"},
				"east": {"uv": [12, 2, 15, 4], "texture": "#2"},
				"south": {"uv": [12, 4, 15, 6], "texture": "#2"},
				"west": {"uv": [6, 12, 9, 14], "texture": "#2"},
				"up": {"uv": [3, 3, 0, 0], "texture": "#2"},
				"down": {"uv": [3, 3, 0, 6], "texture": "#2"}
			}
		},
		{
			"from": [2, 2, 7],
			"to": [4, 6, 9],
			"rotation": {"angle": -22.5, "axis": "x", "origin": [4, 7, 8]},
			"faces": {
				"north": {"uv": [0, 6, 2, 10], "texture": "#2"},
				"east": {"uv": [6, 0, 8, 4], "texture": "#2"},
				"south": {"uv": [2, 6, 4, 10], "texture": "#2"},
				"west": {"uv": [4, 6, 6, 10], "texture": "#2"},
				"up": {"uv": [8, 16, 6, 14], "texture": "#2"},
				"down": {"uv": [10, 14, 8, 16], "texture": "#2"}
			}
		},
		{
			"from": [12, 5, 6.5],
			"to": [14.5, 7, 9.5],
			"rotation": {"angle": 22.5, "axis": "x", "origin": [12, 7, 8]},
			"faces": {
				"north": {"uv": [12, 6, 15, 8], "texture": "#2"},
				"east": {"uv": [12, 8, 15, 10], "texture": "#2"},
				"south": {"uv": [9, 12, 12, 14], "texture": "#2"},
				"west": {"uv": [12, 10, 15, 12], "texture": "#2"},
				"up": {"uv": [6, 3, 3, 0], "texture": "#2"},
				"down": {"uv": [6, 3, 3, 6], "texture": "#2"}
			}
		},
		{
			"from": [12, 2, 7],
			"to": [14, 6, 9],
			"rotation": {"angle": 22.5, "axis": "x", "origin": [12, 7, 8]},
			"faces": {
				"north": {"uv": [6, 4, 8, 8], "texture": "#2"},
				"east": {"uv": [8, 0, 10, 4], "texture": "#2"},
				"south": {"uv": [8, 4, 10, 8], "texture": "#2"},
				"west": {"uv": [6, 8, 8, 12], "texture": "#2"},
				"up": {"uv": [12, 16, 10, 14], "texture": "#2"},
				"down": {"uv": [14, 14, 12, 16], "texture": "#2"}
			}
		},
		{
			"from": [9, 0, 7],
			"to": [11, 3, 9],
			"rotation": {"angle": -22.5, "axis": "x", "origin": [10, 3, 8]},
			"faces": {
				"north": {"uv": [10, 3, 12, 6], "texture": "#2"},
				"east": {"uv": [4, 10, 6, 13], "texture": "#2"},
				"south": {"uv": [10, 6, 12, 9], "texture": "#2"},
				"west": {"uv": [10, 9, 12, 12], "texture": "#2"},
				"up": {"uv": [4, 15, 2, 13], "texture": "#2"},
				"down": {"uv": [6, 13, 4, 15], "texture": "#2"}
			}
		},
		{
			"from": [5, 0, 7],
			"to": [7, 3, 9],
			"rotation": {"angle": 22.5, "axis": "x", "origin": [6, 3, 8]},
			"faces": {
				"north": {"uv": [8, 8, 10, 11], "texture": "#2"},
				"east": {"uv": [0, 10, 2, 13], "texture": "#2"},
				"south": {"uv": [10, 0, 12, 3], "texture": "#2"},
				"west": {"uv": [2, 10, 4, 13], "texture": "#2"},
				"up": {"uv": [14, 14, 12, 12], "texture": "#2"},
				"down": {"uv": [2, 13, 0, 15], "texture": "#2"}
			}
		}
	],
	"display": {
		"head": {
			"translation": [0, -42, 0],
			"scale": [2.25, 2.25, 2.25]
		}
	},
	"groups": [
		0,
		1,
		{
			"name": "1",
			"origin": [8, 8, 8],
			"color": 0,
			"nbt": "{}",
			"children": [2, 3, 4, 5, 6, 7]
		},
		{
			"name": "2",
			"origin": [8, 8, 8],
			"color": 0,
			"nbt": "{}",
			"children": [8, 9, 10, 11, 12, 13]
		}
	]
}