{
	"credit": "Made with Blockbench",
	"textures": {
		"0": "item/easy_rpg/mobs/gnome",
		"1": "item/easy_rpg/mobs/gnome_walk_1",
		"2": "item/easy_rpg/mobs/gnome_walk_2",
		"particle": "item/easy_rpg/mobs/gnome"
	},
	"elements": [
		{
			"from": [4.75, 0, 4.75],
			"to": [11.25, 4, 11.25],
			"rotation": {"angle": 0, "axis": "z", "origin": [8, 0, 8]},
			"faces": {
				"north": {"uv": [6, 3, 7.75, 4], "texture": "#0"},
				"east": {"uv": [6, 4, 7.75, 5], "texture": "#0"},
				"south": {"uv": [4.5, 6, 6.25, 7], "texture": "#0"},
				"west": {"uv": [6, 5, 7.75, 6], "texture": "#0"},
				"up": {"uv": [1.75, 1.75, 0, 0], "texture": "#0"},
				"down": {"uv": [1.75, 1.75, 0, 3.5], "texture": "#0"}
			}
		},
		{
			"from": [5.25, 4, 5.25],
			"to": [10.75, 9.5, 10.75],
			"rotation": {"angle": 0, "axis": "z", "origin": [8, 0, 8]},
			"faces": {
				"north": {"uv": [0, 3.5, 1.5, 5], "texture": "#0"},
				"east": {"uv": [3.5, 0, 5, 1.5], "texture": "#0"},
				"south": {"uv": [1.5, 3.5, 3, 5], "texture": "#0"},
				"west": {"uv": [3.5, 1.5, 5, 3], "texture": "#0"},
				"up": {"uv": [4.5, 5, 3, 3.5], "texture": "#0"},
				"down": {"uv": [6, 3, 4.5, 4.5], "texture": "#0"}
			}
		},
		{
			"from": [5.25, 11, 5.25],
			"to": [10.75, 16.5, 10.75],
			"rotation": {"angle": 0, "axis": "z", "origin": [8, 0, 8]},
			"faces": {
				"north": {"uv": [4.5, 4.5, 6, 6], "texture": "#0"},
				"east": {"uv": [0, 5, 1.5, 6.5], "texture": "#0"},
				"south": {"uv": [5, 0, 6.5, 1.5], "texture": "#0"},
				"west": {"uv": [1.5, 5, 3, 6.5], "texture": "#0"},
				"up": {"uv": [6.5, 3, 5, 1.5], "texture": "#0"},
				"down": {"uv": [4.5, 5, 3, 6.5], "texture": "#0"}
			}
		},
		{
			"from": [6, 16, 6],
			"to": [10, 21.5, 10],
			"rotation": {"angle": 0, "axis": "z", "origin": [8, 0, 8]},
			"faces": {
				"north": {"uv": [6.25, 6, 7.25, 7.5], "texture": "#0"},
				"east": {"uv": [0, 6.5, 1, 8], "texture": "#0"},
				"south": {"uv": [6.5, 0, 7.5, 1.5], "texture": "#0"},
				"west": {"uv": [1, 6.5, 2, 8], "texture": "#0"},
				"up": {"uv": [7.5, 2.5, 6.5, 1.5], "texture": "#0"},
				"down": {"uv": [3, 6.5, 2, 7.5], "texture": "#0"}
			}
		},
		{
			"from": [4.75, 9, 4.75],
			"to": [11.25, 11, 11.25],
			"rotation": {"angle": 0, "axis": "z", "origin": [8, 0, 8]},
			"faces": {
				"north": {"uv": [6.5, 2.5, 8.25, 3], "texture": "#0"},
				"east": {"uv": [3, 7, 4.75, 7.5], "texture": "#0"},
				"south": {"uv": [7.25, 6, 9, 6.5], "texture": "#0"},
				"west": {"uv": [7.25, 6.5, 9, 7], "texture": "#0"},
				"up": {"uv": [3.5, 1.75, 1.75, 0], "texture": "#0"},
				"down": {"uv": [3.5, 1.75, 1.75, 3.5], "texture": "#0"}
			}
		},
		{
			"from": [5.75, -0.025, 3.75],
			"to": [7.25, 0.975, 5.25],
			"rotation": {"angle": 22.5, "axis": "x", "origin": [8, 0, 5]},
			"faces": {
				"north": {"uv": [6, 0, 8, 1], "texture": "#1"},
				"east": {"uv": [6, 1, 8, 2], "texture": "#1"},
				"south": {"uv": [2, 6, 4, 7], "texture": "#1"},
				"west": {"uv": [6, 2, 8, 3], "texture": "#1"},
				"up": {"uv": [2, 2, 0, 0], "texture": "#1"},
				"down": {"uv": [2, 2, 0, 4], "texture": "#1"}
			}
		},
		{
			"from": [8.75, -0.275, 4],
			"to": [10.25, 0.725, 5.5],
			"rotation": {"angle": -22.5, "axis": "x", "origin": [8, 0, 5]},
			"faces": {
				"north": {"uv": [6, 3, 8, 4], "texture": "#1"},
				"east": {"uv": [4, 6, 6, 7], "texture": "#1"},
				"south": {"uv": [6, 4, 8, 5], "texture": "#1"},
				"west": {"uv": [6, 5, 8, 6], "texture": "#1"},
				"up": {"uv": [4, 2, 2, 0], "texture": "#1"},
				"down": {"uv": [4, 2, 2, 4], "texture": "#1"}
			}
		},
		{
			"from": [3.75, 3.5, 8.75],
			"to": [5.25, 4.5, 10.25],
			"rotation": {"angle": 0, "axis": "z", "origin": [8, 0, 8]},
			"faces": {
				"north": {"uv": [6, 6, 8, 7], "texture": "#1"},
				"east": {"uv": [2, 7, 4, 8], "texture": "#1"},
				"south": {"uv": [4, 7, 6, 8], "texture": "#1"},
				"west": {"uv": [6, 7, 8, 8], "texture": "#1"},
				"up": {"uv": [2, 6, 0, 4], "texture": "#1"},
				"down": {"uv": [6, 0, 4, 2], "texture": "#1"}
			}
		},
		{
			"from": [10.75, 3.5, 6.75],
			"to": [12.25, 4.5, 8.25],
			"rotation": {"angle": 0, "axis": "z", "origin": [8, 0, 8]},
			"faces": {
				"north": {"uv": [0, 8, 2, 9], "texture": "#1"},
				"east": {"uv": [8, 0, 10, 1], "texture": "#1"},
				"south": {"uv": [8, 1, 10, 2], "texture": "#1"},
				"west": {"uv": [2, 8, 4, 9], "texture": "#1"},
				"up": {"uv": [4, 6, 2, 4], "texture": "#1"},
				"down": {"uv": [6, 2, 4, 4], "texture": "#1"}
			}
		},
		{
			"from": [7.25, 4.25, 4.75],
			"to": [8.75, 6.25, 5.25],
			"rotation": {"angle": 0, "axis": "z", "origin": [8, 0, 8]},
			"faces": {
				"north": {"uv": [4, 4, 6, 6], "texture": "#1"},
				"east": {"uv": [8, 2, 9, 4], "texture": "#1"},
				"south": {"uv": [0, 6, 2, 8], "texture": "#1"},
				"west": {"uv": [4, 8, 5, 10], "texture": "#1"},
				"up": {"uv": [10, 5, 8, 4], "texture": "#1"},
				"down": {"uv": [7, 8, 5, 9], "texture": "#1"}
			}
		},
		{
			"from": [8.75, -0.025, 3.75],
			"to": [10.25, 0.975, 5.25],
			"rotation": {"angle": 22.5, "axis": "x", "origin": [8, 0, 5]},
			"faces": {
				"north": {"uv": [6, 0, 8, 1], "texture": "#2"},
				"east": {"uv": [6, 1, 8, 2], "texture": "#2"},
				"south": {"uv": [2, 6, 4, 7], "texture": "#2"},
				"west": {"uv": [6, 2, 8, 3], "texture": "#2"},
				"up": {"uv": [2, 2, 0, 0], "texture": "#2"},
				"down": {"uv": [2, 2, 0, 4], "texture": "#2"}
			}
		},
		{
			"from": [5.75, -0.275, 4],
			"to": [7.25, 0.725, 5.5],
			"rotation": {"angle": -22.5, "axis": "x", "origin": [8, 0, 5]},
			"faces": {
				"north": {"uv": [6, 3, 8, 4], "texture": "#2"},
				"east": {"uv": [4, 6, 6, 7], "texture": "#2"},
				"south": {"uv": [6, 4, 8, 5], "texture": "#2"},
				"west": {"uv": [6, 5, 8, 6], "texture": "#2"},
				"up": {"uv": [4, 2, 2, 0], "texture": "#2"},
				"down": {"uv": [4, 2, 2, 4], "texture": "#2"}
			}
		},
		{
			"from": [3.75, 3.5, 6.75],
			"to": [5.25, 4.5, 8.25],
			"rotation": {"angle": 0, "axis": "y", "origin": [8, 0, 8]},
			"faces": {
				"north": {"uv": [6, 6, 8, 7], "texture": "#2"},
				"east": {"uv": [2, 7, 4, 8], "texture": "#2"},
				"south": {"uv": [4, 7, 6, 8], "texture": "#2"},
				"west": {"uv": [6, 7, 8, 8], "texture": "#2"},
				"up": {"uv": [2, 6, 0, 4], "texture": "#2"},
				"down": {"uv": [6, 0, 4, 2], "texture": "#2"}
			}
		},
		{
			"from": [10.75, 3.5, 8.75],
			"to": [12.25, 4.5, 10.25],
			"rotation": {"angle": 0, "axis": "y", "origin": [8, 0, 8]},
			"faces": {
				"north": {"uv": [0, 8, 2, 9], "texture": "#2"},
				"east": {"uv": [8, 0, 10, 1], "texture": "#2"},
				"south": {"uv": [8, 1, 10, 2], "texture": "#2"},
				"west": {"uv": [2, 8, 4, 9], "texture": "#2"},
				"up": {"uv": [4, 6, 2, 4], "texture": "#2"},
				"down": {"uv": [6, 2, 4, 4], "texture": "#2"}
			}
		},
		{
			"from": [7.25, 4.75, 4.75],
			"to": [8.75, 6.75, 5.25],
			"rotation": {"angle": 0, "axis": "y", "origin": [8, 0, 8]},
			"faces": {
				"north": {"uv": [4, 4, 6, 6], "texture": "#2"},
				"east": {"uv": [8, 2, 9, 4], "texture": "#2"},
				"south": {"uv": [0, 6, 2, 8], "texture": "#2"},
				"west": {"uv": [4, 8, 5, 10], "texture": "#2"},
				"up": {"uv": [10, 5, 8, 4], "texture": "#2"},
				"down": {"uv": [7, 8, 5, 9], "texture": "#2"}
			}
		}
	],
	"display": {
		"head": {
			"translation": [0, -42, 0],
			"scale": [2.25, 2.25, 2.25]
		}
	},
	"groups": [
		0,
		1,
		2,
		3,
		4,
		{
			"name": "1",
			"origin": [8, 8, 8],
			"color": 0,
			"nbt": "{}",
			"children": [5, 6, 7, 8, 9]
		},
		{
			"name": "2",
			"origin": [8, 8, 8],
			"color": 0,
			"nbt": "{}",
			"children": [10, 11, 12, 13, 14]
		}
	]
}