{
	"credit": "Made with Blockbench",
	"texture_size": [64, 64],
	"textures": {
		"1": "item/easy_rpg/mobs/gnome_damage"
	},
	"elements": [
		{
			"from": [4.75, 0, 4.75],
			"to": [11.25, 4, 11.25],
			"faces": {
				"north": {"uv": [6, 3, 7.75, 4], "texture": "#1"},
				"east": {"uv": [6, 4, 7.75, 5], "texture": "#1"},
				"south": {"uv": [4.5, 6, 6.25, 7], "texture": "#1"},
				"west": {"uv": [6, 5, 7.75, 6], "texture": "#1"},
				"up": {"uv": [1.75, 1.75, 0, 0], "texture": "#1"},
				"down": {"uv": [1.75, 1.75, 0, 3.5], "texture": "#1"}
			}
		},
		{
			"from": [8.75, -0.025, 3.75],
			"to": [10.25, 0.975, 5.25],
			"faces": {
				"north": {"uv": [7.5, 2, 8, 2.25], "texture": "#1"},
				"east": {"uv": [7.5, 2.25, 8, 2.5], "texture": "#1"},
				"south": {"uv": [2.5, 7.5, 3, 7.75], "texture": "#1"},
				"west": {"uv": [3, 7.5, 3.5, 7.75], "texture": "#1"},
				"up": {"uv": [4, 3.5, 3.5, 3], "texture": "#1"},
				"down": {"uv": [4.5, 3, 4, 3.5], "texture": "#1"}
			}
		},
		{
			"from": [5.75, -0.025, 3.75],
			"to": [7.25, 0.975, 5.25],
			"faces": {
				"north": {"uv": [3.5, 7.5, 4, 7.75], "texture": "#1"},
				"east": {"uv": [4, 7.5, 4.5, 7.75], "texture": "#1"},
				"south": {"uv": [4.5, 7.5, 5, 7.75], "texture": "#1"},
				"west": {"uv": [5, 7.5, 5.5, 7.75], "texture": "#1"},
				"up": {"uv": [3.5, 7, 3, 6.5], "texture": "#1"},
				"down": {"uv": [4, 6.5, 3.5, 7], "texture": "#1"}
			}
		},
		{
			"from": [0.75, 5.5, 7.75],
			"to": [2.25, 6.5, 9.25],
			"rotation": {"angle": -22.5, "axis": "z", "origin": [0, 0, 0]},
			"faces": {
				"north": {"uv": [5.5, 7.5, 6, 7.75], "texture": "#1"},
				"east": {"uv": [6, 7.5, 6.5, 7.75], "texture": "#1"},
				"south": {"uv": [6.5, 7.5, 7, 7.75], "texture": "#1"},
				"west": {"uv": [7, 7.5, 7.5, 7.75], "texture": "#1"},
				"up": {"uv": [4.5, 7, 4, 6.5], "texture": "#1"},
				"down": {"uv": [5.25, 7, 4.75, 7.5], "texture": "#1"}
			}
		},
		{
			"from": [7.25, 4.5, 4.75],
			"to": [8.75, 6.5, 5.25],
			"faces": {
				"north": {"uv": [7.25, 7, 7.75, 7.5], "texture": "#1"},
				"east": {"uv": [7.75, 3.25, 8, 3.75], "texture": "#1"},
				"south": {"uv": [7.5, 0, 8, 0.5], "texture": "#1"},
				"west": {"uv": [3.5, 7.75, 3.75, 8.25], "texture": "#1"},
				"up": {"uv": [4.25, 8, 3.75, 7.75], "texture": "#1"},
				"down": {"uv": [8.25, 3.75, 7.75, 4], "texture": "#1"}
			}
		},
		{
			"from": [8.25, 6.25, 4.5],
			"to": [10.25, 8.25, 5.25],
			"faces": {
				"north": {"uv": [7.5, 0.5, 8, 1], "texture": "#1"},
				"east": {"uv": [7.75, 4, 8, 4.5], "texture": "#1"},
				"south": {"uv": [7.5, 1, 8, 1.5], "texture": "#1"},
				"west": {"uv": [4.25, 7.75, 4.5, 8.25], "texture": "#1"},
				"up": {"uv": [5, 8, 4.5, 7.75], "texture": "#1"},
				"down": {"uv": [8.25, 4.5, 7.75, 4.75], "texture": "#1"}
			}
		},
		{
			"from": [5.75, 7.25, 4.5],
			"to": [7.75, 9.25, 5.25],
			"faces": {
				"north": {"uv": [7.5, 1.5, 8, 2], "texture": "#1"},
				"east": {"uv": [7.75, 4.75, 8, 5.25], "texture": "#1"},
				"south": {"uv": [2, 7.5, 2.5, 8], "texture": "#1"},
				"west": {"uv": [5, 7.75, 5.25, 8.25], "texture": "#1"},
				"up": {"uv": [5.75, 8, 5.25, 7.75], "texture": "#1"},
				"down": {"uv": [8.25, 5.25, 7.75, 5.5], "texture": "#1"}
			}
		},
		{
			"from": [12.75, -1.5, 7.75],
			"to": [14.25, -0.5, 9.25],
			"rotation": {"angle": 22.5, "axis": "z", "origin": [0, 0, 0]},
			"faces": {
				"north": {"uv": [7.5, 7.5, 8, 7.75], "texture": "#1"},
				"east": {"uv": [2.5, 7.75, 3, 8], "texture": "#1"},
				"south": {"uv": [3, 7.75, 3.5, 8], "texture": "#1"},
				"west": {"uv": [7.75, 3, 8.25, 3.25], "texture": "#1"},
				"up": {"uv": [5.75, 7.5, 5.25, 7], "texture": "#1"},
				"down": {"uv": [6.25, 7, 5.75, 7.5], "texture": "#1"}
			}
		},
		{
			"from": [5.25, 4, 5.25],
			"to": [10.75, 9.5, 10.75],
			"faces": {
				"north": {"uv": [0, 3.5, 1.5, 5], "texture": "#1"},
				"east": {"uv": [3.5, 0, 5, 1.5], "texture": "#1"},
				"south": {"uv": [1.5, 3.5, 3, 5], "texture": "#1"},
				"west": {"uv": [3.5, 1.5, 5, 3], "texture": "#1"},
				"up": {"uv": [4.5, 5, 3, 3.5], "texture": "#1"},
				"down": {"uv": [6, 3, 4.5, 4.5], "texture": "#1"}
			}
		},
		{
			"from": [5.25, 11, 5.25],
			"to": [10.75, 16.5, 10.75],
			"faces": {
				"north": {"uv": [4.5, 4.5, 6, 6], "texture": "#1"},
				"east": {"uv": [0, 5, 1.5, 6.5], "texture": "#1"},
				"south": {"uv": [5, 0, 6.5, 1.5], "texture": "#1"},
				"west": {"uv": [1.5, 5, 3, 6.5], "texture": "#1"},
				"up": {"uv": [6.5, 3, 5, 1.5], "texture": "#1"},
				"down": {"uv": [4.5, 5, 3, 6.5], "texture": "#1"}
			}
		},
		{
			"from": [6, 16, 6],
			"to": [10, 21.5, 10],
			"faces": {
				"north": {"uv": [6.25, 6, 7.25, 7.5], "texture": "#1"},
				"east": {"uv": [0, 6.5, 1, 8], "texture": "#1"},
				"south": {"uv": [6.5, 0, 7.5, 1.5], "texture": "#1"},
				"west": {"uv": [1, 6.5, 2, 8], "texture": "#1"},
				"up": {"uv": [7.5, 2.5, 6.5, 1.5], "texture": "#1"},
				"down": {"uv": [3, 6.5, 2, 7.5], "texture": "#1"}
			}
		},
		{
			"from": [4.75, 9, 4.75],
			"to": [11.25, 11, 11.25],
			"faces": {
				"north": {"uv": [6.5, 2.5, 8.25, 3], "texture": "#1"},
				"east": {"uv": [3, 7, 4.75, 7.5], "texture": "#1"},
				"south": {"uv": [7.25, 6, 9, 6.5], "texture": "#1"},
				"west": {"uv": [7.25, 6.5, 9, 7], "texture": "#1"},
				"up": {"uv": [3.5, 1.75, 1.75, 0], "texture": "#1"},
				"down": {"uv": [3.5, 1.75, 1.75, 3.5], "texture": "#1"}
			}
		}
	],
	"display": {
		"head": {
			"translation": [0, -42, 0],
			"scale": [2.25, 2.25, 2.25]
		}
	}
}