{
	"credit": "Made with Blockbench",
	"texture_size": [64, 64],
	"textures": {
		"0": "item/easy_rpg/mobs/gnome",
		"particle": "item/easy_rpg/mobs/gnome"
	},
	"elements": [
		{
			"from": [4.75, 0, 4.75],
			"to": [11.25, 4, 11.25],
			"faces": {
				"north": {"uv": [6, 3, 7.75, 4], "texture": "#0"},
				"east": {"uv": [6, 4, 7.75, 5], "texture": "#0"},
				"south": {"uv": [4.5, 6, 6.25, 7], "texture": "#0"},
				"west": {"uv": [6, 5, 7.75, 6], "texture": "#0"},
				"up": {"uv": [1.75, 1.75, 0, 0], "texture": "#0"},
				"down": {"uv": [1.75, 1.75, 0, 3.5], "texture": "#0"}
			}
		},
		{
			"from": [8.75, -0.025, 3.75],
			"to": [10.25, 0.975, 5.25],
			"faces": {
				"north": {"uv": [2, 7.5, 2.5, 7.75], "texture": "#0"},
				"east": {"uv": [7.5, 2, 8, 2.25], "texture": "#0"},
				"south": {"uv": [7.5, 2.25, 8, 2.5], "texture": "#0"},
				"west": {"uv": [2.5, 7.5, 3, 7.75], "texture": "#0"},
				"up": {"uv": [3.5, 7, 3, 6.5], "texture": "#0"},
				"down": {"uv": [4, 6.5, 3.5, 7], "texture": "#0"}
			}
		},
		{
			"from": [5.75, -0.025, 3.75],
			"to": [7.25, 0.975, 5.25],
			"faces": {
				"north": {"uv": [3, 7.5, 3.5, 7.75], "texture": "#0"},
				"east": {"uv": [3.5, 7.5, 4, 7.75], "texture": "#0"},
				"south": {"uv": [4, 7.5, 4.5, 7.75], "texture": "#0"},
				"west": {"uv": [4.5, 7.5, 5, 7.75], "texture": "#0"},
				"up": {"uv": [4.5, 7, 4, 6.5], "texture": "#0"},
				"down": {"uv": [5.25, 7, 4.75, 7.5], "texture": "#0"}
			}
		},
		{
			"from": [3.75, 3.5, 7.75],
			"to": [5.25, 4.5, 9.25],
			"faces": {
				"north": {"uv": [5, 7.5, 5.5, 7.75], "texture": "#0"},
				"east": {"uv": [5.5, 7.5, 6, 7.75], "texture": "#0"},
				"south": {"uv": [6, 7.5, 6.5, 7.75], "texture": "#0"},
				"west": {"uv": [6.5, 7.5, 7, 7.75], "texture": "#0"},
				"up": {"uv": [5.75, 7.5, 5.25, 7], "texture": "#0"},
				"down": {"uv": [6.25, 7, 5.75, 7.5], "texture": "#0"}
			}
		},
		{
			"from": [7.25, 4.5, 4.75],
			"to": [8.75, 6.5, 5.25],
			"faces": {
				"north": {"uv": [3.5, 3, 4, 3.5], "texture": "#0"},
				"east": {"uv": [7.5, 0.5, 7.75, 1], "texture": "#0"},
				"south": {"uv": [4, 3, 4.5, 3.5], "texture": "#0"},
				"west": {"uv": [7.5, 1, 7.75, 1.5], "texture": "#0"},
				"up": {"uv": [8, 1.75, 7.5, 1.5], "texture": "#0"},
				"down": {"uv": [8, 1.75, 7.5, 2], "texture": "#0"}
			}
		},
		{
			"from": [10.75, 3.5, 7.75],
			"to": [12.25, 4.5, 9.25],
			"faces": {
				"north": {"uv": [7, 7.5, 7.5, 7.75], "texture": "#0"},
				"east": {"uv": [7.5, 7.5, 8, 7.75], "texture": "#0"},
				"south": {"uv": [7.75, 0.5, 8.25, 0.75], "texture": "#0"},
				"west": {"uv": [7.75, 0.75, 8.25, 1], "texture": "#0"},
				"up": {"uv": [7.75, 7.5, 7.25, 7], "texture": "#0"},
				"down": {"uv": [8, 0, 7.5, 0.5], "texture": "#0"}
			}
		},
		{
			"from": [5.25, 4, 5.25],
			"to": [10.75, 9.5, 10.75],
			"faces": {
				"north": {"uv": [0, 3.5, 1.5, 5], "texture": "#0"},
				"east": {"uv": [3.5, 0, 5, 1.5], "texture": "#0"},
				"south": {"uv": [1.5, 3.5, 3, 5], "texture": "#0"},
				"west": {"uv": [3.5, 1.5, 5, 3], "texture": "#0"},
				"up": {"uv": [4.5, 5, 3, 3.5], "texture": "#0"},
				"down": {"uv": [6, 3, 4.5, 4.5], "texture": "#0"}
			}
		},
		{
			"from": [5.25, 11, 5.25],
			"to": [10.75, 16.5, 10.75],
			"faces": {
				"north": {"uv": [4.5, 4.5, 6, 6], "texture": "#0"},
				"east": {"uv": [0, 5, 1.5, 6.5], "texture": "#0"},
				"south": {"uv": [5, 0, 6.5, 1.5], "texture": "#0"},
				"west": {"uv": [1.5, 5, 3, 6.5], "texture": "#0"},
				"up": {"uv": [6.5, 3, 5, 1.5], "texture": "#0"},
				"down": {"uv": [4.5, 5, 3, 6.5], "texture": "#0"}
			}
		},
		{
			"from": [6, 16, 6],
			"to": [10, 21.5, 10],
			"faces": {
				"north": {"uv": [6.25, 6, 7.25, 7.5], "texture": "#0"},
				"east": {"uv": [0, 6.5, 1, 8], "texture": "#0"},
				"south": {"uv": [6.5, 0, 7.5, 1.5], "texture": "#0"},
				"west": {"uv": [1, 6.5, 2, 8], "texture": "#0"},
				"up": {"uv": [7.5, 2.5, 6.5, 1.5], "texture": "#0"},
				"down": {"uv": [3, 6.5, 2, 7.5], "texture": "#0"}
			}
		},
		{
			"from": [4.75, 9, 4.75],
			"to": [11.25, 11, 11.25],
			"faces": {
				"north": {"uv": [6.5, 2.5, 8.25, 3], "texture": "#0"},
				"east": {"uv": [3, 7, 4.75, 7.5], "texture": "#0"},
				"south": {"uv": [7.25, 6, 9, 6.5], "texture": "#0"},
				"west": {"uv": [7.25, 6.5, 9, 7], "texture": "#0"},
				"up": {"uv": [3.5, 1.75, 1.75, 0], "texture": "#0"},
				"down": {"uv": [3.5, 1.75, 1.75, 3.5], "texture": "#0"}
			}
		}
	],
	"display": {
		"thirdperson_righthand": {
			"scale": [2.25, 2.25, 2.25]
		},
		"head": {
			"translation": [0, -42, 0],
			"scale": [2.25, 2.25, 2.25]
		}
	}
}