{
	"credit": "Made with Blockbench",
	"texture_size": [32, 32],
	"textures": {
		"2": "block/ice_damaged",
		"particle": "block/ice_damaged"
	},
	"elements": [
		{
			"from": [3, 0, 2],
			"to": [9, 5, 9],
			"faces": {
				"north": {"uv": [0, 0, 3, 2.5], "texture": "#2"},
				"east": {"uv": [0, 0, 3.5, 2.5], "texture": "#2"},
				"south": {"uv": [0, 0, 3, 2.5], "texture": "#2"},
				"west": {"uv": [0, 0, 3.5, 2.5], "texture": "#2"},
				"up": {"uv": [0, 0, 3, 3.5], "texture": "#2"},
				"down": {"uv": [0, 0, 3, 3.5], "texture": "#2"}
			}
		},
		{
			"from": [5, 0, 5],
			"to": [12, 10, 12],
			"faces": {
				"north": {"uv": [0, 0, 3.5, 5], "texture": "#2"},
				"east": {"uv": [0, 0, 3.5, 5], "texture": "#2"},
				"south": {"uv": [0, 0, 3.5, 5], "texture": "#2"},
				"west": {"uv": [0, 0, 3.5, 5], "texture": "#2"},
				"up": {"uv": [0, 0, 3.5, 3.5], "texture": "#2"},
				"down": {"uv": [0, 0, 3.5, 3.5], "texture": "#2"}
			}
		},
		{
			"from": [8, 0, 7],
			"to": [14, 2, 14],
			"faces": {
				"north": {"uv": [0, 0, 3, 1], "texture": "#2"},
				"east": {"uv": [0, 0, 3.5, 1], "texture": "#2"},
				"south": {"uv": [0, 0, 3, 1], "texture": "#2"},
				"west": {"uv": [0, 0, 3.5, 1], "texture": "#2"},
				"up": {"uv": [0, 0, 3, 3.5], "texture": "#2"},
				"down": {"uv": [0, 0, 3, 3.5], "texture": "#2"}
			}
		}
	],
	"display": {
		"head": {
			"translation": [0, -42, 0],
			"scale": [2.25, 2.25, 2.25]
		}
	}
}