{
	"credit": "Made with Blockbench",
	"textures": {
		"2": "block/ice",
		"particle": "block/ice"
	},
	"elements": [
		{
			"from": [3, 1, 4],
			"to": [9, 10, 11],
			"faces": {
				"north": {"uv": [0, 0, 6, 9], "texture": "#2"},
				"east": {"uv": [0, 0, 7, 9], "texture": "#2"},
				"south": {"uv": [0, 0, 6, 9], "texture": "#2"},
				"west": {"uv": [0, 0, 3.5, 4.5], "texture": "#2"},
				"up": {"uv": [0, 0, 6, 7], "texture": "#2"},
				"down": {"uv": [0, 0, 6, 7], "texture": "#2"}
			}
		},
		{
			"from": [5, 2, 5],
			"to": [12, 12, 12],
			"faces": {
				"north": {"uv": [0, 0, 7, 10], "texture": "#2"},
				"east": {"uv": [0, 0, 7, 10], "texture": "#2"},
				"south": {"uv": [0, 0, 7, 10], "texture": "#2"},
				"west": {"uv": [0, 0, 3.5, 5], "texture": "#2"},
				"up": {"uv": [0, 0, 7, 7], "texture": "#2"},
				"down": {"uv": [0, 0, 7, 7], "texture": "#2"}
			}
		},
		{
			"from": [6, 0, 6],
			"to": [11, 5, 11],
			"faces": {
				"north": {"uv": [0, 0, 5, 5], "texture": "#2"},
				"east": {"uv": [0, 0, 5, 5], "texture": "#2"},
				"south": {"uv": [0, 0, 5, 5], "texture": "#2"},
				"west": {"uv": [0, 0, 2.5, 2.5], "texture": "#2"},
				"up": {"uv": [0, 0, 5, 5], "texture": "#2"},
				"down": {"uv": [0, 0, 5, 5], "texture": "#2"}
			}
		}
	],
	"display": {
		"head": {
			"translation": [0, -42, 0],
			"scale": [2.25, 2.25, 2.25]
		}
	}
}