{
	"credit": "Made with Blockbench",
	"textures": {
		"1": "item/easy_rpg/mobs/ice_cream_guy",
		"2": "item/easy_rpg/mobs/ice_cream_guy_walk",
		"particle": "item/easy_rpg/mobs/ice_cream_guy_walk"
	},
	"elements": [
		{
			"from": [3.5, 1, 3.5],
			"to": [12.5, 3, 12.5],
			"faces": {
				"north": {"uv": [7.75, 3.25, 10, 3.75], "texture": "#1"},
				"east": {"uv": [8.5, 3.75, 10.75, 4.25], "texture": "#1"},
				"south": {"uv": [8.5, 4.25, 10.75, 4.75], "texture": "#1"},
				"west": {"uv": [8.5, 4.75, 10.75, 5.25], "texture": "#1"},
				"up": {"uv": [5.25, 7.75, 3, 5.5], "texture": "#1"},
				"down": {"uv": [7.5, 5.5, 5.25, 7.75], "texture": "#1"}
			}
		},
		{
			"from": [2, 3, 2],
			"to": [14, 7, 14],
			"faces": {
				"north": {"uv": [7.5, 6.5, 10.5, 7.5], "texture": "#1"},
				"east": {"uv": [7.5, 7.5, 10.5, 8.5], "texture": "#1"},
				"south": {"uv": [7.75, 0, 10.75, 1], "texture": "#1"},
				"west": {"uv": [7.75, 1, 10.75, 2], "texture": "#1"},
				"up": {"uv": [3, 3, 0, 0], "texture": "#1"},
				"down": {"uv": [3, 3, 0, 6], "texture": "#1"}
			}
		},
		{
			"from": [2.5, 7, 2.5],
			"to": [13.5, 12, 13.5],
			"faces": {
				"north": {"uv": [5.75, 4, 8.5, 5.25], "texture": "#1"},
				"east": {"uv": [0, 6, 2.75, 7.25], "texture": "#1"},
				"south": {"uv": [0, 7.25, 2.75, 8.5], "texture": "#1"},
				"west": {"uv": [7.5, 5.25, 10.25, 6.5], "texture": "#1"},
				"up": {"uv": [5.75, 2.75, 3, 0], "texture": "#1"},
				"down": {"uv": [5.75, 2.75, 3, 5.5], "texture": "#1"}
			}
		},
		{
			"from": [3.5, 12, 3.5],
			"to": [11.5, 17, 11.5],
			"faces": {
				"north": {"uv": [7.75, 2, 9.75, 3.25], "texture": "#1"},
				"east": {"uv": [2.75, 7.75, 4.75, 9], "texture": "#1"},
				"south": {"uv": [4.75, 7.75, 6.75, 9], "texture": "#1"},
				"west": {"uv": [0, 8.5, 2, 9.75], "texture": "#1"},
				"up": {"uv": [7.75, 2, 5.75, 0], "texture": "#1"},
				"down": {"uv": [7.75, 2, 5.75, 4], "texture": "#1"}
			}
		},
		{
			"from": [7.5, 17, 7.5],
			"to": [9.5, 19, 9.5],
			"faces": {
				"north": {"uv": [3, 9.5, 3.5, 10], "texture": "#1"},
				"east": {"uv": [3.5, 9.5, 4, 10], "texture": "#1"},
				"south": {"uv": [4, 9.5, 4.5, 10], "texture": "#1"},
				"west": {"uv": [4.5, 9.5, 5, 10], "texture": "#1"},
				"up": {"uv": [5.5, 10, 5, 9.5], "texture": "#1"},
				"down": {"uv": [6, 9.5, 5.5, 10], "texture": "#1"}
			}
		},
		{
			"from": [7.5, 19, 8.5],
			"to": [8.75, 21, 8.5],
			"faces": {
				"north": {"uv": [2, 9.5, 2.5, 10], "texture": "#1"},
				"east": {"uv": [0, 0, 0, 0.5], "texture": "#1"},
				"south": {"uv": [2.5, 9.5, 3, 10], "texture": "#1"},
				"west": {"uv": [0, 0, 0, 0.5], "texture": "#1"},
				"up": {"uv": [0.5, 0, 0, 0], "texture": "#1"},
				"down": {"uv": [0.5, 0, 0, 0], "texture": "#1"}
			}
		},
		{
			"from": [2.5, 0, 8],
			"to": [5.5, 2, 12],
			"faces": {
				"north": {"uv": [12, 12, 15, 14], "texture": "#2"},
				"east": {"uv": [9, 6, 13, 8], "texture": "#2"},
				"south": {"uv": [13, 0, 16, 2], "texture": "#2"},
				"west": {"uv": [6, 10, 10, 12], "texture": "#2"},
				"up": {"uv": [9, 4, 6, 0], "texture": "#2"},
				"down": {"uv": [9, 4, 6, 8], "texture": "#2"}
			}
		},
		{
			"from": [10.5, 0, 4],
			"to": [13.5, 2, 8],
			"faces": {
				"north": {"uv": [13, 2, 16, 4], "texture": "#2"},
				"east": {"uv": [10, 8, 14, 10], "texture": "#2"},
				"south": {"uv": [13, 4, 16, 6], "texture": "#2"},
				"west": {"uv": [10, 10, 14, 12], "texture": "#2"},
				"up": {"uv": [3, 12, 0, 8], "texture": "#2"},
				"down": {"uv": [6, 8, 3, 12], "texture": "#2"}
			}
		},
		{
			"from": [2.5, 0, 4],
			"to": [5.5, 2, 8],
			"faces": {
				"north": {"uv": [0, 12, 3, 14], "texture": "#2"},
				"east": {"uv": [6, 8, 10, 10], "texture": "#2"},
				"south": {"uv": [3, 12, 6, 14], "texture": "#2"},
				"west": {"uv": [9, 0, 13, 2], "texture": "#2"},
				"up": {"uv": [3, 4, 0, 0], "texture": "#2"},
				"down": {"uv": [6, 0, 3, 4], "texture": "#2"}
			}
		},
		{
			"from": [10.5, 0, 8],
			"to": [13.5, 2, 12],
			"faces": {
				"north": {"uv": [6, 12, 9, 14], "texture": "#2"},
				"east": {"uv": [9, 2, 13, 4], "texture": "#2"},
				"south": {"uv": [9, 12, 12, 14], "texture": "#2"},
				"west": {"uv": [9, 4, 13, 6], "texture": "#2"},
				"up": {"uv": [3, 8, 0, 4], "texture": "#2"},
				"down": {"uv": [6, 4, 3, 8], "texture": "#2"}
			}
		}
	],
	"display": {
		"thirdperson_righthand": {
			"scale": [2.25, 2.25, 2.25]
		},
		"head": {
			"translation": [0, -42, 0],
			"scale": [2.25, 2.25, 2.25]
		}
	},
	"groups": [
		0,
		1,
		2,
		3,
		4,
		5,
		{
			"name": "1",
			"origin": [8, 8, 8],
			"color": 0,
			"nbt": "{}",
			"children": [6, 7]
		},
		{
			"name": "2",
			"origin": [8, 8, 8],
			"color": 0,
			"nbt": "{}",
			"children": [8, 9]
		}
	]
}