{
	"credit": "Made with Blockbench",
	"texture_size": [64, 64],
	"textures": {
		"1": "item/easy_rpg/mobs/ice_cream_guy"
	},
	"elements": [
		{
			"from": [3.5, 1, 3.5],
			"to": [12.5, 3, 12.5],
			"faces": {
				"north": {"uv": [7.75, 3.25, 10, 3.75], "texture": "#1"},
				"east": {"uv": [8.5, 3.75, 10.75, 4.25], "texture": "#1"},
				"south": {"uv": [8.5, 4.25, 10.75, 4.75], "texture": "#1"},
				"west": {"uv": [8.5, 4.75, 10.75, 5.25], "texture": "#1"},
				"up": {"uv": [5.25, 7.75, 3, 5.5], "texture": "#1"},
				"down": {"uv": [7.5, 5.5, 5.25, 7.75], "texture": "#1"}
			}
		},
		{
			"from": [2.5, 0, 6],
			"to": [5.5, 2, 10],
			"faces": {
				"north": {"uv": [6.75, 8.75, 7.5, 9.25], "texture": "#1"},
				"east": {"uv": [2.75, 9, 3.75, 9.5], "texture": "#1"},
				"south": {"uv": [9, 8.5, 9.75, 9], "texture": "#1"},
				"west": {"uv": [3.75, 9, 4.75, 9.5], "texture": "#1"},
				"up": {"uv": [7.5, 8.75, 6.75, 7.75], "texture": "#1"},
				"down": {"uv": [2.75, 8.5, 2, 9.5], "texture": "#1"}
			}
		},
		{
			"from": [10.5, 0, 6],
			"to": [13.5, 2, 10],
			"faces": {
				"north": {"uv": [9, 9, 9.75, 9.5], "texture": "#1"},
				"east": {"uv": [4.75, 9, 5.75, 9.5], "texture": "#1"},
				"south": {"uv": [6.75, 9.25, 7.5, 9.75], "texture": "#1"},
				"west": {"uv": [5.75, 9, 6.75, 9.5], "texture": "#1"},
				"up": {"uv": [8.25, 9.5, 7.5, 8.5], "texture": "#1"},
				"down": {"uv": [9, 8.5, 8.25, 9.5], "texture": "#1"}
			}
		},
		{
			"from": [2, 3, 2],
			"to": [14, 7, 14],
			"faces": {
				"north": {"uv": [7.5, 6.5, 10.5, 7.5], "texture": "#1"},
				"east": {"uv": [7.5, 7.5, 10.5, 8.5], "texture": "#1"},
				"south": {"uv": [7.75, 0, 10.75, 1], "texture": "#1"},
				"west": {"uv": [7.75, 1, 10.75, 2], "texture": "#1"},
				"up": {"uv": [3, 3, 0, 0], "texture": "#1"},
				"down": {"uv": [3, 3, 0, 6], "texture": "#1"}
			}
		},
		{
			"from": [2.5, 7, 2.5],
			"to": [13.5, 12, 13.5],
			"faces": {
				"north": {"uv": [5.75, 4, 8.5, 5.25], "texture": "#1"},
				"east": {"uv": [0, 6, 2.75, 7.25], "texture": "#1"},
				"south": {"uv": [0, 7.25, 2.75, 8.5], "texture": "#1"},
				"west": {"uv": [7.5, 5.25, 10.25, 6.5], "texture": "#1"},
				"up": {"uv": [5.75, 2.75, 3, 0], "texture": "#1"},
				"down": {"uv": [5.75, 2.75, 3, 5.5], "texture": "#1"}
			}
		},
		{
			"from": [3.5, 12, 3.5],
			"to": [11.5, 17, 11.5],
			"faces": {
				"north": {"uv": [7.75, 2, 9.75, 3.25], "texture": "#1"},
				"east": {"uv": [2.75, 7.75, 4.75, 9], "texture": "#1"},
				"south": {"uv": [4.75, 7.75, 6.75, 9], "texture": "#1"},
				"west": {"uv": [0, 8.5, 2, 9.75], "texture": "#1"},
				"up": {"uv": [7.75, 2, 5.75, 0], "texture": "#1"},
				"down": {"uv": [7.75, 2, 5.75, 4], "texture": "#1"}
			}
		},
		{
			"from": [7.5, 17, 7.5],
			"to": [9.5, 19, 9.5],
			"faces": {
				"north": {"uv": [3, 9.5, 3.5, 10], "texture": "#1"},
				"east": {"uv": [3.5, 9.5, 4, 10], "texture": "#1"},
				"south": {"uv": [4, 9.5, 4.5, 10], "texture": "#1"},
				"west": {"uv": [4.5, 9.5, 5, 10], "texture": "#1"},
				"up": {"uv": [5.5, 10, 5, 9.5], "texture": "#1"},
				"down": {"uv": [6, 9.5, 5.5, 10], "texture": "#1"}
			}
		},
		{
			"from": [7.5, 19, 8.5],
			"to": [8.75, 21, 8.5],
			"faces": {
				"north": {"uv": [2, 9.5, 2.5, 10], "texture": "#1"},
				"east": {"uv": [0, 0, 0, 0.5], "texture": "#1"},
				"south": {"uv": [2.5, 9.5, 3, 10], "texture": "#1"},
				"west": {"uv": [0, 0, 0, 0.5], "texture": "#1"},
				"up": {"uv": [0.5, 0, 0, 0], "texture": "#1"},
				"down": {"uv": [0.5, 0, 0, 0], "texture": "#1"}
			}
		}
	],
	"display": {
		"thirdperson_righthand": {
			"scale": [2.25, 2.25, 2.25]
		},
		"head": {
			"translation": [0, -42, 0],
			"scale": [2.25, 2.25, 2.25]
		}
	}
}