{
	"credit": "Made with Blockbench",
	"texture_size": [64, 64],
	"textures": {
		"1": "item/easy_rpg/mobs/moss_guy",
		"3": "item/easy_rpg/mobs/moss_guy_walk",
		"particle": "item/easy_rpg/mobs/moss_guy"
	},
	"elements": [
		{
			"from": [3.5, 3, 3],
			"to": [12.5, 11, 12],
			"rotation": {"angle": 0, "axis": "y", "origin": [0, -2, 0]},
			"faces": {
				"north": {"uv": [2.25, 0, 4.5, 2], "texture": "#1"},
				"east": {"uv": [2.25, 2, 4.5, 4], "texture": "#1"},
				"south": {"uv": [2.25, 4, 4.5, 6], "texture": "#1"},
				"west": {"uv": [0, 4.5, 2.25, 6.5], "texture": "#1"},
				"up": {"uv": [2.25, 2.25, 0, 0], "texture": "#1"},
				"down": {"uv": [2.25, 2.25, 0, 4.5], "texture": "#1"}
			}
		},
		{
			"from": [7.5, 5, 2],
			"to": [9.5, 7, 3],
			"rotation": {"angle": 0, "axis": "y", "origin": [0, -2, 0]},
			"faces": {
				"north": {"uv": [7.75, 6.75, 8.25, 7.25], "texture": "#1"},
				"east": {"uv": [8.25, 2.5, 8.5, 3], "texture": "#1"},
				"south": {"uv": [1.5, 8, 2, 8.5], "texture": "#1"},
				"west": {"uv": [9.5, 6.75, 9.75, 7.25], "texture": "#1"},
				"up": {"uv": [6.75, 7.25, 6.25, 7], "texture": "#1"},
				"down": {"uv": [3, 8.5, 2.5, 8.75], "texture": "#1"}
			}
		},
		{
			"from": [8.925, 5.575, 1.85],
			"to": [9.675, 6.325, 2.35],
			"rotation": {"angle": 0, "axis": "y", "origin": [0, -2, 0]},
			"faces": {
				"north": {"uv": [6, 8, 6.25, 8.25], "texture": "#1"},
				"east": {"uv": [8.25, 8, 8.5, 8.25], "texture": "#1"},
				"south": {"uv": [9.25, 6.25, 9.5, 6.5], "texture": "#1"},
				"west": {"uv": [9.5, 7.25, 9.75, 7.5], "texture": "#1"},
				"up": {"uv": [9.75, 7.75, 9.5, 7.5], "texture": "#1"},
				"down": {"uv": [9.75, 7.75, 9.5, 8], "texture": "#1"}
			}
		},
		{
			"from": [9.5, 7, 2.75],
			"to": [12.75, 11.75, 5.5],
			"rotation": {"angle": 0, "axis": "y", "origin": [0, -2, 0]},
			"faces": {
				"north": {"uv": [8.25, 1.25, 9, 2.5], "texture": "#1"},
				"east": {"uv": [3.75, 8.25, 4.5, 9.5], "texture": "#1"},
				"south": {"uv": [4.5, 8.25, 5.25, 9.5], "texture": "#1"},
				"west": {"uv": [6, 8.25, 6.75, 9.5], "texture": "#1"},
				"up": {"uv": [9.75, 2.5, 9, 1.75], "texture": "#1"},
				"down": {"uv": [9.25, 9, 8.5, 9.75], "texture": "#1"}
			}
		},
		{
			"from": [6.525, 8.75, 2.825],
			"to": [9.5, 11.475, 5.5],
			"rotation": {"angle": 0, "axis": "y", "origin": [0, -2, 0]},
			"faces": {
				"north": {"uv": [0, 9.25, 0.75, 10], "texture": "#1"},
				"east": {"uv": [0.75, 9.25, 1.5, 10], "texture": "#1"},
				"south": {"uv": [1.5, 9.25, 2.25, 10], "texture": "#1"},
				"west": {"uv": [2.25, 9.25, 3, 10], "texture": "#1"},
				"up": {"uv": [10, 3.25, 9.25, 2.5], "texture": "#1"},
				"down": {"uv": [3.75, 9.25, 3, 10], "texture": "#1"}
			}
		},
		{
			"from": [9.5, 5, 6.25],
			"to": [13, 9.5, 9.5],
			"rotation": {"angle": 0, "axis": "y", "origin": [0, -2, 0]},
			"faces": {
				"north": {"uv": [6.75, 6, 7.75, 7.25], "texture": "#1"},
				"east": {"uv": [6.75, 8.25, 7.5, 9.5], "texture": "#1"},
				"south": {"uv": [4.25, 7, 5.25, 8.25], "texture": "#1"},
				"west": {"uv": [8.25, 6.75, 9, 8], "texture": "#1"},
				"up": {"uv": [8.5, 9, 7.5, 8.25], "texture": "#1"},
				"down": {"uv": [2.5, 8.5, 1.5, 9.25], "texture": "#1"}
			}
		},
		{
			"from": [3, 5, 5],
			"to": [11.5, 11.25, 12.5],
			"rotation": {"angle": 0, "axis": "y", "origin": [0, -2, 0]},
			"faces": {
				"north": {"uv": [4.5, 4, 6.75, 5.5], "texture": "#1"},
				"east": {"uv": [2.25, 6, 4.25, 7.5], "texture": "#1"},
				"south": {"uv": [4.5, 5.5, 6.75, 7], "texture": "#1"},
				"west": {"uv": [0, 6.5, 2, 8], "texture": "#1"},
				"up": {"uv": [6.75, 2, 4.5, 0], "texture": "#1"},
				"down": {"uv": [6.75, 2, 4.5, 4], "texture": "#1"}
			}
		},
		{
			"from": [1, 9, 8],
			"to": [7, 15, 8],
			"rotation": {"angle": -22.5, "axis": "y", "origin": [5, 9, 8]},
			"faces": {
				"north": {"uv": [6.75, 0, 8.25, 1.5], "texture": "#1"},
				"east": {"uv": [0, 0, 0, 1.5], "texture": "#1"},
				"south": {"uv": [6.75, 1.5, 8.25, 3], "texture": "#1"},
				"west": {"uv": [0, 0, 0, 1.5], "texture": "#1"},
				"up": {"uv": [1.5, 0, 0, 0], "texture": "#1"},
				"down": {"uv": [1.5, 0, 0, 0], "texture": "#1"}
			}
		},
		{
			"from": [4.5, 7, 4],
			"to": [6.5, 9, 5],
			"rotation": {"angle": 0, "axis": "y", "origin": [0, -2, 0]},
			"faces": {
				"north": {"uv": [4.75, 9.5, 5.25, 10], "texture": "#1"}
			}
		},
		{
			"from": [4.5, 9, 3],
			"to": [6.5, 10, 4],
			"rotation": {"angle": 0, "axis": "y", "origin": [0, -2, 0]},
			"faces": {
				"down": {"uv": [9, 6.5, 8.5, 6.75], "texture": "#1"}
			}
		},
		{
			"from": [4.5, 6, 3],
			"to": [6.5, 7, 4],
			"rotation": {"angle": 0, "axis": "y", "origin": [0, -2, 0]},
			"faces": {
				"up": {"uv": [9.5, 8, 9, 7.75], "texture": "#1"}
			}
		},
		{
			"from": [6.5, 6, 3],
			"to": [7.5, 10, 4],
			"rotation": {"angle": 0, "axis": "y", "origin": [0, -2, 0]},
			"faces": {
				"west": {"uv": [4.25, 6, 4.5, 7], "texture": "#1"}
			}
		},
		{
			"from": [3.5, 6, 3],
			"to": [4.5, 10, 4],
			"rotation": {"angle": 0, "axis": "y", "origin": [0, -2, 0]},
			"faces": {
				"east": {"uv": [2, 6.5, 2.25, 7.5], "texture": "#1"}
			}
		},
		{
			"from": [1, 4, 6],
			"to": [3, 9, 9],
			"rotation": {"angle": -22.5, "axis": "x", "origin": [3, 8, 7.5]},
			"faces": {
				"north": {"uv": [3.75, 5, 4.25, 6.25], "texture": "#3"},
				"east": {"uv": [2, 0, 2.75, 1.25], "texture": "#3"},
				"south": {"uv": [4.25, 5, 4.75, 6.25], "texture": "#3"},
				"west": {"uv": [2, 1.25, 2.75, 2.5], "texture": "#3"},
				"up": {"uv": [2, 3.75, 1.5, 3], "texture": "#3"},
				"down": {"uv": [5.75, 7, 5.25, 7.75], "texture": "#3"}
			}
		},
		{
			"from": [0.25, 3.5, 7.5],
			"to": [3.75, 7.5, 7.5],
			"rotation": {"angle": -22.5, "axis": "x", "origin": [3, 8, 7.5]},
			"faces": {
				"north": {"uv": [4.25, 0, 5.125, 1], "texture": "#3"},
				"east": {"uv": [0, 0, 0, 1], "texture": "#3"},
				"south": {"uv": [4.25, 1, 5.125, 2], "texture": "#3"},
				"west": {"uv": [0, 0, 0, 1], "texture": "#3"},
				"up": {"uv": [0.875, 0, 0, 0], "texture": "#3"},
				"down": {"uv": [0.875, 0, 0, 0], "texture": "#3"}
			}
		},
		{
			"from": [1, 4, 6],
			"to": [3, 9, 9],
			"rotation": {"angle": 22.5, "axis": "x", "origin": [3, 8, 7.5]},
			"faces": {
				"north": {"uv": [0, 5.5, 0.5, 6.75], "texture": "#3"},
				"east": {"uv": [2.75, 1.25, 3.5, 2.5], "texture": "#3"},
				"south": {"uv": [5.5, 3.75, 6, 5], "texture": "#3"},
				"west": {"uv": [2.75, 2.5, 3.5, 3.75], "texture": "#3"},
				"up": {"uv": [7.75, 4.5, 7.25, 3.75], "texture": "#3"},
				"down": {"uv": [6.25, 7.25, 5.75, 8], "texture": "#3"}
			}
		},
		{
			"from": [0.25, 3.5, 7.5],
			"to": [3.75, 7.5, 7.5],
			"rotation": {"angle": 22.5, "axis": "x", "origin": [3, 8, 7.5]},
			"faces": {
				"north": {"uv": [4.25, 2, 5.125, 3], "texture": "#3"},
				"east": {"uv": [0, 0, 0, 1], "texture": "#3"},
				"south": {"uv": [4.5, 3, 5.375, 4], "texture": "#3"},
				"west": {"uv": [0, 0, 0, 1], "texture": "#3"},
				"up": {"uv": [0.875, 0, 0, 0], "texture": "#3"},
				"down": {"uv": [0.875, 0, 0, 0], "texture": "#3"}
			}
		},
		{
			"from": [13, 4, 6],
			"to": [15, 9, 9],
			"rotation": {"angle": 22.5, "axis": "x", "origin": [13, 8, 7.5]},
			"faces": {
				"north": {"uv": [4.75, 5.75, 5.25, 7], "texture": "#3"},
				"east": {"uv": [0, 3, 0.75, 4.25], "texture": "#3"},
				"south": {"uv": [5.75, 5, 6.25, 6.25], "texture": "#3"},
				"west": {"uv": [0.75, 3, 1.5, 4.25], "texture": "#3"},
				"up": {"uv": [6.75, 8, 6.25, 7.25], "texture": "#3"},
				"down": {"uv": [1.25, 7.5, 0.75, 8.25], "texture": "#3"}
			}
		},
		{
			"from": [12.25, 5.5, 7.5],
			"to": [15.75, 9.5, 7.5],
			"rotation": {"angle": 22.5, "axis": "x", "origin": [13, 8, 7.5]},
			"faces": {
				"north": {"uv": [4.5, 4, 5.375, 5], "texture": "#3"},
				"east": {"uv": [0, 0, 0, 1], "texture": "#3"},
				"south": {"uv": [0.75, 5, 1.625, 6], "texture": "#3"},
				"west": {"uv": [0, 0, 0, 1], "texture": "#3"},
				"up": {"uv": [0.875, 0, 0, 0], "texture": "#3"},
				"down": {"uv": [0.875, 0, 0, 0], "texture": "#3"}
			}
		},
		{
			"from": [13, 4, 6],
			"to": [15, 9, 9],
			"rotation": {"angle": -22.5, "axis": "x", "origin": [13, 8, 7.5]},
			"faces": {
				"north": {"uv": [5.25, 5.75, 5.75, 7], "texture": "#3"},
				"east": {"uv": [3.5, 0, 4.25, 1.25], "texture": "#3"},
				"south": {"uv": [0.5, 6, 1, 7.25], "texture": "#3"},
				"west": {"uv": [3.5, 1.25, 4.25, 2.5], "texture": "#3"},
				"up": {"uv": [1.75, 8.25, 1.25, 7.5], "texture": "#3"},
				"down": {"uv": [8, 2.25, 7.5, 3], "texture": "#3"}
			}
		},
		{
			"from": [12.25, 5.5, 7.5],
			"to": [15.75, 9.5, 7.5],
			"rotation": {"angle": -22.5, "axis": "x", "origin": [13, 8, 7.5]},
			"faces": {
				"north": {"uv": [1.75, 5, 2.625, 6], "texture": "#3"},
				"east": {"uv": [0, 0, 0, 1], "texture": "#3"},
				"south": {"uv": [2.75, 5, 3.625, 6], "texture": "#3"},
				"west": {"uv": [0, 0, 0, 1], "texture": "#3"},
				"up": {"uv": [0.875, 0, 0, 0], "texture": "#3"},
				"down": {"uv": [0.875, 0, 0, 0], "texture": "#3"}
			}
		},
		{
			"from": [4.75, 1, 6.5],
			"to": [7.25, 3.25, 10.25],
			"rotation": {"angle": 22.5, "axis": "x", "origin": [6, 3, 8.5]},
			"faces": {
				"north": {"uv": [2, 7, 2.625, 7.625], "texture": "#3"},
				"east": {"uv": [6, 0.75, 7, 1.375], "texture": "#3"},
				"south": {"uv": [4.5, 7, 5.125, 7.625], "texture": "#3"},
				"west": {"uv": [1, 6, 2, 6.625], "texture": "#3"},
				"up": {"uv": [6.625, 2.5, 6, 1.5], "texture": "#3"},
				"down": {"uv": [2.625, 6, 2, 7], "texture": "#3"}
			}
		},
		{
			"from": [4.5, 0, 5],
			"to": [7.5, 2, 10],
			"rotation": {"angle": 22.5, "axis": "x", "origin": [6, 3, 8.5]},
			"faces": {
				"north": {"uv": [7.5, 5.5, 8.25, 6], "texture": "#3"},
				"east": {"uv": [6, 3.75, 7.25, 4.25], "texture": "#3"},
				"south": {"uv": [7.75, 0.5, 8.5, 1], "texture": "#3"},
				"west": {"uv": [6, 4.25, 7.25, 4.75], "texture": "#3"},
				"up": {"uv": [4.25, 3.75, 3.5, 2.5], "texture": "#3"},
				"down": {"uv": [2.25, 3.75, 1.5, 5], "texture": "#3"}
			}
		},
		{
			"from": [4, -0.025, 4.5],
			"to": [8, -0.025, 10.5],
			"rotation": {"angle": 22.5, "axis": "x", "origin": [6, 3, 8.5]},
			"faces": {
				"north": {"uv": [0, 0, 1, 0], "texture": "#3"},
				"east": {"uv": [0, 0, 1.5, 0], "texture": "#3"},
				"south": {"uv": [0, 0, 1, 0], "texture": "#3"},
				"west": {"uv": [0, 0, 1.5, 0], "texture": "#3"},
				"up": {"uv": [1, 1.5, 0, 0], "texture": "#3"},
				"down": {"uv": [2, 0, 1, 1.5], "texture": "#3"}
			}
		},
		{
			"from": [4.75, 1, 6.5],
			"to": [7.25, 3.25, 10.25],
			"rotation": {"angle": -22.5, "axis": "x", "origin": [6, 3, 8.5]},
			"faces": {
				"north": {"uv": [7, 4.75, 7.625, 5.375], "texture": "#3"},
				"east": {"uv": [2.75, 6, 3.75, 6.625], "texture": "#3"},
				"south": {"uv": [7, 6.25, 7.625, 6.875], "texture": "#3"},
				"west": {"uv": [6.25, 0, 7.25, 0.625], "texture": "#3"},
				"up": {"uv": [4.375, 7.25, 3.75, 6.25], "texture": "#3"},
				"down": {"uv": [6.875, 4.75, 6.25, 5.75], "texture": "#3"}
			}
		},
		{
			"from": [4.5, 0, 5],
			"to": [7.5, 2, 10],
			"rotation": {"angle": -22.5, "axis": "x", "origin": [6, 3, 8.5]},
			"faces": {
				"north": {"uv": [7.75, 1, 8.5, 1.5], "texture": "#3"},
				"east": {"uv": [5.75, 6.25, 7, 6.75], "texture": "#3"},
				"south": {"uv": [7.75, 1.5, 8.5, 2], "texture": "#3"},
				"west": {"uv": [6.25, 5.75, 7.5, 6.25], "texture": "#3"},
				"up": {"uv": [3, 5, 2.25, 3.75], "texture": "#3"},
				"down": {"uv": [3.75, 3.75, 3, 5], "texture": "#3"}
			}
		},
		{
			"from": [4, -0.025, 4.5],
			"to": [8, -0.025, 10.5],
			"rotation": {"angle": -22.5, "axis": "x", "origin": [6, 3, 8.5]},
			"faces": {
				"north": {"uv": [0, 0, 1, 0], "texture": "#3"},
				"east": {"uv": [0, 0, 1.5, 0], "texture": "#3"},
				"south": {"uv": [0, 0, 1, 0], "texture": "#3"},
				"west": {"uv": [0, 0, 1.5, 0], "texture": "#3"},
				"up": {"uv": [1, 3, 0, 1.5], "texture": "#3"},
				"down": {"uv": [2, 1.5, 1, 3], "texture": "#3"}
			}
		},
		{
			"from": [8.75, 1, 6.5],
			"to": [11.25, 3.25, 10.25],
			"rotation": {"angle": 22.5, "axis": "x", "origin": [10, 3, 8.5]},
			"faces": {
				"north": {"uv": [7, 7, 7.625, 7.625], "texture": "#3"},
				"east": {"uv": [1, 6.75, 2, 7.375], "texture": "#3"},
				"south": {"uv": [0, 7.25, 0.625, 7.875], "texture": "#3"},
				"west": {"uv": [6.75, 1.5, 7.75, 2.125], "texture": "#3"},
				"up": {"uv": [7.375, 3.25, 6.75, 2.25], "texture": "#3"},
				"down": {"uv": [3.375, 6.75, 2.75, 7.75], "texture": "#3"}
			}
		},
		{
			"from": [8.5, 0, 5],
			"to": [11.5, 2, 10],
			"rotation": {"angle": 22.5, "axis": "x", "origin": [10, 3, 8.5]},
			"faces": {
				"north": {"uv": [1.75, 7.75, 2.5, 8.25], "texture": "#3"},
				"east": {"uv": [6.75, 3.25, 8, 3.75], "texture": "#3"},
				"south": {"uv": [2.5, 7.75, 3.25, 8.25], "texture": "#3"},
				"west": {"uv": [5.75, 6.75, 7, 7.25], "texture": "#3"},
				"up": {"uv": [4.5, 5, 3.75, 3.75], "texture": "#3"},
				"down": {"uv": [0.75, 4.25, 0, 5.5], "texture": "#3"}
			}
		},
		{
			"from": [8.75, 1, 6.5],
			"to": [11.25, 3.25, 10.25],
			"rotation": {"angle": -22.5, "axis": "x", "origin": [10, 3, 8.5]},
			"faces": {
				"north": {"uv": [0.75, 4.25, 1.375, 4.875], "texture": "#3"},
				"east": {"uv": [4.75, 5, 5.75, 5.625], "texture": "#3"},
				"south": {"uv": [7, 0.75, 7.625, 1.375], "texture": "#3"},
				"west": {"uv": [5.25, 0, 6.25, 0.625], "texture": "#3"},
				"up": {"uv": [5.875, 1.75, 5.25, 0.75], "texture": "#3"},
				"down": {"uv": [5.875, 1.75, 5.25, 2.75], "texture": "#3"}
			}
		},
		{
			"from": [8.5, 0, 5],
			"to": [11.5, 2, 10],
			"rotation": {"angle": -22.5, "axis": "x", "origin": [10, 3, 8.5]},
			"faces": {
				"north": {"uv": [7.25, 0, 8, 0.5], "texture": "#3"},
				"east": {"uv": [5.5, 2.75, 6.75, 3.25], "texture": "#3"},
				"south": {"uv": [3.5, 7.25, 4.25, 7.75], "texture": "#3"},
				"west": {"uv": [5.5, 3.25, 6.75, 3.75], "texture": "#3"},
				"up": {"uv": [2.75, 3.75, 2, 2.5], "texture": "#3"},
				"down": {"uv": [3.5, 0, 2.75, 1.25], "texture": "#3"}
			}
		}
	],
	"display": {
		"thirdperson_righthand": {
			"scale": [2.25, 2.25, 2.25]
		},
		"head": {
			"translation": [0, -42, 0],
			"scale": [2.25, 2.25, 2.25]
		}
	},
	"groups": [
		0,
		1,
		2,
		3,
		4,
		5,
		6,
		7,
		{
			"name": "eye",
			"origin": [8, 8, 8],
			"color": 0,
			"nbt": "{}",
			"children": [8, 9, 10, 11, 12]
		},
		{
			"name": "hand_1",
			"origin": [8, 8, 8],
			"color": 0,
			"nbt": "{}",
			"children": [13, 14]
		},
		{
			"name": "hand_1.1",
			"origin": [8, 8, 8],
			"color": 0,
			"nbt": "{}",
			"children": [15, 16]
		},
		{
			"name": "hand_2",
			"origin": [8, 8, 8],
			"color": 0,
			"nbt": "{}",
			"children": [17, 18]
		},
		{
			"name": "hand_2.1",
			"origin": [8, 8, 8],
			"color": 0,
			"nbt": "{}",
			"children": [19, 20]
		},
		{
			"name": "leg_1",
			"origin": [8, 8, 8],
			"color": 0,
			"nbt": "{}",
			"children": [21, 22, 23]
		},
		{
			"name": "leg_1.1",
			"origin": [8, 8, 8],
			"color": 0,
			"nbt": "{}",
			"children": [24, 25, 26]
		},
		{
			"name": "leg_2",
			"origin": [8, 8, 8],
			"color": 0,
			"nbt": "{}",
			"children": [27, 28]
		},
		{
			"name": "leg_2.1",
			"origin": [8, 8, 8],
			"color": 0,
			"nbt": "{}",
			"children": [29, 30]
		}
	]
}