{
	"credit": "Made with Blockbench",
	"texture_size": [64, 64],
	"textures": {
		"1": "item/easy_rpg/mobs/moss_guy_damaged",
		"particle": "item/easy_rpg/mobs/moss_guy_damaged"
	},
	"elements": [
		{
			"from": [3.5, 3, 3],
			"to": [12.5, 11, 12],
			"rotation": {"angle": 0, "axis": "y", "origin": [0, -2, 0]},
			"faces": {
				"north": {"uv": [2.25, 0, 4.5, 2], "texture": "#1"},
				"east": {"uv": [2.25, 2, 4.5, 4], "texture": "#1"},
				"south": {"uv": [2.25, 4, 4.5, 6], "texture": "#1"},
				"west": {"uv": [0, 4.5, 2.25, 6.5], "texture": "#1"},
				"up": {"uv": [2.25, 2.25, 0, 0], "texture": "#1"},
				"down": {"uv": [2.25, 2.25, 0, 4.5], "texture": "#1"}
			}
		},
		{
			"from": [7.5, 5, 2],
			"to": [9.5, 7, 3],
			"rotation": {"angle": 0, "axis": "y", "origin": [0, -2, 0]},
			"faces": {
				"north": {"uv": [7.75, 6.75, 8.25, 7.25], "texture": "#1"},
				"east": {"uv": [8.25, 2.5, 8.5, 3], "texture": "#1"},
				"south": {"uv": [1.5, 8, 2, 8.5], "texture": "#1"},
				"west": {"uv": [9.5, 6.75, 9.75, 7.25], "texture": "#1"},
				"up": {"uv": [6.75, 7.25, 6.25, 7], "texture": "#1"},
				"down": {"uv": [3, 8.5, 2.5, 8.75], "texture": "#1"}
			}
		},
		{
			"from": [8.925, 5.575, 1.85],
			"to": [9.675, 6.325, 2.35],
			"rotation": {"angle": 0, "axis": "y", "origin": [0, -2, 0]},
			"faces": {
				"north": {"uv": [6, 8, 6.25, 8.25], "texture": "#1"},
				"east": {"uv": [8.25, 8, 8.5, 8.25], "texture": "#1"},
				"south": {"uv": [9.25, 6.25, 9.5, 6.5], "texture": "#1"},
				"west": {"uv": [9.5, 7.25, 9.75, 7.5], "texture": "#1"},
				"up": {"uv": [9.75, 7.75, 9.5, 7.5], "texture": "#1"},
				"down": {"uv": [9.75, 7.75, 9.5, 8], "texture": "#1"}
			}
		},
		{
			"from": [9.5, 7, 2.75],
			"to": [12.75, 11.75, 5.5],
			"rotation": {"angle": 0, "axis": "y", "origin": [0, -2, 0]},
			"faces": {
				"north": {"uv": [8.25, 1.25, 9, 2.5], "texture": "#1"},
				"east": {"uv": [3.75, 8.25, 4.5, 9.5], "texture": "#1"},
				"south": {"uv": [4.5, 8.25, 5.25, 9.5], "texture": "#1"},
				"west": {"uv": [6, 8.25, 6.75, 9.5], "texture": "#1"},
				"up": {"uv": [9.75, 2.5, 9, 1.75], "texture": "#1"},
				"down": {"uv": [9.25, 9, 8.5, 9.75], "texture": "#1"}
			}
		},
		{
			"from": [6.525, 8.75, 2.825],
			"to": [9.5, 11.475, 5.5],
			"rotation": {"angle": 0, "axis": "y", "origin": [0, -2, 0]},
			"faces": {
				"north": {"uv": [0, 9.25, 0.75, 10], "texture": "#1"},
				"east": {"uv": [0.75, 9.25, 1.5, 10], "texture": "#1"},
				"south": {"uv": [1.5, 9.25, 2.25, 10], "texture": "#1"},
				"west": {"uv": [2.25, 9.25, 3, 10], "texture": "#1"},
				"up": {"uv": [10, 3.25, 9.25, 2.5], "texture": "#1"},
				"down": {"uv": [3.75, 9.25, 3, 10], "texture": "#1"}
			}
		},
		{
			"from": [9.5, 5, 6.25],
			"to": [13, 9.5, 9.5],
			"rotation": {"angle": 0, "axis": "y", "origin": [0, -2, 0]},
			"faces": {
				"north": {"uv": [6.75, 6, 7.75, 7.25], "texture": "#1"},
				"east": {"uv": [6.75, 8.25, 7.5, 9.5], "texture": "#1"},
				"south": {"uv": [4.25, 7, 5.25, 8.25], "texture": "#1"},
				"west": {"uv": [8.25, 6.75, 9, 8], "texture": "#1"},
				"up": {"uv": [8.5, 9, 7.5, 8.25], "texture": "#1"},
				"down": {"uv": [2.5, 8.5, 1.5, 9.25], "texture": "#1"}
			}
		},
		{
			"from": [3, 5, 5],
			"to": [11.5, 11.25, 12.5],
			"rotation": {"angle": 0, "axis": "y", "origin": [0, -2, 0]},
			"faces": {
				"north": {"uv": [4.5, 4, 6.75, 5.5], "texture": "#1"},
				"east": {"uv": [2.25, 6, 4.25, 7.5], "texture": "#1"},
				"south": {"uv": [4.5, 5.5, 6.75, 7], "texture": "#1"},
				"west": {"uv": [0, 6.5, 2, 8], "texture": "#1"},
				"up": {"uv": [6.75, 2, 4.5, 0], "texture": "#1"},
				"down": {"uv": [6.75, 2, 4.5, 4], "texture": "#1"}
			}
		},
		{
			"from": [1, 9, 8],
			"to": [7, 15, 8],
			"rotation": {"angle": 22.5, "axis": "x", "origin": [5, 9, 8]},
			"faces": {
				"north": {"uv": [6.75, 0, 8.25, 1.5], "texture": "#1"},
				"east": {"uv": [0, 0, 0, 1.5], "texture": "#1"},
				"south": {"uv": [6.75, 1.5, 8.25, 3], "texture": "#1"},
				"west": {"uv": [0, 0, 0, 1.5], "texture": "#1"},
				"up": {"uv": [1.5, 0, 0, 0], "texture": "#1"},
				"down": {"uv": [1.5, 0, 0, 0], "texture": "#1"}
			}
		},
		{
			"from": [4.5, 7, 4],
			"to": [6.5, 9, 5],
			"rotation": {"angle": 0, "axis": "y", "origin": [0, -2, 0]},
			"faces": {
				"north": {"uv": [4.75, 9.5, 5.25, 10], "texture": "#1"}
			}
		},
		{
			"from": [4.5, 9, 3],
			"to": [6.5, 10, 4],
			"rotation": {"angle": 0, "axis": "y", "origin": [0, -2, 0]},
			"faces": {
				"down": {"uv": [9, 6.5, 8.5, 6.75], "texture": "#1"}
			}
		},
		{
			"from": [4.5, 6, 3],
			"to": [6.5, 7, 4],
			"rotation": {"angle": 0, "axis": "y", "origin": [0, -2, 0]},
			"faces": {
				"up": {"uv": [9.5, 8, 9, 7.75], "texture": "#1"}
			}
		},
		{
			"from": [6.5, 6, 3],
			"to": [7.5, 10, 4],
			"rotation": {"angle": 0, "axis": "y", "origin": [0, -2, 0]},
			"faces": {
				"west": {"uv": [4.25, 6, 4.5, 7], "texture": "#1"}
			}
		},
		{
			"from": [3.5, 6, 3],
			"to": [4.5, 10, 4],
			"rotation": {"angle": 0, "axis": "y", "origin": [0, -2, 0]},
			"faces": {
				"east": {"uv": [2, 6.5, 2.25, 7.5], "texture": "#1"}
			}
		},
		{
			"from": [1, 4, 6],
			"to": [3, 9, 9],
			"rotation": {"angle": -45, "axis": "z", "origin": [3, 8, 7.5]},
			"faces": {
				"north": {"uv": [9, 0.5, 9.5, 1.75], "texture": "#1"},
				"east": {"uv": [0, 8, 0.75, 9.25], "texture": "#1"},
				"south": {"uv": [9, 6.5, 9.5, 7.75], "texture": "#1"},
				"west": {"uv": [0.75, 8, 1.5, 9.25], "texture": "#1"},
				"up": {"uv": [4.25, 8.25, 3.75, 7.5], "texture": "#1"},
				"down": {"uv": [10, 0.5, 9.5, 1.25], "texture": "#1"}
			}
		},
		{
			"from": [0.25, 3.5, 7.5],
			"to": [3.75, 7.5, 7.5],
			"rotation": {"angle": -45, "axis": "z", "origin": [3, 8, 7.5]},
			"faces": {
				"north": {"uv": [7.25, 7.25, 8.25, 8.25], "texture": "#1"},
				"east": {"uv": [0, 0, 0, 1], "texture": "#1"},
				"south": {"uv": [2, 7.5, 3, 8.5], "texture": "#1"},
				"west": {"uv": [0, 0, 0, 1], "texture": "#1"},
				"up": {"uv": [1, 0, 0, 0], "texture": "#1"},
				"down": {"uv": [1, 0, 0, 0], "texture": "#1"}
			}
		},
		{
			"from": [13, 4, 6],
			"to": [15, 9, 9],
			"rotation": {"angle": 45, "axis": "z", "origin": [13, 8, 7.5]},
			"faces": {
				"north": {"uv": [7.5, 9, 8, 10.25], "texture": "#1"},
				"east": {"uv": [5.25, 8, 6, 9.25], "texture": "#1"},
				"south": {"uv": [8, 9, 8.5, 10.25], "texture": "#1"},
				"west": {"uv": [8.25, 0, 9, 1.25], "texture": "#1"},
				"up": {"uv": [4.25, 10.25, 3.75, 9.5], "texture": "#1"},
				"down": {"uv": [4.75, 9.5, 4.25, 10.25], "texture": "#1"}
			}
		},
		{
			"from": [12.25, 5.5, 7.5],
			"to": [15.75, 9.5, 7.5],
			"rotation": {"angle": 45, "axis": "z", "origin": [13, 8, 7.5]},
			"faces": {
				"north": {"uv": [5.25, 7, 6.25, 8], "texture": "#1"},
				"east": {"uv": [0, 0, 0, 1], "texture": "#1"},
				"south": {"uv": [6.25, 7.25, 7.25, 8.25], "texture": "#1"},
				"west": {"uv": [0, 0, 0, 1], "texture": "#1"},
				"up": {"uv": [1, 0, 0, 0], "texture": "#1"},
				"down": {"uv": [1, 0, 0, 0], "texture": "#1"}
			}
		},
		{
			"from": [4.75, 1, 6.5],
			"to": [7.25, 3.25, 10.25],
			"rotation": {"angle": -22.5, "axis": "z", "origin": [6, 3, 8.5]},
			"faces": {
				"north": {"uv": [9.5, 1.25, 10.25, 1.75], "texture": "#1"},
				"east": {"uv": [9.25, 3.25, 10.25, 3.75], "texture": "#1"},
				"south": {"uv": [6, 9.5, 6.75, 10], "texture": "#1"},
				"west": {"uv": [9.25, 3.75, 10.25, 4.25], "texture": "#1"},
				"up": {"uv": [9.25, 3.5, 8.5, 2.5], "texture": "#1"},
				"down": {"uv": [9.25, 3.5, 8.5, 4.5], "texture": "#1"}
			}
		},
		{
			"from": [4.5, 0, 5],
			"to": [7.5, 2, 10],
			"rotation": {"angle": -22.5, "axis": "z", "origin": [6, 3, 8.5]},
			"faces": {
				"north": {"uv": [5.25, 9.25, 6, 9.75], "texture": "#1"},
				"east": {"uv": [8.5, 8, 9.75, 8.5], "texture": "#1"},
				"south": {"uv": [9.25, 5.25, 10, 5.75], "texture": "#1"},
				"west": {"uv": [8.5, 8.5, 9.75, 9], "texture": "#1"},
				"up": {"uv": [3.75, 8.75, 3, 7.5], "texture": "#1"},
				"down": {"uv": [8.5, 3, 7.75, 4.25], "texture": "#1"}
			}
		},
		{
			"from": [4, -0.025, 4.5],
			"to": [8, -0.025, 10.5],
			"rotation": {"angle": -22.5, "axis": "z", "origin": [6, 3, 8.5]},
			"faces": {
				"north": {"uv": [0, 0, 1, 0], "texture": "#1"},
				"east": {"uv": [0, 0, 1.5, 0], "texture": "#1"},
				"south": {"uv": [0, 0, 1, 0], "texture": "#1"},
				"west": {"uv": [0, 0, 1.5, 0], "texture": "#1"},
				"up": {"uv": [7.75, 4.5, 6.75, 3], "texture": "#1"},
				"down": {"uv": [7.75, 4.5, 6.75, 6], "texture": "#1"}
			}
		},
		{
			"from": [8.75, 1, 6.5],
			"to": [11.25, 3.25, 10.25],
			"rotation": {"angle": 22.5, "axis": "z", "origin": [10, 3, 8.5]},
			"faces": {
				"north": {"uv": [9.5, 6.25, 10.25, 6.75], "texture": "#1"},
				"east": {"uv": [9.25, 4.25, 10.25, 4.75], "texture": "#1"},
				"south": {"uv": [6.75, 9.5, 7.5, 10], "texture": "#1"},
				"west": {"uv": [9.25, 4.75, 10.25, 5.25], "texture": "#1"},
				"up": {"uv": [9.25, 5.5, 8.5, 4.5], "texture": "#1"},
				"down": {"uv": [9.25, 5.5, 8.5, 6.5], "texture": "#1"}
			}
		},
		{
			"from": [8.5, 0, 5],
			"to": [11.5, 2, 10],
			"rotation": {"angle": 22.5, "axis": "z", "origin": [10, 3, 8.5]},
			"faces": {
				"north": {"uv": [9.25, 5.75, 10, 6.25], "texture": "#1"},
				"east": {"uv": [2.5, 8.75, 3.75, 9.25], "texture": "#1"},
				"south": {"uv": [9.25, 9, 10, 9.5], "texture": "#1"},
				"west": {"uv": [9, 0, 10.25, 0.5], "texture": "#1"},
				"up": {"uv": [8.5, 5.5, 7.75, 4.25], "texture": "#1"},
				"down": {"uv": [8.5, 5.5, 7.75, 6.75], "texture": "#1"}
			}
		}
	],
	"display": {
		"thirdperson_righthand": {
			"scale": [2.25, 2.25, 2.25]
		},
		"head": {
			"translation": [0, -42, 0],
			"scale": [2.25, 2.25, 2.25]
		}
	},
	"groups": [
		0,
		1,
		2,
		3,
		4,
		5,
		6,
		7,
		{
			"name": "eye",
			"origin": [8, 8, 8],
			"color": 0,
			"nbt": "{}",
			"children": [8, 9, 10, 11, 12]
		},
		{
			"name": "hand_1",
			"origin": [8, 8, 8],
			"color": 0,
			"nbt": "{}",
			"children": [13, 14]
		},
		{
			"name": "hand_2",
			"origin": [8, 8, 8],
			"color": 0,
			"nbt": "{}",
			"children": [15, 16]
		},
		{
			"name": "leg_1",
			"origin": [8, 8, 8],
			"color": 0,
			"nbt": "{}",
			"children": [17, 18, 19]
		},
		{
			"name": "leg_2",
			"origin": [8, 8, 8],
			"color": 0,
			"nbt": "{}",
			"children": [20, 21]
		}
	]
}