{
	"credit": "Made with Blockbench",
	"texture_size": [32, 32],
	"textures": {
		"5": "item/easy_rpg/mobs/mushroom_red_damaged"
	},
	"elements": [
		{
			"from": [5, 0, 5],
			"to": [11, 8, 11],
			"faces": {
				"north": {"uv": [10, 0, 13, 4], "texture": "#5"},
				"east": {"uv": [10, 4, 13, 8], "texture": "#5"},
				"south": {"uv": [10, 8, 13, 12], "texture": "#5"},
				"west": {"uv": [5, 10.5, 8, 14.5], "texture": "#5"},
				"up": {"uv": [11, 15, 8, 12], "texture": "#5"},
				"down": {"uv": [14, 12, 11, 15], "texture": "#5"}
			}
		},
		{
			"from": [3, 6, 3],
			"to": [13, 13, 13],
			"faces": {
				"north": {"uv": [5, 0, 10, 3.5], "texture": "#5"},
				"east": {"uv": [5, 3.5, 10, 7], "texture": "#5"},
				"south": {"uv": [5, 7, 10, 10.5], "texture": "#5"},
				"west": {"uv": [0, 10, 5, 13.5], "texture": "#5"},
				"up": {"uv": [5, 5, 0, 0], "texture": "#5"},
				"down": {"uv": [5, 5, 0, 10], "texture": "#5"}
			}
		}
	],
	"display": {
		"head": {
			"translation": [0, -42, 0],
			"scale": [2.25, 2.25, 2.25]
		}
	}
}