{
	"credit": "Made with Blockbench",
	"texture_size": [64, 64],
	"textures": {
		"3": "item/easy_rpg/mobs/musroom",
		"particle": "block/mushroom_stem"
	},
	"elements": [
		{
			"from": [5, 0, 5],
			"to": [11, 8, 11],
			"faces": {
				"north": {"uv": [3, 0, 4.5, 2], "texture": "#3"},
				"east": {"uv": [3, 2, 4.5, 4], "texture": "#3"},
				"south": {"uv": [3, 4, 4.5, 6], "texture": "#3"},
				"west": {"uv": [4.5, 0, 6, 2], "texture": "#3"},
				"up": {"uv": [6, 3.5, 4.5, 2], "texture": "#3"},
				"down": {"uv": [6, 3.5, 4.5, 5], "texture": "#3"}
			}
		},
		{
			"from": [2, 8, 2],
			"to": [14, 11, 14],
			"faces": {
				"north": {"uv": [4.5, 5, 7.5, 5.75], "texture": "#3"},
				"east": {"uv": [4.5, 5.75, 7.5, 6.5], "texture": "#3"},
				"south": {"uv": [0, 6, 3, 6.75], "texture": "#3"},
				"west": {"uv": [6, 0, 9, 0.75], "texture": "#3"},
				"up": {"uv": [3, 3, 0, 0], "texture": "#3"},
				"down": {"uv": [3, 3, 0, 6], "texture": "#3"}
			}
		}
	],
	"display": {
		"head": {
			"translation": [0, -42, 0],
			"scale": [2.25, 2.25, 2.25]
		}
	}
}