{
	"credit": "Made with Blockbench",
	"texture_size": [32, 32],
	"textures": {
		"0": "item/easy_rpg/mobs/red_snake",
		"1": "item/easy_rpg/mobs/snake_tongue",
		"2": "item/easy_rpg/mobs/red_snake_walk",
		"particle": "item/easy_rpg/mobs/red_snake"
	},
	"elements": [
		{
			"from": [7.5, 1, -2],
			"to": [8.5, 1, 3],
			"faces": {
				"north": {"uv": [0, 0, 2, 0], "texture": "#1"},
				"east": {"uv": [0, 0, 5, 0], "texture": "#1"},
				"south": {"uv": [0, 0, 2, 0], "texture": "#1"},
				"west": {"uv": [0, 0, 5, 0], "texture": "#1"},
				"up": {"uv": [2, 5, 0, 0], "texture": "#1"},
				"down": {"uv": [4, 0, 2, 5], "texture": "#1"}
			}
		},
		{
			"from": [6, 0, 0],
			"to": [10, 3, 5],
			"faces": {
				"north": {"uv": [6.5, 3.5, 8.5, 5], "texture": "#0"},
				"east": {"uv": [2, 6.5, 4.5, 8], "texture": "#0"},
				"south": {"uv": [4.5, 6.5, 6.5, 8], "texture": "#0"},
				"west": {"uv": [6.5, 2, 9, 3.5], "texture": "#0"},
				"up": {"uv": [2, 2.5, 0, 0], "texture": "#0"},
				"down": {"uv": [4, 0, 2, 2.5], "texture": "#0"}
			}
		},
		{
			"from": [7, 0.025, 4],
			"to": [9, 2, 13],
			"rotation": {"angle": -22.5, "axis": "y", "origin": [8, 0, 4]},
			"faces": {
				"north": {"uv": [10.5, 7, 11.5, 8], "texture": "#2"},
				"east": {"uv": [6.5, 3, 11, 4], "texture": "#2"},
				"south": {"uv": [10.5, 9, 11.5, 10], "texture": "#2"},
				"west": {"uv": [6, 7, 10.5, 8], "texture": "#2"},
				"up": {"uv": [7, 12.5, 6, 8], "texture": "#2"},
				"down": {"uv": [8, 8, 7, 12.5], "texture": "#2"}
			}
		},
		{
			"from": [4.32612, 0.05, 9.86732],
			"to": [5.82612, 1.75, 18.61732],
			"rotation": {"angle": 22.5, "axis": "y", "origin": [9, 0, 12]},
			"faces": {
				"north": {"uv": [9.5, 10, 10.5, 11], "texture": "#2"},
				"east": {"uv": [4, 4, 8.5, 5], "texture": "#2"},
				"south": {"uv": [4.5, 10.5, 5.5, 11.5], "texture": "#2"},
				"west": {"uv": [4.5, 0, 9, 1], "texture": "#2"},
				"up": {"uv": [5, 9.5, 4, 5], "texture": "#2"},
				"down": {"uv": [6, 5, 5, 9.5], "texture": "#2"}
			}
		},
		{
			"from": [7.25, 0.1, 19.25],
			"to": [8.25, 1.5, 28],
			"rotation": {"angle": -22.5, "axis": "y", "origin": [8, 0, 20]},
			"faces": {
				"north": {"uv": [1, 11, 1.5, 11.5], "texture": "#2"},
				"east": {"uv": [4.5, 0, 9, 1], "texture": "#2"},
				"south": {"uv": [7.5, 0, 8, 1], "texture": "#2"},
				"west": {"uv": [4.5, 0, 9, 1], "texture": "#2"},
				"up": {"uv": [8.5, 13.5, 8, 9], "texture": "#2"},
				"down": {"uv": [9, 9, 8.5, 13.5], "texture": "#2"}
			}
		},
		{
			"from": [7, 0.025, 4],
			"to": [9, 2, 13],
			"rotation": {"angle": 0, "axis": "y", "origin": [8, 0, 4]},
			"faces": {
				"north": {"uv": [10.5, 5, 11.5, 6], "texture": "#2"},
				"east": {"uv": [6, 6, 10.5, 7], "texture": "#2"},
				"south": {"uv": [10.5, 6, 11.5, 7], "texture": "#2"},
				"west": {"uv": [6.5, 2, 11, 3], "texture": "#2"},
				"up": {"uv": [1, 11, 0, 6.5], "texture": "#2"},
				"down": {"uv": [2, 6.5, 1, 11], "texture": "#2"}
			}
		},
		{
			"from": [7.32612, 0.05, 11.86732],
			"to": [8.82612, 1.75, 20.61732],
			"rotation": {"angle": 0, "axis": "y", "origin": [9, 0, 12]},
			"faces": {
				"north": {"uv": [5.5, 9.5, 6, 10.5], "texture": "#2"},
				"east": {"uv": [4.5, 1, 9, 2], "texture": "#2"},
				"south": {"uv": [5.5, 10.5, 6, 11.5], "texture": "#2"},
				"west": {"uv": [6, 5, 10.5, 6], "texture": "#2"},
				"up": {"uv": [9.5, 13.5, 9, 9], "texture": "#2"},
				"down": {"uv": [4.5, 9.5, 4, 14], "texture": "#2"}
			}
		},
		{
			"from": [7.5, 0.1, 19.25],
			"to": [8.5, 1.5, 28],
			"rotation": {"angle": 0, "axis": "y", "origin": [8, 0, 20]},
			"faces": {
				"north": {"uv": [0, 11, 0.5, 11.5], "texture": "#2"},
				"east": {"uv": [6.5, 5, 11, 6], "texture": "#2"},
				"south": {"uv": [8, 6, 8.5, 7], "texture": "#2"},
				"west": {"uv": [7, 6, 11.5, 7], "texture": "#2"},
				"up": {"uv": [3.5, 13, 3, 8.5], "texture": "#2"},
				"down": {"uv": [4, 8.5, 3.5, 13], "texture": "#2"}
			}
		},
		{
			"from": [7, 0.025, 4],
			"to": [9, 2, 13],
			"rotation": {"angle": 22.5, "axis": "y", "origin": [8, 0, 4]},
			"faces": {
				"north": {"uv": [9, 1, 10, 2], "texture": "#2"},
				"east": {"uv": [0, 0, 4.5, 1], "texture": "#2"},
				"south": {"uv": [4.5, 9.5, 5.5, 10.5], "texture": "#2"},
				"west": {"uv": [0, 1, 4.5, 2], "texture": "#2"},
				"up": {"uv": [1, 6.5, 0, 2], "texture": "#2"},
				"down": {"uv": [2, 2, 1, 6.5], "texture": "#2"}
			}
		},
		{
			"from": [10.45112, 0.05, 10.86732],
			"to": [11.95112, 1.75, 19.61732],
			"rotation": {"angle": -22.5, "axis": "y", "origin": [9.125, 0, 12]},
			"faces": {
				"north": {"uv": [9.5, 9, 10.5, 10], "texture": "#2"},
				"east": {"uv": [2, 2, 6.5, 3], "texture": "#2"},
				"south": {"uv": [10, 1, 11, 2], "texture": "#2"},
				"west": {"uv": [2, 3, 6.5, 4], "texture": "#2"},
				"up": {"uv": [3, 8.5, 2, 4], "texture": "#2"},
				"down": {"uv": [4, 4, 3, 8.5], "texture": "#2"}
			}
		},
		{
			"from": [7.7, 0.1, 19.25],
			"to": [8.7, 1.5, 28],
			"rotation": {"angle": 22.5, "axis": "y", "origin": [8.125, 0, 20]},
			"faces": {
				"north": {"uv": [10.5, 10, 11, 10.5], "texture": "#2"},
				"east": {"uv": [2, 3, 6.5, 4], "texture": "#2"},
				"south": {"uv": [5, 3, 5.5, 4], "texture": "#2"},
				"west": {"uv": [2, 3, 6.5, 4], "texture": "#2"},
				"up": {"uv": [2.5, 13, 2, 8.5], "texture": "#2"},
				"down": {"uv": [3, 8.5, 2.5, 13], "texture": "#2"}
			}
		}
	],
	"display": {
		"thirdperson_righthand": {
			"rotation": [93.31, -0.46, 3.44],
			"translation": [0, 0, 8]
		},
		"head": {
			"translation": [0, -42, 0],
			"scale": [2.25, 2.25, 2.25]
		}
	},
	"groups": [
		0,
		1,
		{
			"name": "1",
			"origin": [8, 8, 8],
			"color": 0,
			"nbt": "{}",
			"children": [2, 3, 4]
		},
		{
			"name": "2",
			"origin": [8, 8, 8],
			"color": 0,
			"nbt": "{}",
			"children": [5, 6, 7]
		},
		{
			"name": "3",
			"origin": [8, 8, 8],
			"color": 0,
			"nbt": "{}",
			"children": [8, 9, 10]
		}
	]
}