{
	"credit": "Made with Blockbench",
	"textures": {
		"0": "item/easy_rpg/mobs/sand_snake",
		"1": "item/easy_rpg/mobs/snake_tongue",
		"particle": "item/easy_rpg/mobs/red_snake"
	},
	"elements": [
		{
			"from": [7.5, 1, -2],
			"to": [8.5, 1, 3],
			"faces": {
				"north": {"uv": [0, 0, 2, 0], "texture": "#1"},
				"east": {"uv": [0, 0, 5, 0], "texture": "#1"},
				"south": {"uv": [0, 0, 2, 0], "texture": "#1"},
				"west": {"uv": [0, 0, 5, 0], "texture": "#1"},
				"up": {"uv": [2, 5, 0, 0], "texture": "#1"},
				"down": {"uv": [4, 0, 2, 5], "texture": "#1"}
			}
		},
		{
			"from": [6, 0, 0],
			"to": [10, 3, 5],
			"faces": {
				"north": {"uv": [6.5, 3.5, 8.5, 5], "texture": "#0"},
				"east": {"uv": [2, 6.5, 4.5, 8], "texture": "#0"},
				"south": {"uv": [4.5, 6.5, 6.5, 8], "texture": "#0"},
				"west": {"uv": [6.5, 2, 9, 3.5], "texture": "#0"},
				"up": {"uv": [2, 2.5, 0, 0], "texture": "#0"},
				"down": {"uv": [4, 0, 2, 2.5], "texture": "#0"}
			}
		},
		{
			"from": [7, 0.025, 4],
			"to": [9, 2, 13],
			"rotation": {"angle": -22.5, "axis": "y", "origin": [8, 0, 4]},
			"faces": {
				"north": {"uv": [7.5, 7.5, 8.5, 8.5], "texture": "#0"},
				"east": {"uv": [0, 2.5, 4.5, 3.5], "texture": "#0"},
				"south": {"uv": [2, 8, 3, 9], "texture": "#0"},
				"west": {"uv": [0, 3.5, 4.5, 4.5], "texture": "#0"},
				"up": {"uv": [1, 9, 0, 4.5], "texture": "#0"},
				"down": {"uv": [5.5, 0, 4.5, 4.5], "texture": "#0"}
			}
		},
		{
			"from": [4.32612, 0.05, 9.86732],
			"to": [5.82612, 1.75, 18.61732],
			"rotation": {"angle": 22.5, "axis": "y", "origin": [9, 0, 12]},
			"faces": {
				"north": {"uv": [3, 8, 4, 9], "texture": "#0"},
				"east": {"uv": [1, 4.5, 5.5, 5.5], "texture": "#0"},
				"south": {"uv": [4, 8, 5, 9], "texture": "#0"},
				"west": {"uv": [5.5, 0, 10, 1], "texture": "#0"},
				"up": {"uv": [2, 10, 1, 5.5], "texture": "#0"},
				"down": {"uv": [6.5, 1, 5.5, 5.5], "texture": "#0"}
			}
		},
		{
			"from": [7.5, 0.1, 19.25],
			"to": [8.5, 1.5, 28],
			"rotation": {"angle": 0, "axis": "y", "origin": [8, 0, 20]},
			"faces": {
				"north": {"uv": [4, 0, 4.5, 1], "texture": "#0"},
				"east": {"uv": [2, 5.5, 6.5, 6.5], "texture": "#0"},
				"south": {"uv": [4, 1, 4.5, 2], "texture": "#0"},
				"west": {"uv": [6.5, 1, 11, 2], "texture": "#0"},
				"up": {"uv": [7, 12, 6.5, 7.5], "texture": "#0"},
				"down": {"uv": [7.5, 7.5, 7, 12], "texture": "#0"}
			}
		}
	],
	"display": {
		"thirdperson_righthand": {
			"rotation": [93.31, -0.46, 3.44],
			"translation": [0, 0, 8]
		},
		"head": {
			"translation": [0, -42, 0],
			"scale": [2.25, 2.25, 2.25]
		}
	}
}