{
	"credit": "Made with Blockbench",
	"texture_size": [64, 64],
	"textures": {
		"2": "item/easy_rpg/mobs/soul_stump",
		"particle": "item/easy_rpg/mobs/stump"
	},
	"elements": [
		{
			"from": [4, 6, 4],
			"to": [12, 15, 12],
			"rotation": {"angle": 0, "axis": "y", "origin": [0, -1, 0]},
			"faces": {
				"north": {"uv": [0, 0, 2, 2.25], "texture": "#2"},
				"east": {"uv": [2, 0, 4, 2.25], "texture": "#2"},
				"south": {"uv": [0, 2.25, 2, 4.5], "texture": "#2"},
				"west": {"uv": [2, 2.25, 4, 4.5], "texture": "#2"},
				"up": {"uv": [6, 2, 4, 0], "texture": "#2"},
				"down": {"uv": [6, 2, 4, 4], "texture": "#2"}
			}
		},
		{
			"from": [3.75, 5.75, 3.75],
			"to": [7, 10, 6],
			"rotation": {"angle": 0, "axis": "y", "origin": [0, -1, 0]},
			"faces": {
				"north": {"uv": [3.75, 6.75, 4.5, 7.75], "texture": "#2"},
				"east": {"uv": [3.5, 4.5, 4, 5.5], "texture": "#2"},
				"south": {"uv": [4.5, 6.75, 5.25, 7.75], "texture": "#2"},
				"west": {"uv": [7.5, 3.75, 8, 4.75], "texture": "#2"},
				"up": {"uv": [8.25, 7.25, 7.5, 6.75], "texture": "#2"},
				"down": {"uv": [8.25, 7.25, 7.5, 7.75], "texture": "#2"}
			}
		},
		{
			"from": [4.5, 2, 4.5],
			"to": [11.5, 6, 11.5],
			"rotation": {"angle": 0, "axis": "y", "origin": [0, -1, 0]},
			"faces": {
				"north": {"uv": [1.75, 4.5, 3.5, 5.5], "texture": "#2"},
				"east": {"uv": [1.75, 5.5, 3.5, 6.5], "texture": "#2"},
				"south": {"uv": [3.5, 5.75, 5.25, 6.75], "texture": "#2"},
				"west": {"uv": [5.75, 4, 7.5, 5], "texture": "#2"},
				"up": {"uv": [5.75, 5.75, 4, 4], "texture": "#2"},
				"down": {"uv": [1.75, 4.5, 0, 6.25], "texture": "#2"}
			}
		},
		{
			"from": [3.5, 0, 6.5],
			"to": [6.5, 4, 9.5],
			"rotation": {"angle": 0, "axis": "y", "origin": [0, -1, 0]},
			"faces": {
				"north": {"uv": [1.5, 6.5, 2.25, 7.5], "texture": "#2"},
				"east": {"uv": [2.25, 6.5, 3, 7.5], "texture": "#2"},
				"south": {"uv": [6.5, 5, 7.25, 6], "texture": "#2"},
				"west": {"uv": [6.75, 0, 7.5, 1], "texture": "#2"},
				"up": {"uv": [8.25, 0.75, 7.5, 0], "texture": "#2"},
				"down": {"uv": [1.5, 7.5, 0.75, 8.25], "texture": "#2"}
			}
		},
		{
			"from": [9.5, 0, 6.5],
			"to": [12.5, 5, 9.5],
			"rotation": {"angle": 0, "axis": "y", "origin": [0, -1, 0]},
			"faces": {
				"north": {"uv": [5.75, 5, 6.5, 6.25], "texture": "#2"},
				"east": {"uv": [6, 0, 6.75, 1.25], "texture": "#2"},
				"south": {"uv": [6, 1.25, 6.75, 2.5], "texture": "#2"},
				"west": {"uv": [6, 2.5, 6.75, 3.75], "texture": "#2"},
				"up": {"uv": [8.25, 1.5, 7.5, 0.75], "texture": "#2"},
				"down": {"uv": [2.25, 7.5, 1.5, 8.25], "texture": "#2"}
			}
		},
		{
			"from": [3.55, 0.025, 5.5],
			"to": [6.45, 1, 8.65],
			"rotation": {"angle": 0, "axis": "y", "origin": [0, -1, 0]},
			"faces": {
				"north": {"uv": [8, 3.75, 8.75, 4], "texture": "#2"},
				"east": {"uv": [7.5, 7.75, 8.5, 8], "texture": "#2"},
				"south": {"uv": [8, 4, 8.75, 4.25], "texture": "#2"},
				"west": {"uv": [3.5, 8, 4.5, 8.25], "texture": "#2"},
				"up": {"uv": [8, 6, 7.25, 5], "texture": "#2"},
				"down": {"uv": [0.75, 7.5, 0, 8.5], "texture": "#2"}
			}
		},
		{
			"from": [9.55, 0.025, 5.5],
			"to": [12.45, 1, 8.65],
			"rotation": {"angle": 0, "axis": "y", "origin": [0, -1, 0]},
			"faces": {
				"north": {"uv": [6, 3.75, 6.75, 4], "texture": "#2"},
				"east": {"uv": [7.5, 4.75, 8.5, 5], "texture": "#2"},
				"south": {"uv": [4.5, 7.75, 5.25, 8], "texture": "#2"},
				"west": {"uv": [3.5, 7.75, 4.5, 8], "texture": "#2"},
				"up": {"uv": [7.5, 7, 6.75, 6], "texture": "#2"},
				"down": {"uv": [7.5, 7, 6.75, 8], "texture": "#2"}
			}
		},
		{
			"from": [3, 7, 7],
			"to": [6, 12, 10],
			"rotation": {"angle": 0, "axis": "y", "origin": [0, -1, 0]},
			"faces": {
				"north": {"uv": [0, 6.25, 0.75, 7.5], "texture": "#2"},
				"east": {"uv": [0.75, 6.25, 1.5, 7.5], "texture": "#2"},
				"south": {"uv": [5.25, 6.25, 6, 7.5], "texture": "#2"},
				"west": {"uv": [6, 6.25, 6.75, 7.5], "texture": "#2"},
				"up": {"uv": [8.25, 3, 7.5, 2.25], "texture": "#2"},
				"down": {"uv": [8.25, 3, 7.5, 3.75], "texture": "#2"}
			}
		},
		{
			"from": [13, 5.75, 6.25],
			"to": [14.5, 8.75, 7.75],
			"rotation": {"angle": 45, "axis": "z", "origin": [0.25, -1.25, -1.5]},
			"faces": {
				"north": {"uv": [5.25, 7.5, 5.75, 8.25], "texture": "#2"},
				"east": {"uv": [5.75, 7.5, 6.25, 8.25], "texture": "#2"},
				"south": {"uv": [7.5, 6, 8, 6.75], "texture": "#2"},
				"west": {"uv": [6.25, 7.5, 6.75, 8.25], "texture": "#2"},
				"up": {"uv": [5.75, 6.25, 5.25, 5.75], "texture": "#2"},
				"down": {"uv": [3.5, 7.75, 3, 8.25], "texture": "#2"}
			}
		},
		{
			"from": [2.2, 14.825, 6.3],
			"to": [3.6, 16.825, 7.7],
			"rotation": {"angle": 0, "axis": "z", "origin": [0.25, -1.25, -1.5]},
			"faces": {
				"north": {"uv": [5.5, 7.5, 6, 8.25], "texture": "#2"},
				"east": {"uv": [5.5, 7.5, 6, 8.25], "texture": "#2"},
				"south": {"uv": [5.5, 7.5, 6, 8.25], "texture": "#2"},
				"west": {"uv": [5.5, 7.5, 6, 8.25], "texture": "#2"},
				"up": {"uv": [5.5, 7.5, 6, 8.25], "texture": "#2"},
				"down": {"uv": [5.5, 7.5, 6, 8.25], "texture": "#2"}
			}
		},
		{
			"from": [10.5, 8, 6],
			"to": [13.5, 12, 9],
			"rotation": {"angle": 0, "axis": "y", "origin": [0, -1, 0]},
			"faces": {
				"north": {"uv": [6.75, 1, 7.5, 2], "texture": "#2"},
				"east": {"uv": [6.75, 2, 7.5, 3], "texture": "#2"},
				"south": {"uv": [3, 6.75, 3.75, 7.75], "texture": "#2"},
				"west": {"uv": [6.75, 3, 7.5, 4], "texture": "#2"},
				"up": {"uv": [8.25, 2.25, 7.5, 1.5], "texture": "#2"},
				"down": {"uv": [3, 7.5, 2.25, 8.25], "texture": "#2"}
			}
		}
	],
	"display": {
		"thirdperson_righthand": {
			"scale": [2.25, 2.25, 2.25]
		},
		"head": {
			"translation": [0, -42, 0],
			"scale": [2.25, 2.25, 2.25]
		}
	}
}