{
	"credit": "Made with Blockbench",
	"textures": {
		"1": "item/easy_rpg/mobs/stone_guy",
		"5": "item/easy_rpg/mobs/stone_guy_walk_1",
		"6": "item/easy_rpg/mobs/stone_guy_walk_2",
		"particle": "item/easy_rpg/mobs/stone_guy_walk_1"
	},
	"elements": [
		{
			"from": [13, 0, 4],
			"to": [15, 2, 8],
			"faces": {
				"north": {"uv": [4, 6, 6, 8], "texture": "#6"},
				"east": {"uv": [0, 0, 4, 2], "texture": "#6"},
				"south": {"uv": [6, 6, 8, 8], "texture": "#6"},
				"west": {"uv": [0, 2, 4, 4], "texture": "#6"},
				"up": {"uv": [2, 8, 0, 4], "texture": "#6"},
				"down": {"uv": [6, 0, 4, 4], "texture": "#6"}
			}
		},
		{
			"from": [13, 0, 8],
			"to": [15, 2, 12],
			"faces": {
				"north": {"uv": [4, 6, 6, 8], "texture": "#5"},
				"east": {"uv": [0, 0, 4, 2], "texture": "#5"},
				"south": {"uv": [6, 6, 8, 8], "texture": "#5"},
				"west": {"uv": [0, 2, 4, 4], "texture": "#5"},
				"up": {"uv": [2, 8, 0, 4], "texture": "#5"},
				"down": {"uv": [6, 0, 4, 4], "texture": "#5"}
			}
		},
		{
			"from": [1, 0, 8],
			"to": [3, 2, 12],
			"faces": {
				"north": {"uv": [0, 8, 2, 10], "texture": "#6"},
				"east": {"uv": [2, 4, 6, 6], "texture": "#6"},
				"south": {"uv": [8, 2, 10, 4], "texture": "#6"},
				"west": {"uv": [6, 0, 10, 2], "texture": "#6"},
				"up": {"uv": [4, 10, 2, 6], "texture": "#6"},
				"down": {"uv": [8, 2, 6, 6], "texture": "#6"}
			}
		},
		{
			"from": [1, 0, 4],
			"to": [3, 2, 8],
			"faces": {
				"north": {"uv": [0, 8, 2, 10], "texture": "#5"},
				"east": {"uv": [2, 4, 6, 6], "texture": "#5"},
				"south": {"uv": [8, 2, 10, 4], "texture": "#5"},
				"west": {"uv": [6, 0, 10, 2], "texture": "#5"},
				"up": {"uv": [4, 10, 2, 6], "texture": "#5"},
				"down": {"uv": [8, 2, 6, 6], "texture": "#5"}
			}
		},
		{
			"from": [2, 7, 8],
			"to": [6, 11, 12],
			"faces": {
				"north": {"uv": [5, 10, 7, 12], "texture": "#1"},
				"east": {"uv": [10, 5, 12, 7], "texture": "#1"},
				"south": {"uv": [7, 10, 9, 12], "texture": "#1"},
				"west": {"uv": [10, 7, 12, 9], "texture": "#1"},
				"up": {"uv": [11, 12, 9, 10], "texture": "#1"},
				"down": {"uv": [13, 9, 11, 11], "texture": "#1"}
			}
		},
		{
			"from": [3, 0, 3],
			"to": [13, 10, 13],
			"faces": {
				"north": {"uv": [0, 0, 5, 5], "texture": "#1"},
				"east": {"uv": [0, 5, 5, 10], "texture": "#1"},
				"south": {"uv": [5, 0, 10, 5], "texture": "#1"},
				"west": {"uv": [5, 5, 10, 10], "texture": "#1"},
				"up": {"uv": [5, 15, 0, 10], "texture": "#1"},
				"down": {"uv": [15, 0, 10, 5], "texture": "#1"}
			}
		}
	],
	"display": {
		"head": {
			"translation": [0, -42, 0],
			"scale": [2.25, 2.25, 2.25]
		}
	}
}