{
	"credit": "Made with Blockbench",
	"texture_size": [32, 32],
	"textures": {
		"1": "item/easy_rpg/mobs/stone_guy"
	},
	"elements": [
		{
			"from": [13, 0, 6],
			"to": [15, 2, 10],
			"faces": {
				"north": {"uv": [10, 9, 11, 10], "texture": "#1"},
				"east": {"uv": [11, 11, 13, 12], "texture": "#1"},
				"south": {"uv": [12, 8, 13, 9], "texture": "#1"},
				"west": {"uv": [5, 12, 7, 13], "texture": "#1"},
				"up": {"uv": [13, 7, 12, 5], "texture": "#1"},
				"down": {"uv": [8, 12, 7, 14], "texture": "#1"}
			}
		},
		{
			"from": [1, 0, 6],
			"to": [3, 2, 10],
			"faces": {
				"north": {"uv": [12, 12, 13, 13], "texture": "#1"},
				"east": {"uv": [12, 7, 14, 8], "texture": "#1"},
				"south": {"uv": [5, 13, 6, 14], "texture": "#1"},
				"west": {"uv": [8, 12, 10, 13], "texture": "#1"},
				"up": {"uv": [11, 14, 10, 12], "texture": "#1"},
				"down": {"uv": [12, 12, 11, 14], "texture": "#1"}
			}
		},
		{
			"from": [2, 7, 8],
			"to": [6, 11, 12],
			"faces": {
				"north": {"uv": [5, 10, 7, 12], "texture": "#1"},
				"east": {"uv": [10, 5, 12, 7], "texture": "#1"},
				"south": {"uv": [7, 10, 9, 12], "texture": "#1"},
				"west": {"uv": [10, 7, 12, 9], "texture": "#1"},
				"up": {"uv": [11, 12, 9, 10], "texture": "#1"},
				"down": {"uv": [13, 9, 11, 11], "texture": "#1"}
			}
		},
		{
			"from": [3, 0, 3],
			"to": [13, 10, 13],
			"faces": {
				"north": {"uv": [0, 0, 5, 5], "texture": "#1"},
				"east": {"uv": [0, 5, 5, 10], "texture": "#1"},
				"south": {"uv": [5, 0, 10, 5], "texture": "#1"},
				"west": {"uv": [5, 5, 10, 10], "texture": "#1"},
				"up": {"uv": [5, 15, 0, 10], "texture": "#1"},
				"down": {"uv": [15, 0, 10, 5], "texture": "#1"}
			}
		}
	],
	"display": {
		"head": {
			"translation": [0, -42, 0],
			"scale": [2.25, 2.25, 2.25]
		}
	}
}