{
	"credit": "Made with Blockbench",
	"texture_size": [32, 32],
	"textures": {
		"2": "item/easy_rpg/mobs/stump",
		"3": "item/easy_rpg/mobs/stump_walk",
		"particle": "item/easy_rpg/mobs/stump"
	},
	"elements": [
		{
			"from": [4, 6, 4],
			"to": [12, 15, 12],
			"rotation": {"angle": 0, "axis": "y", "origin": [0, -1, 0]},
			"faces": {
				"north": {"uv": [0, 0, 2, 2.25], "texture": "#2"},
				"east": {"uv": [2, 0, 4, 2.25], "texture": "#2"},
				"south": {"uv": [0, 2.25, 2, 4.5], "texture": "#2"},
				"west": {"uv": [2, 2.25, 4, 4.5], "texture": "#2"},
				"up": {"uv": [6, 2, 4, 0], "texture": "#2"},
				"down": {"uv": [6, 2, 4, 4], "texture": "#2"}
			}
		},
		{
			"from": [3.75, 5.75, 3.75],
			"to": [7, 10, 6],
			"rotation": {"angle": 0, "axis": "y", "origin": [0, -1, 0]},
			"faces": {
				"north": {"uv": [3.75, 6.75, 4.5, 7.75], "texture": "#2"},
				"east": {"uv": [3.5, 4.5, 4, 5.5], "texture": "#2"},
				"south": {"uv": [4.5, 6.75, 5.25, 7.75], "texture": "#2"},
				"west": {"uv": [7.5, 3.75, 8, 4.75], "texture": "#2"},
				"up": {"uv": [8.25, 7.25, 7.5, 6.75], "texture": "#2"},
				"down": {"uv": [8.25, 7.25, 7.5, 7.75], "texture": "#2"}
			}
		},
		{
			"from": [4.5, 2, 4.5],
			"to": [11.5, 6, 11.5],
			"rotation": {"angle": 0, "axis": "y", "origin": [0, -1, 0]},
			"faces": {
				"north": {"uv": [1.75, 4.5, 3.5, 5.5], "texture": "#2"},
				"east": {"uv": [1.75, 5.5, 3.5, 6.5], "texture": "#2"},
				"south": {"uv": [3.5, 5.75, 5.25, 6.75], "texture": "#2"},
				"west": {"uv": [5.75, 4, 7.5, 5], "texture": "#2"},
				"up": {"uv": [5.75, 5.75, 4, 4], "texture": "#2"},
				"down": {"uv": [1.75, 4.5, 0, 6.25], "texture": "#2"}
			}
		},
		{
			"from": [13, 5.75, 6.25],
			"to": [14.5, 8.75, 7.75],
			"rotation": {"angle": 45, "axis": "z", "origin": [0.25, -1.25, -1.5]},
			"faces": {
				"north": {"uv": [5.25, 7.5, 5.75, 8.25], "texture": "#2"},
				"east": {"uv": [5.75, 7.5, 6.25, 8.25], "texture": "#2"},
				"south": {"uv": [7.5, 6, 8, 6.75], "texture": "#2"},
				"west": {"uv": [6.25, 7.5, 6.75, 8.25], "texture": "#2"},
				"up": {"uv": [5.75, 6.25, 5.25, 5.75], "texture": "#2"},
				"down": {"uv": [3.5, 7.75, 3, 8.25], "texture": "#2"}
			}
		},
		{
			"from": [2.2, 14.825, 6.3],
			"to": [3.6, 16.825, 7.7],
			"rotation": {"angle": 0, "axis": "z", "origin": [0.25, -1.25, -1.5]},
			"faces": {
				"north": {"uv": [5.5, 7.5, 6, 8.25], "texture": "#2"},
				"east": {"uv": [5.5, 7.5, 6, 8.25], "texture": "#2"},
				"south": {"uv": [5.5, 7.5, 6, 8.25], "texture": "#2"},
				"west": {"uv": [5.5, 7.5, 6, 8.25], "texture": "#2"},
				"up": {"uv": [5.5, 7.5, 6, 8.25], "texture": "#2"},
				"down": {"uv": [5.5, 7.5, 6, 8.25], "texture": "#2"}
			}
		},
		{
			"from": [3.5, 0, 4.7],
			"to": [6.5, 4, 7.7],
			"rotation": {"angle": 0, "axis": "y", "origin": [0, -1, 0]},
			"faces": {
				"north": {"uv": [7.5, 0, 9, 2], "texture": "#3"},
				"east": {"uv": [1.5, 7.5, 3, 9.5], "texture": "#3"},
				"south": {"uv": [7.5, 2, 9, 4], "texture": "#3"},
				"west": {"uv": [3, 7.5, 4.5, 9.5], "texture": "#3"},
				"up": {"uv": [6, 11, 4.5, 9.5], "texture": "#3"},
				"down": {"uv": [7.5, 9.5, 6, 11], "texture": "#3"}
			}
		},
		{
			"from": [3.55, 0.025, 3.7],
			"to": [6.45, 1, 6.85],
			"rotation": {"angle": 0, "axis": "y", "origin": [0, -1, 0]},
			"faces": {
				"north": {"uv": [12, 6, 13.5, 6.5], "texture": "#3"},
				"east": {"uv": [12, 6.5, 13.5, 7], "texture": "#3"},
				"south": {"uv": [12, 7, 13.5, 7.5], "texture": "#3"},
				"west": {"uv": [12, 7.5, 13.5, 8], "texture": "#3"},
				"up": {"uv": [1.5, 11.5, 0, 10], "texture": "#3"},
				"down": {"uv": [9, 10, 7.5, 11.5], "texture": "#3"}
			}
		},
		{
			"from": [9.5, 0, 8.2],
			"to": [12.5, 5, 11.2],
			"rotation": {"angle": 0, "axis": "y", "origin": [0, -1, 0]},
			"faces": {
				"north": {"uv": [0, 0, 1.5, 2.5], "texture": "#3"},
				"east": {"uv": [1.5, 0, 3, 2.5], "texture": "#3"},
				"south": {"uv": [0, 2.5, 1.5, 5], "texture": "#3"},
				"west": {"uv": [1.5, 2.5, 3, 5], "texture": "#3"},
				"up": {"uv": [10.5, 11.5, 9, 10], "texture": "#3"},
				"down": {"uv": [12, 0, 10.5, 1.5], "texture": "#3"}
			}
		},
		{
			"from": [9.55, 0.025, 7.2],
			"to": [12.45, 1, 10.35],
			"rotation": {"angle": 0, "axis": "y", "origin": [0, -1, 0]},
			"faces": {
				"north": {"uv": [12, 8, 13.5, 8.5], "texture": "#3"},
				"east": {"uv": [12, 8.5, 13.5, 9], "texture": "#3"},
				"south": {"uv": [12, 9, 13.5, 9.5], "texture": "#3"},
				"west": {"uv": [12, 9.5, 13.5, 10], "texture": "#3"},
				"up": {"uv": [12, 3, 10.5, 1.5], "texture": "#3"},
				"down": {"uv": [12, 3, 10.5, 4.5], "texture": "#3"}
			}
		},
		{
			"from": [3, 7, 8.75],
			"to": [6, 12, 11.75],
			"rotation": {"angle": 0, "axis": "y", "origin": [0, -1, 0]},
			"faces": {
				"north": {"uv": [3, 0, 4.5, 2.5], "texture": "#3"},
				"east": {"uv": [3, 2.5, 4.5, 5], "texture": "#3"},
				"south": {"uv": [4.5, 0, 6, 2.5], "texture": "#3"},
				"west": {"uv": [4.5, 2.5, 6, 5], "texture": "#3"},
				"up": {"uv": [12, 6, 10.5, 4.5], "texture": "#3"},
				"down": {"uv": [12, 6, 10.5, 7.5], "texture": "#3"}
			}
		},
		{
			"from": [10.5, 8, 5],
			"to": [13.5, 12, 8],
			"rotation": {"angle": 0, "axis": "y", "origin": [0, -1, 0]},
			"faces": {
				"north": {"uv": [7.5, 4, 9, 6], "texture": "#3"},
				"east": {"uv": [4.5, 7.5, 6, 9.5], "texture": "#3"},
				"south": {"uv": [6, 7.5, 7.5, 9.5], "texture": "#3"},
				"west": {"uv": [7.5, 6, 9, 8], "texture": "#3"},
				"up": {"uv": [12, 9, 10.5, 7.5], "texture": "#3"},
				"down": {"uv": [12, 9, 10.5, 10.5], "texture": "#3"}
			}
		},
		{
			"from": [3.5, 0, 8.075],
			"to": [6.5, 4, 11.075],
			"rotation": {"angle": 0, "axis": "y", "origin": [0, -1, 0]},
			"faces": {
				"north": {"uv": [7.5, 8, 9, 10], "texture": "#3"},
				"east": {"uv": [9, 0, 10.5, 2], "texture": "#3"},
				"south": {"uv": [9, 2, 10.5, 4], "texture": "#3"},
				"west": {"uv": [9, 4, 10.5, 6], "texture": "#3"},
				"up": {"uv": [12, 12, 10.5, 10.5], "texture": "#3"},
				"down": {"uv": [6, 11, 4.5, 12.5], "texture": "#3"}
			}
		},
		{
			"from": [3.55, 0.025, 7.075],
			"to": [6.45, 1, 10.225],
			"rotation": {"angle": 0, "axis": "y", "origin": [0, -1, 0]},
			"faces": {
				"north": {"uv": [12, 10, 13.5, 10.5], "texture": "#3"},
				"east": {"uv": [10.5, 12, 12, 12.5], "texture": "#3"},
				"south": {"uv": [12, 10.5, 13.5, 11], "texture": "#3"},
				"west": {"uv": [12, 11, 13.5, 11.5], "texture": "#3"},
				"up": {"uv": [7.5, 12.5, 6, 11], "texture": "#3"},
				"down": {"uv": [1.5, 11.5, 0, 13], "texture": "#3"}
			}
		},
		{
			"from": [9.5, 0, 4.75],
			"to": [12.5, 5, 7.75],
			"rotation": {"angle": 0, "axis": "y", "origin": [0, -1, 0]},
			"faces": {
				"north": {"uv": [0, 5, 1.5, 7.5], "texture": "#3"},
				"east": {"uv": [1.5, 5, 3, 7.5], "texture": "#3"},
				"south": {"uv": [3, 5, 4.5, 7.5], "texture": "#3"},
				"west": {"uv": [4.5, 5, 6, 7.5], "texture": "#3"},
				"up": {"uv": [3, 13, 1.5, 11.5], "texture": "#3"},
				"down": {"uv": [4.5, 11.5, 3, 13], "texture": "#3"}
			}
		},
		{
			"from": [9.55, 0.025, 3.75],
			"to": [12.45, 1, 6.9],
			"rotation": {"angle": 0, "axis": "y", "origin": [0, -1, 0]},
			"faces": {
				"north": {"uv": [12, 11.5, 13.5, 12], "texture": "#3"},
				"east": {"uv": [12, 12, 13.5, 12.5], "texture": "#3"},
				"south": {"uv": [4.5, 12.5, 6, 13], "texture": "#3"},
				"west": {"uv": [6, 12.5, 7.5, 13], "texture": "#3"},
				"up": {"uv": [9, 13, 7.5, 11.5], "texture": "#3"},
				"down": {"uv": [10.5, 11.5, 9, 13], "texture": "#3"}
			}
		},
		{
			"from": [10.5, 8, 8],
			"to": [13.5, 12, 11],
			"rotation": {"angle": 0, "axis": "y", "origin": [0, -1, 0]},
			"faces": {
				"north": {"uv": [9, 6, 10.5, 8], "texture": "#3"},
				"east": {"uv": [9, 8, 10.5, 10], "texture": "#3"},
				"south": {"uv": [1.5, 9.5, 3, 11.5], "texture": "#3"},
				"west": {"uv": [3, 9.5, 4.5, 11.5], "texture": "#3"},
				"up": {"uv": [13.5, 1.5, 12, 0], "texture": "#3"},
				"down": {"uv": [13.5, 1.5, 12, 3], "texture": "#3"}
			}
		},
		{
			"from": [3, 7, 5.75],
			"to": [6, 12, 8.75],
			"rotation": {"angle": 0, "axis": "y", "origin": [0, -1, 0]},
			"faces": {
				"north": {"uv": [6, 0, 7.5, 2.5], "texture": "#3"},
				"east": {"uv": [6, 2.5, 7.5, 5], "texture": "#3"},
				"south": {"uv": [6, 5, 7.5, 7.5], "texture": "#3"},
				"west": {"uv": [0, 7.5, 1.5, 10], "texture": "#3"},
				"up": {"uv": [13.5, 4.5, 12, 3], "texture": "#3"},
				"down": {"uv": [13.5, 4.5, 12, 6], "texture": "#3"}
			}
		}
	],
	"display": {
		"thirdperson_righthand": {
			"scale": [2.25, 2.25, 2.25]
		},
		"head": {
			"translation": [0, -42, 0],
			"scale": [2.25, 2.25, 2.25]
		}
	},
	"groups": [
		0,
		1,
		2,
		3,
		4,
		{
			"name": "1",
			"origin": [8, 8, 8],
			"color": 0,
			"nbt": "{}",
			"children": [5, 6, 7, 8, 9, 10]
		},
		{
			"name": "2",
			"origin": [8, 8, 8],
			"color": 0,
			"nbt": "{}",
			"children": [11, 12, 13, 14, 15, 16]
		}
	]
}