{
	"credit": "Made with Blockbench",
	"textures": {
		"0": "item/easy_rpg/mobs/gnome",
		"particle": "item/altar"
	},
	"elements": [
		{
			"from": [0, 0, 0],
			"to": [32, 32, 0],
			"faces": {
				"north": {"uv": [0, 0, 16, 16], "texture": "#0"},
				"east": {"uv": [0, 0, 0, 16], "texture": "#missing"},
				"south": {"uv": [0, 0, 1.24611, 0.82243], "texture": "#0"},
				"west": {"uv": [0, 0, 0, 16], "texture": "#missing"},
				"up": {"uv": [0, 0, 16, 0], "texture": "#missing"},
				"down": {"uv": [0, 0, 16, 0], "texture": "#missing"}
			}
		}
	],
	"display": {
		"fixed": {
			"translation": [-22.75, -19.25, 22.75],
			"scale": [3, 3, 3]
		}
	}
}