{
	"credit": "Made with Blockbench",
	"parent": "sofa_green",
	"ambientocclusion": false,
	"texture_size": [64, 64],
	"textures": {
		"0": "item/easy_rpg/sofa_green",
		"particle": "block/sofa_green"
	},
	"elements": [
		{
			"from": [1, 0, 1],
			"to": [3, 2, 3],
			"faces": {
				"north": {"uv": [7, 3.5, 7.5, 4], "texture": "#0"},
				"east": {"uv": [7, 4, 7.5, 4.5], "texture": "#0"},
				"south": {"uv": [7.5, 4, 8, 4.5], "texture": "#0"},
				"west": {"uv": [7.5, 3.5, 8, 4], "texture": "#0"},
				"up": {"uv": [7.5, 4.5, 8, 5], "texture": "#0"},
				"down": {"uv": [7, 4.5, 7.5, 5], "texture": "#0"}
			}
		},
		{
			"from": [1, 0, 11],
			"to": [3, 2, 13],
			"rotation": {"angle": 0, "axis": "y", "origin": [0, 0, 16]},
			"faces": {
				"north": {"uv": [8, 4, 7.5, 4.5], "texture": "#0"},
				"east": {"uv": [7.5, 4, 7, 4.5], "texture": "#0"},
				"south": {"uv": [7.5, 3.5, 7, 4], "texture": "#0"},
				"west": {"uv": [8, 3.5, 7.5, 4], "texture": "#0"},
				"up": {"uv": [7.5, 5, 8, 4.5], "texture": "#0"},
				"down": {"uv": [7, 5, 7.5, 4.5], "texture": "#0"}
			}
		},
		{
			"from": [29, 0, 11],
			"to": [31, 2, 13],
			"rotation": {"angle": 0, "axis": "y", "origin": [16, 0, 16]},
			"faces": {
				"north": {"uv": [7.5, 4, 8, 4.5], "texture": "#0"},
				"east": {"uv": [7.5, 3.5, 8, 4], "texture": "#0"},
				"south": {"uv": [7, 3.5, 7.5, 4], "texture": "#0"},
				"west": {"uv": [7, 4, 7.5, 4.5], "texture": "#0"},
				"up": {"uv": [8, 5, 7.5, 4.5], "texture": "#0"},
				"down": {"uv": [7.5, 5, 7, 4.5], "texture": "#0"}
			}
		},
		{
			"from": [29, 0, 1],
			"to": [31, 2, 3],
			"rotation": {"angle": 0, "axis": "y", "origin": [16, 0, 0]},
			"faces": {
				"north": {"uv": [7.5, 3.5, 7, 4], "texture": "#0"},
				"east": {"uv": [8, 3.5, 7.5, 4], "texture": "#0"},
				"south": {"uv": [8, 4, 7.5, 4.5], "texture": "#0"},
				"west": {"uv": [7.5, 4, 7, 4.5], "texture": "#0"},
				"up": {"uv": [8, 4.5, 7.5, 5], "texture": "#0"},
				"down": {"uv": [7.5, 4.5, 7, 5], "texture": "#0"}
			}
		},
		{
			"from": [0, 2, 0],
			"to": [32, 7, 14],
			"faces": {
				"north": {"uv": [8, 6, 16, 7.25], "texture": "#0"},
				"east": {"uv": [1, 3.5, 4.5, 4.75], "texture": "#0"},
				"south": {"uv": [8, 7.25, 16, 8.5], "texture": "#0"},
				"west": {"uv": [1, 3.5, 4.5, 4.75], "texture": "#0"},
				"up": {"uv": [8, 2.5, 16, 6], "texture": "#0"},
				"down": {"uv": [8, 8.5, 16, 12], "texture": "#0"}
			}
		},
		{
			"from": [0, 7, 10],
			"to": [32, 17, 14],
			"rotation": {"angle": 22.5, "axis": "x", "origin": [16, 7, 10]},
			"faces": {
				"north": {"uv": [0, 0, 8, 2.5], "texture": "#0"},
				"east": {"uv": [1, 3.5, 0, 6], "texture": "#0"},
				"south": {"uv": [8, 0, 16, 2.5], "texture": "#0"},
				"west": {"uv": [0, 3.5, 1, 6], "texture": "#0"},
				"up": {"uv": [0, 2.5, 8, 3.5], "texture": "#0"},
				"down": {"uv": [8, 12, 16, 13], "texture": "#0"}
			}
		},
		{
			"from": [0, 7, 0.01],
			"to": [5, 14, 14.01],
			"rotation": {"angle": 22.5, "axis": "z", "origin": [5, 7, 7]},
			"faces": {
				"north": {"uv": [5.75, 3.5, 7, 5.25], "texture": "#0"},
				"east": {"uv": [1, 4.75, 4.5, 6.5], "texture": "#0"},
				"south": {"uv": [5.75, 5.25, 7, 7], "texture": "#0"},
				"west": {"uv": [1, 6.5, 4.5, 8.25], "texture": "#0"},
				"up": {"uv": [4.5, 3.5, 5.75, 7], "texture": "#0"},
				"down": {"uv": [4.75, 6, 6, 9.5], "texture": "#0"}
			}
		},
		{
			"from": [27, 7, 0.01],
			"to": [32, 14, 14.01],
			"rotation": {"angle": -22.5, "axis": "z", "origin": [27, 7, 7]},
			"faces": {
				"north": {"uv": [7, 3.5, 5.75, 5.25], "texture": "#0"},
				"east": {"uv": [4.5, 6.5, 1, 8.25], "texture": "#0"},
				"south": {"uv": [7, 5.25, 5.75, 7], "texture": "#0"},
				"west": {"uv": [4.5, 4.75, 1, 6.5], "texture": "#0"},
				"up": {"uv": [5.75, 3.5, 4.5, 7], "texture": "#0"},
				"down": {"uv": [4.5, 7, 5.75, 10.5], "texture": "#0"}
			}
		}
	],
	"display": {
		"head": {
			"translation": [0, -27.25, 0],
			"scale": [2, 2, 2]
		}
	}
}