{
	"credit": "Made with Blockbench",
	"texture_size": [32, 32],
	"textures": {
		"0": "block/texture",
		"particle": "block/texture"
	},
	"elements": [
		{
			"from": [9, 0, 7],
			"to": [11, 4, 9],
			"faces": {
				"north": {"uv": [5, 7, 6, 9], "texture": "#0"},
				"east": {"uv": [0, 11, 1, 13], "texture": "#0"},
				"south": {"uv": [11, 0, 12, 2], "texture": "#0"},
				"west": {"uv": [1, 11, 2, 13], "texture": "#0"},
				"up": {"uv": [6, 12, 5, 11], "texture": "#0"},
				"down": {"uv": [7, 11, 6, 12], "texture": "#0"}
			}
		},
		{
			"from": [5, 0, 7],
			"to": [7, 4, 9],
			"faces": {
				"north": {"uv": [2, 11, 3, 13], "texture": "#0"},
				"east": {"uv": [11, 2, 12, 4], "texture": "#0"},
				"south": {"uv": [3, 11, 4, 13], "texture": "#0"},
				"west": {"uv": [4, 11, 5, 13], "texture": "#0"},
				"up": {"uv": [8, 12, 7, 11], "texture": "#0"},
				"down": {"uv": [9, 11, 8, 12], "texture": "#0"}
			}
		},
		{
			"from": [0, 9, 7],
			"to": [5, 11, 9],
			"faces": {
				"north": {"uv": [9, 6, 11.5, 7], "texture": "#0"},
				"east": {"uv": [9, 11, 10, 12], "texture": "#0"},
				"south": {"uv": [9, 7, 11.5, 8], "texture": "#0"},
				"west": {"uv": [10, 11, 11, 12], "texture": "#0"},
				"up": {"uv": [10.5, 10, 8, 9], "texture": "#0"},
				"down": {"uv": [11.5, 8, 9, 9], "texture": "#0"}
			}
		},
		{
			"from": [11, 9, 7],
			"to": [16, 11, 9],
			"faces": {
				"north": {"uv": [0, 10, 2.5, 11], "texture": "#0"},
				"east": {"uv": [11, 11, 12, 12], "texture": "#0"},
				"south": {"uv": [8, 10, 10.5, 11], "texture": "#0"},
				"west": {"uv": [11.5, 6, 12.5, 7], "texture": "#0"},
				"up": {"uv": [13, 10, 10.5, 9], "texture": "#0"},
				"down": {"uv": [13, 10, 10.5, 11], "texture": "#0"}
			}
		},
		{
			"from": [5, 4, 6],
			"to": [11, 12, 10],
			"faces": {
				"north": {"uv": [0, 0, 3, 4], "texture": "#0"},
				"east": {"uv": [3, 7, 5, 11], "texture": "#0"},
				"south": {"uv": [3, 0, 6, 4], "texture": "#0"},
				"west": {"uv": [9, 0, 11, 4], "texture": "#0"},
				"up": {"uv": [12, 6, 9, 4], "texture": "#0"},
				"down": {"uv": [8, 9, 5, 11], "texture": "#0"}
			}
		},
		{
			"from": [5, 12, 5],
			"to": [11, 18, 11],
			"faces": {
				"north": {"uv": [0, 4, 3, 7], "texture": "#0"},
				"east": {"uv": [3, 4, 6, 7], "texture": "#0"},
				"south": {"uv": [6, 0, 9, 3], "texture": "#0"},
				"west": {"uv": [6, 3, 9, 6], "texture": "#0"},
				"up": {"uv": [9, 9, 6, 6], "texture": "#0"},
				"down": {"uv": [3, 7, 0, 10], "texture": "#0"}
			}
		}
	],
	"display": {
		"head": {
			"translation": [0, -42, 0],
			"scale": [2.25, 2.25, 2.25]
		},
		"fixed": {
			"rotation": [-90, 0, 0],
			"translation": [-0.25, -0.25, -15.75],
			"scale": [2, 2, 2]
		}
	}
}