{
	"credit": "Made with Blockbench",
	"texture_size": [32, 32],
	"textures": {
		"0": "item/vapes/vape_fire",
		"particle": "item/vapes/vape_fire"
	},
	"elements": [
		{
			"from": [6.5, 0, 6],
			"to": [8.5, 8, 11],
			"faces": {
				"north": {"uv": [0, 4, 1, 8], "texture": "#0"},
				"east": {"uv": [2.5, 0, 5, 4], "texture": "#0"},
				"south": {"uv": [0, 4, 1, 8], "texture": "#0"},
				"west": {"uv": [2.5, 0, 5, 4], "texture": "#0"},
				"up": {"uv": [3, 6.5, 2, 4], "texture": "#0"},
				"down": {"uv": [4, 4, 3, 6.5], "texture": "#0"}
			}
		},
		{
			"from": [6.275, 4.71299, 6.44291],
			"to": [6.525, 5.71299, 9.94291],
			"rotation": {"angle": 45, "axis": "x", "origin": [6.375, 3.71299, 8.19291]},
			"faces": {
				"north": {"uv": [6, 8.5, 6.25, 9], "texture": "#0"},
				"east": {"uv": [6.5, 2.5, 8.25, 3], "texture": "#0"},
				"south": {"uv": [8.5, 6, 8.75, 6.5], "texture": "#0"},
				"west": {"uv": [6.5, 3, 8.25, 3.5], "texture": "#0"},
				"up": {"uv": [5.25, 9.25, 5, 7.5], "texture": "#0"},
				"down": {"uv": [6.75, 7.5, 6.5, 9.25], "texture": "#0"}
			}
		},
		{
			"from": [8.475, 2.46299, 6.44291],
			"to": [8.725, 4.71299, 7.44291],
			"rotation": {"angle": 45, "axis": "x", "origin": [6.375, 3.71299, 8.19291]},
			"faces": {
				"north": {"uv": [8, 0, 8.25, 1.25], "texture": "#0"},
				"east": {"uv": [6, 7, 5.5, 8.25], "texture": "#0"},
				"south": {"uv": [0.5, 8, 0.75, 9.25], "texture": "#0"},
				"west": {"uv": [3.5, 7, 4, 8.25], "texture": "#0"},
				"up": {"uv": [8.25, 7.5, 8, 7], "texture": "#0"},
				"down": {"uv": [8.25, 8, 8, 8.5], "texture": "#0"}
			}
		},
		{
			"from": [8.475, 4.71299, 6.44291],
			"to": [8.725, 5.71299, 9.94291],
			"rotation": {"angle": 45, "axis": "x", "origin": [6.375, 3.71299, 8.19291]},
			"faces": {
				"north": {"uv": [6.75, 6.5, 7, 7], "texture": "#0"},
				"east": {"uv": [8.25, 3, 6.5, 3.5], "texture": "#0"},
				"south": {"uv": [8, 6.5, 8.25, 7], "texture": "#0"},
				"west": {"uv": [6.5, 2, 8.25, 2.5], "texture": "#0"},
				"up": {"uv": [5.25, 9.25, 5, 7.5], "texture": "#0"},
				"down": {"uv": [6.75, 7.5, 6.5, 9.25], "texture": "#0"}
			}
		},
		{
			"from": [6.275, 2.46299, 6.44291],
			"to": [6.525, 4.71299, 7.44291],
			"rotation": {"angle": 45, "axis": "x", "origin": [6.375, 3.71299, 8.19291]},
			"faces": {
				"north": {"uv": [8, 0, 8.25, 1.25], "texture": "#0"},
				"east": {"uv": [7, 4.5, 7.5, 5.75], "texture": "#0"},
				"south": {"uv": [0.5, 8, 0.75, 9.25], "texture": "#0"},
				"west": {"uv": [5.5, 7, 6, 8.25], "texture": "#0"},
				"up": {"uv": [7.75, 9, 7.5, 8.5], "texture": "#0"},
				"down": {"uv": [8.75, 7.5, 8.5, 8], "texture": "#0"}
			}
		},
		{
			"from": [6.499, 6, 6],
			"to": [6.499, 8, 9],
			"rotation": {"angle": -22.5, "axis": "x", "origin": [6.25, 7, 6]},
			"faces": {
				"north": {"uv": [0, 0, 0, 1], "texture": "#0"},
				"south": {"uv": [0, 0, 0, 1], "texture": "#0"},
				"west": {"uv": [5, 3, 6.5, 4], "texture": "#0"},
				"up": {"uv": [0, 1.5, 0, 0], "texture": "#0"},
				"down": {"uv": [0, 0, 0, 1.5], "texture": "#0"}
			}
		},
		{
			"from": [8.501, 6, 6],
			"to": [8.501, 8, 9],
			"rotation": {"angle": -22.5, "axis": "x", "origin": [6.25, 7, 6]},
			"faces": {
				"north": {"uv": [0, 0, 0, 1], "texture": "#0"},
				"east": {"uv": [6.5, 3, 5, 4], "texture": "#0"},
				"south": {"uv": [0, 0, 0, 1], "texture": "#0"},
				"up": {"uv": [0, 1.5, 0, 0], "texture": "#0"},
				"down": {"uv": [0, 0, 0, 1.5], "texture": "#0"}
			}
		},
		{
			"from": [7, 6, 5.8],
			"to": [8, 7, 6],
			"faces": {
				"north": {"uv": [1, 8, 1.5, 8.5], "texture": "#0"},
				"east": {"uv": [8, 8, 8.25, 8.5], "texture": "#0"},
				"south": {"uv": [1.5, 8, 2, 8.5], "texture": "#0"},
				"west": {"uv": [8.5, 0, 8.75, 0.5], "texture": "#0"},
				"up": {"uv": [9, 0.75, 8.5, 0.5], "texture": "#0"},
				"down": {"uv": [1.5, 8.5, 1, 8.75], "texture": "#0"}
			}
		},
		{
			"from": [7.25, 0.75, 5.8],
			"to": [7.75, 1.25, 6],
			"faces": {
				"north": {"uv": [8, 8.5, 8.25, 8.75], "texture": "#0"},
				"east": {"uv": [8.5, 8, 8.75, 8.25], "texture": "#0"},
				"south": {"uv": [8.5, 8.5, 8.75, 8.75], "texture": "#0"},
				"west": {"uv": [9, 0, 9.25, 0.25], "texture": "#0"},
				"up": {"uv": [9.25, 0.75, 9, 0.5], "texture": "#0"},
				"down": {"uv": [1.25, 9, 1, 9.25], "texture": "#0"}
			}
		},
		{
			"from": [7.25, 1.75, 5.8],
			"to": [7.75, 2.25, 6],
			"faces": {
				"north": {"uv": [9, 1, 9.25, 1.25], "texture": "#0"},
				"east": {"uv": [1.5, 9, 1.75, 9.25], "texture": "#0"},
				"south": {"uv": [9, 1.5, 9.25, 1.75], "texture": "#0"},
				"west": {"uv": [2, 9, 2.25, 9.25], "texture": "#0"},
				"up": {"uv": [9.25, 2.25, 9, 2], "texture": "#0"},
				"down": {"uv": [2.75, 9, 2.5, 9.25], "texture": "#0"}
			}
		},
		{
			"from": [6.25, 2, 10],
			"to": [8.75, 6, 11.2],
			"faces": {
				"north": {"uv": [4, 4, 5.25, 6], "texture": "#0"},
				"east": {"uv": [6, 6, 6.5, 8], "texture": "#0"},
				"south": {"uv": [5, 0, 6.25, 2], "texture": "#0"},
				"west": {"uv": [6.5, 0, 7, 2], "texture": "#0"},
				"up": {"uv": [5.25, 7.5, 4, 7], "texture": "#0"},
				"down": {"uv": [8.25, 4, 7, 4.5], "texture": "#0"}
			}
		},
		{
			"from": [6.75, 7, 6.5],
			"to": [8.25, 9, 8.5],
			"faces": {
				"north": {"uv": [6.5, 6.5, 7.25, 7.5], "texture": "#0"},
				"east": {"uv": [4, 6, 5, 7], "texture": "#0"},
				"south": {"uv": [7, 0, 7.75, 1], "texture": "#0"},
				"west": {"uv": [5, 6, 6, 7], "texture": "#0"},
				"up": {"uv": [7.75, 2, 7, 1], "texture": "#0"},
				"down": {"uv": [2.75, 7, 2, 8], "texture": "#0"}
			}
		},
		{
			"from": [7, 9, 6.75],
			"to": [8, 9.75, 7.75],
			"faces": {
				"north": {"uv": [8, 1.5, 8.5, 2], "texture": "#0"},
				"east": {"uv": [2, 8, 2.5, 8.5], "texture": "#0"},
				"south": {"uv": [2.5, 8, 3, 8.5], "texture": "#0"},
				"west": {"uv": [8, 4.5, 8.5, 5], "texture": "#0"},
				"up": {"uv": [8.5, 5.5, 8, 5], "texture": "#0"},
				"down": {"uv": [8.5, 5.5, 8, 6], "texture": "#0"}
			}
		},
		{
			"from": [6.5, 8.75, 6.75],
			"to": [6.75, 9.5, 7],
			"rotation": {"angle": 22.5, "axis": "x", "origin": [6.625, 9.125, 6.875]},
			"faces": {
				"north": {"uv": [8.5, 1, 8.75, 1.5], "texture": "#0"},
				"east": {"uv": [1.5, 8.5, 1.75, 9], "texture": "#0"},
				"south": {"uv": [8.5, 1.5, 8.75, 2], "texture": "#0"},
				"west": {"uv": [2, 8.5, 2.25, 9], "texture": "#0"},
				"up": {"uv": [9.25, 2.75, 9, 2.5], "texture": "#0"},
				"down": {"uv": [3.25, 9, 3, 9.25], "texture": "#0"}
			}
		},
		{
			"from": [8.275, 9.41791, 6.88701],
			"to": [8.475, 10.16791, 7.13701],
			"rotation": {"angle": 0, "axis": "y", "origin": [8.375, 9.81791, 7.16201]},
			"faces": {
				"north": {"uv": [8.5, 4.5, 8.75, 5], "texture": "#0"},
				"east": {"uv": [8.5, 5, 8.75, 5.5], "texture": "#0"},
				"south": {"uv": [5.5, 8.5, 5.75, 9], "texture": "#0"},
				"west": {"uv": [8.5, 5.5, 8.75, 6], "texture": "#0"},
				"up": {"uv": [8.75, 9.25, 8.5, 9], "texture": "#0"},
				"down": {"uv": [9.25, 8.5, 9, 8.75], "texture": "#0"}
			}
		},
		{
			"from": [8.225, 8.71903, 6.60433],
			"to": [8.525, 9.06903, 6.95433],
			"rotation": {"angle": 0, "axis": "y", "origin": [8.375, 8.89403, 6.77933]},
			"faces": {
				"north": {"uv": [9, 6.5, 9.25, 6.75], "texture": "#0"},
				"east": {"uv": [9, 7, 9.25, 7.25], "texture": "#0"},
				"south": {"uv": [7.5, 9, 7.75, 9.25], "texture": "#0"},
				"west": {"uv": [9, 7.5, 9.25, 7.75], "texture": "#0"},
				"up": {"uv": [8.25, 9.25, 8, 9], "texture": "#0"},
				"down": {"uv": [9.25, 8, 9, 8.25], "texture": "#0"}
			}
		},
		{
			"from": [8.25, 8.75, 6.75],
			"to": [8.5, 9.5, 7],
			"rotation": {"angle": 22.5, "axis": "x", "origin": [8.375, 9.125, 6.875]},
			"faces": {
				"north": {"uv": [8.5, 3, 8.75, 3.5], "texture": "#0"},
				"east": {"uv": [3.5, 8.5, 3.75, 9], "texture": "#0"},
				"south": {"uv": [8.5, 3.5, 8.75, 4], "texture": "#0"},
				"west": {"uv": [8.5, 4, 8.75, 4.5], "texture": "#0"},
				"up": {"uv": [6.25, 9.25, 6, 9], "texture": "#0"},
				"down": {"uv": [9.25, 6, 9, 6.25], "texture": "#0"}
			}
		},
		{
			"from": [6.475, 8.71903, 6.60433],
			"to": [6.775, 9.06903, 6.95433],
			"rotation": {"angle": 0, "axis": "x", "origin": [6.625, 8.89403, 6.77933]},
			"faces": {
				"north": {"uv": [9, 3.5, 9.25, 3.75], "texture": "#0"},
				"east": {"uv": [9, 4, 9.25, 4.25], "texture": "#0"},
				"south": {"uv": [9, 4.5, 9.25, 4.75], "texture": "#0"},
				"west": {"uv": [9, 5, 9.25, 5.25], "texture": "#0"},
				"up": {"uv": [5.75, 9.25, 5.5, 9], "texture": "#0"},
				"down": {"uv": [9.25, 5.5, 9, 5.75], "texture": "#0"}
			}
		},
		{
			"from": [6.525, 9.41791, 6.88701],
			"to": [6.725, 10.16791, 7.13701],
			"rotation": {"angle": 0, "axis": "x", "origin": [6.625, 9.81791, 7.16201]},
			"faces": {
				"north": {"uv": [8.5, 2, 8.75, 2.5], "texture": "#0"},
				"east": {"uv": [2.5, 8.5, 2.75, 9], "texture": "#0"},
				"south": {"uv": [8.5, 2.5, 8.75, 3], "texture": "#0"},
				"west": {"uv": [3, 8.5, 3.25, 9], "texture": "#0"},
				"up": {"uv": [9.25, 3.25, 9, 3], "texture": "#0"},
				"down": {"uv": [3.75, 9, 3.5, 9.25], "texture": "#0"}
			}
		}
	],
	"display": {
		"thirdperson_righthand": {
			"rotation": [35, 0, 0],
			"translation": [0, 1.5, 1.25],
			"scale": [0.5, 0.5, 0.5]
		},
		"thirdperson_lefthand": {
			"rotation": [35, 0, 0],
			"translation": [0, 1.5, 1.25],
			"scale": [0.5, 0.5, 0.5]
		},
		"firstperson_righthand": {
			"rotation": [0, 105, 0],
			"translation": [0.75, 3.75, 0.25],
			"scale": [0.5, 0.5, 0.5]
		},
		"firstperson_lefthand": {
			"rotation": [0, 105, 0],
			"translation": [0.75, 3.75, 0.25],
			"scale": [0.5, 0.5, 0.5]
		},
		"ground": {
			"rotation": [0, 0, -90],
			"translation": [2, -0.5, 0],
			"scale": [0.5, 0.5, 0.5]
		},
		"gui": {
			"rotation": [33, 129, 0],
			"translation": [-0.5, 3.75, 0],
			"scale": [1.2, 1.2, 1.2]
		},
		"fixed": {
			"rotation": [0, -90, 0],
			"translation": [0.25, 4.75, 0],
			"scale": [1.2, 1.2, 1.2]
		}
	}
}