{
	"credit": "Made with Blockbench",
	"texture_size": [32, 32],
	"textures": {
		"1": "item/vapes/vape_ice"
	},
	"elements": [
		{
			"from": [6.5, 0, 6],
			"to": [8.5, 8, 11],
			"faces": {
				"north": {"uv": [1, 4, 2, 8], "texture": "#1"},
				"east": {"uv": [2.5, 0, 5, 4], "texture": "#1"},
				"south": {"uv": [1, 4, 2, 8], "texture": "#1"},
				"west": {"uv": [2.5, 0, 5, 4], "texture": "#1"},
				"up": {"uv": [4, 6.5, 3, 4], "texture": "#1"},
				"down": {"uv": [3, 4, 2, 6.5], "texture": "#1"}
			}
		},
		{
			"from": [6, 0, 6],
			"to": [6.5, 1, 11],
			"faces": {
				"north": {"uv": [10, 9.5, 10.25, 10], "texture": "#1"},
				"east": {"uv": [5, 1.5, 7.5, 2], "texture": "#1"},
				"south": {"uv": [10, 10, 10.25, 10.5], "texture": "#1"},
				"west": {"uv": [5, 2, 7.5, 2.5], "texture": "#1"},
				"up": {"uv": [3.25, 10, 3, 7.5], "texture": "#1"},
				"down": {"uv": [3.75, 7.5, 3.5, 10], "texture": "#1"}
			}
		},
		{
			"from": [8.25, 1, 10],
			"to": [8.8, 3, 11.25],
			"faces": {
				"north": {"uv": [8.5, 9, 8.75, 10], "texture": "#1"},
				"east": {"uv": [7, 0, 7.75, 1], "texture": "#1"},
				"south": {"uv": [9, 9, 9.25, 10], "texture": "#1"},
				"west": {"uv": [7, 3.5, 7.75, 4.5], "texture": "#1"},
				"up": {"uv": [10.25, 3.25, 10, 2.5], "texture": "#1"},
				"down": {"uv": [3.25, 10, 3, 10.75], "texture": "#1"}
			}
		},
		{
			"from": [8.25, 1, 5.75],
			"to": [8.775, 3, 7],
			"faces": {
				"north": {"uv": [9, 7, 9.25, 8], "texture": "#1"},
				"east": {"uv": [5, 6.5, 5.75, 7.5], "texture": "#1"},
				"south": {"uv": [9, 8, 9.25, 9], "texture": "#1"},
				"west": {"uv": [6, 6.5, 6.75, 7.5], "texture": "#1"},
				"up": {"uv": [2.25, 10.75, 2, 10], "texture": "#1"},
				"down": {"uv": [2.75, 10, 2.5, 10.75], "texture": "#1"}
			}
		},
		{
			"from": [8.5, 1, 7],
			"to": [8.8, 2, 8],
			"faces": {
				"north": {"uv": [10.5, 7.5, 10.75, 8], "texture": "#1"},
				"east": {"uv": [6.5, 9, 7, 9.5], "texture": "#1"},
				"south": {"uv": [8, 10.5, 8.25, 11], "texture": "#1"},
				"west": {"uv": [9, 6.5, 9.5, 7], "texture": "#1"},
				"up": {"uv": [10.75, 8.5, 10.5, 8], "texture": "#1"},
				"down": {"uv": [8.75, 10.5, 8.5, 11], "texture": "#1"}
			}
		},
		{
			"from": [8.5, 1, 9],
			"to": [8.85, 2.3, 10],
			"faces": {
				"north": {"uv": [1.5, 10, 1.75, 10.75], "texture": "#1"},
				"east": {"uv": [1.5, 8, 2, 8.75], "texture": "#1"},
				"south": {"uv": [10, 1.5, 10.25, 2.25], "texture": "#1"},
				"west": {"uv": [8, 3, 8.5, 3.75], "texture": "#1"},
				"up": {"uv": [10.75, 7.5, 10.5, 7], "texture": "#1"},
				"down": {"uv": [7.75, 10.5, 7.5, 11], "texture": "#1"}
			}
		},
		{
			"from": [8.5, 0, 6],
			"to": [8.9, 1, 11],
			"faces": {
				"north": {"uv": [10.5, 6.5, 10.75, 7], "texture": "#1"},
				"east": {"uv": [5, 2.5, 7.5, 3], "texture": "#1"},
				"south": {"uv": [7, 10.5, 7.25, 11], "texture": "#1"},
				"west": {"uv": [5, 3, 7.5, 3.5], "texture": "#1"},
				"up": {"uv": [4.25, 10, 4, 7.5], "texture": "#1"},
				"down": {"uv": [4.75, 7.5, 4.5, 10], "texture": "#1"}
			}
		},
		{
			"from": [6.125, 0, 11],
			"to": [8.8, 1, 11.375],
			"faces": {
				"north": {"uv": [7.5, 2, 8.75, 2.5], "texture": "#1"},
				"east": {"uv": [10.5, 3, 10.75, 3.5], "texture": "#1"},
				"south": {"uv": [7.5, 2.5, 8.75, 3], "texture": "#1"},
				"west": {"uv": [10.5, 3.5, 10.75, 4], "texture": "#1"},
				"up": {"uv": [6.25, 8.75, 5, 8.5], "texture": "#1"},
				"down": {"uv": [9.75, 5.5, 8.5, 5.75], "texture": "#1"}
			}
		},
		{
			"from": [7.75, 1, 5.7],
			"to": [8.25, 3.75, 6],
			"faces": {
				"north": {"uv": [8, 6.5, 8.25, 8], "texture": "#1"},
				"east": {"uv": [7, 8, 7.25, 9.5], "texture": "#1"},
				"south": {"uv": [7.5, 8, 7.75, 9.5], "texture": "#1"},
				"west": {"uv": [8, 8, 8.25, 9.5], "texture": "#1"},
				"up": {"uv": [6.75, 11.25, 6.5, 11], "texture": "#1"},
				"down": {"uv": [11.25, 6.5, 11, 6.75], "texture": "#1"}
			}
		},
		{
			"from": [6.75, 1, 5.65],
			"to": [7.75, 2.75, 6],
			"faces": {
				"north": {"uv": [6, 7.5, 6.5, 8.5], "texture": "#1"},
				"east": {"uv": [0, 9.5, 0.25, 10.5], "texture": "#1"},
				"south": {"uv": [7.5, 6, 8, 7], "texture": "#1"},
				"west": {"uv": [0.5, 9.5, 0.75, 10.5], "texture": "#1"},
				"up": {"uv": [11, 9.25, 10.5, 9], "texture": "#1"},
				"down": {"uv": [10, 10.5, 9.5, 10.75], "texture": "#1"}
			}
		},
		{
			"from": [6.1, 0, 5.55],
			"to": [8.875, 1, 6],
			"faces": {
				"north": {"uv": [6, 1, 7.5, 1.5], "texture": "#1"},
				"east": {"uv": [10.5, 8.5, 10.75, 9], "texture": "#1"},
				"south": {"uv": [7, 4.5, 8.5, 5], "texture": "#1"},
				"west": {"uv": [9, 10.5, 9.25, 11], "texture": "#1"},
				"up": {"uv": [9.5, 4.25, 8, 4], "texture": "#1"},
				"down": {"uv": [9.5, 6, 8, 6.25], "texture": "#1"}
			}
		},
		{
			"from": [6.2, 1, 5.75],
			"to": [6.75, 3, 7],
			"faces": {
				"north": {"uv": [9, 2.5, 9.25, 3.5], "texture": "#1"},
				"east": {"uv": [3, 6.5, 3.75, 7.5], "texture": "#1"},
				"south": {"uv": [9, 4.5, 9.25, 5.5], "texture": "#1"},
				"west": {"uv": [4, 6.5, 4.75, 7.5], "texture": "#1"},
				"up": {"uv": [7.75, 10.25, 7.5, 9.5], "texture": "#1"},
				"down": {"uv": [8.25, 9.5, 8, 10.25], "texture": "#1"}
			}
		},
		{
			"from": [6.1, 1, 9],
			"to": [6.5, 2, 10],
			"faces": {
				"north": {"uv": [0, 10.5, 0.25, 11], "texture": "#1"},
				"east": {"uv": [9, 3.5, 9.5, 4], "texture": "#1"},
				"south": {"uv": [10.5, 0, 10.75, 0.5], "texture": "#1"},
				"west": {"uv": [5, 9, 5.5, 9.5], "texture": "#1"},
				"up": {"uv": [0.75, 11, 0.5, 10.5], "texture": "#1"},
				"down": {"uv": [10.75, 0.5, 10.5, 1], "texture": "#1"}
			}
		},
		{
			"from": [6.25, 1, 7],
			"to": [6.5, 2, 8],
			"faces": {
				"north": {"uv": [10.5, 1, 10.75, 1.5], "texture": "#1"},
				"east": {"uv": [5.5, 9, 6, 9.5], "texture": "#1"},
				"south": {"uv": [10.5, 1.5, 10.75, 2], "texture": "#1"},
				"west": {"uv": [6, 9, 6.5, 9.5], "texture": "#1"},
				"up": {"uv": [10.75, 2.5, 10.5, 2], "texture": "#1"},
				"down": {"uv": [10.75, 2.5, 10.5, 3], "texture": "#1"}
			}
		},
		{
			"from": [6.2, 6.5, 7],
			"to": [6.5, 8.175, 8.25],
			"faces": {
				"north": {"uv": [3.5, 10, 3.75, 10.75], "texture": "#1"},
				"east": {"uv": [5, 7.5, 5.75, 8.25], "texture": "#1"},
				"south": {"uv": [10, 3.5, 10.25, 4.25], "texture": "#1"},
				"west": {"uv": [7.5, 5, 8.25, 5.75], "texture": "#1"},
				"up": {"uv": [4.25, 10.75, 4, 10], "texture": "#1"},
				"down": {"uv": [4.75, 10, 4.5, 10.75], "texture": "#1"}
			}
		},
		{
			"from": [6.25, 6, 5.875],
			"to": [6.75, 8.2, 7],
			"faces": {
				"north": {"uv": [9.5, 1.5, 9.75, 2.5], "texture": "#1"},
				"east": {"uv": [6.5, 7.5, 7, 8.5], "texture": "#1"},
				"south": {"uv": [9.5, 2.5, 9.75, 3.5], "texture": "#1"},
				"west": {"uv": [7.5, 7, 8, 8], "texture": "#1"},
				"up": {"uv": [10.75, 10, 10.5, 9.5], "texture": "#1"},
				"down": {"uv": [10.25, 10.5, 10, 11], "texture": "#1"}
			}
		},
		{
			"from": [6.75, 7.5, 5.825],
			"to": [7.75, 8.325, 6.075],
			"faces": {
				"north": {"uv": [9.5, 5, 10, 5.5], "texture": "#1"},
				"east": {"uv": [2, 11, 2.25, 11.5], "texture": "#1"},
				"south": {"uv": [5.5, 9.5, 6, 10], "texture": "#1"},
				"west": {"uv": [11, 2, 11.25, 2.5], "texture": "#1"},
				"up": {"uv": [3, 11.25, 2.5, 11], "texture": "#1"},
				"down": {"uv": [11.5, 2.5, 11, 2.75], "texture": "#1"}
			}
		},
		{
			"from": [6.65, 6.725, 5.85],
			"to": [7.4, 7.55, 6.075],
			"faces": {
				"north": {"uv": [6, 9.5, 6.5, 10], "texture": "#1"},
				"east": {"uv": [3, 11, 3.25, 11.5], "texture": "#1"},
				"south": {"uv": [9.5, 6, 10, 6.5], "texture": "#1"},
				"west": {"uv": [11, 3, 11.25, 3.5], "texture": "#1"},
				"up": {"uv": [4, 11.25, 3.5, 11], "texture": "#1"},
				"down": {"uv": [11.5, 3.5, 11, 3.75], "texture": "#1"}
			}
		},
		{
			"from": [6.25, 7, 8.25],
			"to": [6.75, 8.1, 9],
			"faces": {
				"north": {"uv": [10.5, 10, 10.75, 10.5], "texture": "#1"},
				"east": {"uv": [9.5, 3.5, 10, 4], "texture": "#1"},
				"south": {"uv": [10.5, 10.5, 10.75, 11], "texture": "#1"},
				"west": {"uv": [9.5, 4, 10, 4.5], "texture": "#1"},
				"up": {"uv": [0.25, 11.5, 0, 11], "texture": "#1"},
				"down": {"uv": [11.25, 0, 11, 0.5], "texture": "#1"}
			}
		},
		{
			"from": [7.475, 7.5, 5.8],
			"to": [8.475, 8.275, 6.075],
			"faces": {
				"north": {"uv": [8.5, 8.5, 9, 9], "texture": "#1"},
				"east": {"uv": [10, 7, 10.25, 7.5], "texture": "#1"},
				"south": {"uv": [1, 9, 1.5, 9.5], "texture": "#1"},
				"west": {"uv": [10, 7.5, 10.25, 8], "texture": "#1"},
				"up": {"uv": [10.5, 8.25, 10, 8], "texture": "#1"},
				"down": {"uv": [9, 10, 8.5, 10.25], "texture": "#1"}
			}
		},
		{
			"from": [7.2, 6.225, 5.925],
			"to": [8.2, 7.55, 6.075],
			"faces": {
				"north": {"uv": [8.5, 3, 9, 3.75], "texture": "#1"},
				"east": {"uv": [10, 6, 10.25, 6.75], "texture": "#1"},
				"south": {"uv": [8.5, 4.5, 9, 5.25], "texture": "#1"},
				"west": {"uv": [6.5, 10, 6.75, 10.75], "texture": "#1"},
				"up": {"uv": [6, 11.25, 5.5, 11], "texture": "#1"},
				"down": {"uv": [11.5, 5.5, 11, 5.75], "texture": "#1"}
			}
		},
		{
			"from": [8.45, 6.275, 7],
			"to": [8.75, 8.175, 8.25],
			"faces": {
				"north": {"uv": [7, 9.5, 7.25, 10.5], "texture": "#1"},
				"east": {"uv": [7.5, 1, 8.25, 2], "texture": "#1"},
				"south": {"uv": [9.5, 7, 9.75, 8], "texture": "#1"},
				"west": {"uv": [2, 7.5, 2.75, 8.5], "texture": "#1"},
				"up": {"uv": [10.25, 5.75, 10, 5], "texture": "#1"},
				"down": {"uv": [6.25, 10, 6, 10.75], "texture": "#1"}
			}
		},
		{
			"from": [8.2, 5.5, 5.875],
			"to": [8.7, 8.3, 7],
			"faces": {
				"north": {"uv": [2, 8.5, 2.25, 10], "texture": "#1"},
				"east": {"uv": [7, 5, 7.5, 6.5], "texture": "#1"},
				"south": {"uv": [2.5, 8.5, 2.75, 10], "texture": "#1"},
				"west": {"uv": [7, 6.5, 7.5, 8], "texture": "#1"},
				"up": {"uv": [5.25, 11.5, 5, 11], "texture": "#1"},
				"down": {"uv": [11.25, 5, 11, 5.5], "texture": "#1"}
			}
		},
		{
			"from": [8.175, 7, 8.25],
			"to": [8.675, 8.1, 9],
			"faces": {
				"north": {"uv": [4, 11, 4.25, 11.5], "texture": "#1"},
				"east": {"uv": [6.5, 9.5, 7, 10], "texture": "#1"},
				"south": {"uv": [11, 4, 11.25, 4.5], "texture": "#1"},
				"west": {"uv": [9.5, 6.5, 10, 7], "texture": "#1"},
				"up": {"uv": [4.75, 11.5, 4.5, 11], "texture": "#1"},
				"down": {"uv": [11.25, 4.5, 11, 5], "texture": "#1"}
			}
		},
		{
			"from": [6.25, 1, 10],
			"to": [6.75, 4, 11.325],
			"faces": {
				"north": {"uv": [0, 8, 0.25, 9.5], "texture": "#1"},
				"east": {"uv": [5, 3.5, 5.75, 5], "texture": "#1"},
				"south": {"uv": [0.5, 8, 0.75, 9.5], "texture": "#1"},
				"west": {"uv": [5, 5, 5.75, 6.5], "texture": "#1"},
				"up": {"uv": [9.75, 8.75, 9.5, 8], "texture": "#1"},
				"down": {"uv": [9.75, 9, 9.5, 9.75], "texture": "#1"}
			}
		},
		{
			"from": [6.75, 1, 11],
			"to": [7.75, 2.65, 11.25],
			"faces": {
				"north": {"uv": [8, 0, 8.5, 0.75], "texture": "#1"},
				"east": {"uv": [10, 0, 10.25, 0.75], "texture": "#1"},
				"south": {"uv": [1, 8, 1.5, 8.75], "texture": "#1"},
				"west": {"uv": [1, 10, 1.25, 10.75], "texture": "#1"},
				"up": {"uv": [11, 4.25, 10.5, 4], "texture": "#1"},
				"down": {"uv": [5.5, 10.5, 5, 10.75], "texture": "#1"}
			}
		},
		{
			"from": [7.75, 1, 11],
			"to": [8.25, 1.75, 11.3],
			"faces": {
				"north": {"uv": [10.5, 5, 10.75, 5.5], "texture": "#1"},
				"east": {"uv": [5.5, 10.5, 5.75, 11], "texture": "#1"},
				"south": {"uv": [10.5, 5.5, 10.75, 6], "texture": "#1"},
				"west": {"uv": [10.5, 6, 10.75, 6.5], "texture": "#1"},
				"up": {"uv": [6.25, 11.25, 6, 11], "texture": "#1"},
				"down": {"uv": [11.25, 6, 11, 6.25], "texture": "#1"}
			}
		},
		{
			"from": [7, 6, 5.8],
			"to": [8, 7, 6],
			"faces": {
				"north": {"uv": [1.5, 9, 2, 9.5], "texture": "#1"},
				"east": {"uv": [10, 8.5, 10.25, 9], "texture": "#1"},
				"south": {"uv": [9, 2, 9.5, 2.5], "texture": "#1"},
				"west": {"uv": [9, 10, 9.25, 10.5], "texture": "#1"},
				"up": {"uv": [10.5, 9.25, 10, 9], "texture": "#1"},
				"down": {"uv": [10, 10, 9.5, 10.25], "texture": "#1"}
			}
		},
		{
			"from": [6.75, 7, 6.5],
			"to": [8.25, 9, 8.5],
			"faces": {
				"north": {"uv": [6, 3.5, 6.75, 4.5], "texture": "#1"},
				"east": {"uv": [4, 5.5, 5, 6.5], "texture": "#1"},
				"south": {"uv": [6, 4.5, 6.75, 5.5], "texture": "#1"},
				"west": {"uv": [6, 0, 7, 1], "texture": "#1"},
				"up": {"uv": [6.75, 6.5, 6, 5.5], "texture": "#1"},
				"down": {"uv": [2.75, 6.5, 2, 7.5], "texture": "#1"}
			}
		},
		{
			"from": [6.5, 8, 6],
			"to": [8.5, 8.25, 8.75],
			"faces": {
				"north": {"uv": [1, 9.5, 2, 9.75], "texture": "#1"},
				"east": {"uv": [8.5, 0, 10, 0.25], "texture": "#1"},
				"south": {"uv": [9.5, 1, 10.5, 1.25], "texture": "#1"},
				"west": {"uv": [8.5, 0.5, 10, 0.75], "texture": "#1"},
				"up": {"uv": [5, 5.5, 4, 4], "texture": "#1"},
				"down": {"uv": [6, 0, 5, 1.5], "texture": "#1"}
			}
		},
		{
			"from": [6.6, 8, 8.75],
			"to": [8.25, 8.2, 9.75],
			"faces": {
				"north": {"uv": [10, 4.5, 10.75, 4.75], "texture": "#1"},
				"east": {"uv": [0.5, 11, 1, 11.25], "texture": "#1"},
				"south": {"uv": [5, 10, 5.75, 10.25], "texture": "#1"},
				"west": {"uv": [11, 0.5, 11.5, 0.75], "texture": "#1"},
				"up": {"uv": [9.25, 1.5, 8.5, 1], "texture": "#1"},
				"down": {"uv": [9.25, 1.5, 8.5, 2], "texture": "#1"}
			}
		},
		{
			"from": [6.85, 8, 9.25],
			"to": [8, 8.3, 10.25],
			"faces": {
				"north": {"uv": [1, 11, 1.5, 11.25], "texture": "#1"},
				"east": {"uv": [11, 1, 11.5, 1.25], "texture": "#1"},
				"south": {"uv": [1.5, 11, 2, 11.25], "texture": "#1"},
				"west": {"uv": [11, 1.5, 11.5, 1.75], "texture": "#1"},
				"up": {"uv": [10, 5, 9.5, 4.5], "texture": "#1"},
				"down": {"uv": [5.5, 9.5, 5, 10], "texture": "#1"}
			}
		},
		{
			"from": [7, 9, 6.75],
			"to": [8, 9.75, 7.75],
			"faces": {
				"north": {"uv": [7.5, 3, 8, 3.5], "texture": "#1"},
				"east": {"uv": [6.5, 8.5, 7, 9], "texture": "#1"},
				"south": {"uv": [8.5, 6.5, 9, 7], "texture": "#1"},
				"west": {"uv": [8.5, 7, 9, 7.5], "texture": "#1"},
				"up": {"uv": [9, 8, 8.5, 7.5], "texture": "#1"},
				"down": {"uv": [9, 8, 8.5, 8.5], "texture": "#1"}
			}
		}
	],
	"display": {
		"thirdperson_righthand": {
			"rotation": [35, 0, 0],
			"translation": [0, 1.5, 1.25],
			"scale": [0.5, 0.5, 0.5]
		},
		"thirdperson_lefthand": {
			"rotation": [35, 0, 0],
			"translation": [0, 1.5, 1.25],
			"scale": [0.5, 0.5, 0.5]
		},
		"firstperson_righthand": {
			"rotation": [0, 105, 0],
			"translation": [0.75, 3.75, 0.25],
			"scale": [0.5, 0.5, 0.5]
		},
		"firstperson_lefthand": {
			"rotation": [0, 105, 0],
			"translation": [0.75, 3.75, 0.25],
			"scale": [0.5, 0.5, 0.5]
		},
		"ground": {
			"rotation": [0, 0, -90],
			"translation": [2, -0.5, 0],
			"scale": [0.5, 0.5, 0.5]
		},
		"gui": {
			"rotation": [33, 129, 0],
			"translation": [-0.5, 3.75, 0],
			"scale": [1.2, 1.2, 1.2]
		},
		"fixed": {
			"rotation": [0, -90, 0],
			"translation": [0.25, 4.75, 0],
			"scale": [1.2, 1.2, 1.2]
		}
	}
}