{
    "sources": [
        {
            "type": "paletted_permutations",
            "textures": [
                "sgm_pack:trims/models/armor/test",
                "sgm_pack:trims/models/armor/test_leggings"
            ],
            "palette_key": "sgm_pack:trims/color_palettes/white",
            "permutations": {
                "white": "sgm_pack:trims/color_palettes/white"
            }
        },
        {
            "type": "paletted_permutations",
            "textures": [
                "sgm_pack:trims/models/armor/astronaut",
                "sgm_pack:trims/models/armor/astronaut_leggings"
            ],
            "palette_key": "sgm_pack:trims/color_palettes/white",
            "permutations": {
                "white": "sgm_pack:trims/color_palettes/white"
            }
        }
    ]
}
