{
    "parent": "item/generated",
    "textures": {
        "layer0": "item/chorus_fruit"
    },
	"overrides": [
		
		{ "predicate": { "custom_model_data":10001}, "model": "item/kitpvp/cake"},
		{ "predicate": { "custom_model_data":10002}, "model": "item/kitpvp/salad"},
		{ "predicate": { "custom_model_data":10003}, "model": "item/kitpvp/pepper"},
		{ "predicate": { "custom_model_data":10004}, "model": "item/kitpvp/onion"},
		{ "predicate": { "custom_model_data":10005}, "model": "item/kitpvp/lolipop"},
		{ "predicate": { "custom_model_data":10006}, "model": "item/kitpvp/drink"},
		{ "predicate": { "custom_model_data":10007}, "model": "item/kitpvp/frog_legs"},
		{ "predicate": { "custom_model_data":10008}, "model": "item/kitpvp/ham"},
		
		
		
		{ "predicate": { "custom_model_data":100000}, "model": "item/not_exist"}
		
	]
}