{
    "parent": "item/generated",
    "textures": {
        "layer0": "item/clay_ball"
    },
	"overrides": [
	
		{ "predicate": { "custom_model_data":1301}, "model": "item/foodmadness/free"},
		{ "predicate": { "custom_model_data":1302}, "model": "item/foodmadness/burger"},
		{ "predicate": { "custom_model_data":1303}, "model": "item/foodmadness/salad"},
		{ "predicate": { "custom_model_data":1304}, "model": "item/foodmadness/ice_cream"},
		{ "predicate": { "custom_model_data":1305}, "model": "item/foodmadness/choc"},
		{ "predicate": { "custom_model_data":1306}, "model": "item/foodmadness/berri"},
		{ "predicate": { "custom_model_data":1307}, "model": "item/foodmadness/sushi"},
		{ "predicate": { "custom_model_data":1308}, "model": "item/foodmadness/ber"},
		{ "predicate": { "custom_model_data":1309}, "model": "item/foodmadness/moh"},
		{ "predicate": { "custom_model_data":1310}, "model": "item/foodmadness/glint"},
		{ "predicate": { "custom_model_data":1311}, "model": "item/foodmadness/coffee"},
		{ "predicate": { "custom_model_data":1312}, "model": "item/foodmadness/choco"},
		{ "predicate": { "custom_model_data":1313}, "model": "item/foodmadness/stakan"},
		{ "predicate": { "custom_model_data":1314}, "model": "item/foodmadness/tea"},
		{ "predicate": { "custom_model_data":1315}, "model": "item/foodmadness/cap"},
		{ "predicate": { "custom_model_data":1316}, "model": "item/foodmadness/cheese"},
		{ "predicate": { "custom_model_data":1317}, "model": "item/foodmadness/mush_soup"},
		{ "predicate": { "custom_model_data":1318}, "model": "item/foodmadness/berri_cake"},
		{ "predicate": { "custom_model_data":1319}, "model": "item/foodmadness/choc_cake"},
		{ "predicate": { "custom_model_data":1320}, "model": "item/foodmadness/glow_cake"},
		{ "predicate": { "custom_model_data":1321}, "model": "item/foodmadness/fish_soup"},
		{ "predicate": { "custom_model_data":1322}, "model": "item/foodmadness/dough"},
		{ "predicate": { "custom_model_data":1323}, "model": "item/foodmadness/egg"},
		
		{ "predicate": { "custom_model_data":10001}, "model": "item/kitpvp/cook"},
		{ "predicate": { "custom_model_data":10002}, "model": "item/kitpvp/shovel"},
		{ "predicate": { "custom_model_data":10003}, "model": "item/kitpvp/gold_helmet"},
		{ "predicate": { "custom_model_data":10004}, "model": "item/kitpvp/mech_helmet"},
		{ "predicate": { "custom_model_data":10005}, "model": "item/kitpvp/bondana"},
		{ "predicate": { "custom_model_data":10006}, "model": "item/kitpvp/flour"},
		{ "predicate": { "custom_model_data":10007}, "model": "item/kitpvp/tomate"},
		{ "predicate": { "custom_model_data":10008}, "model": "item/kitpvp/gachi"},
		{ "predicate": { "custom_model_data":10009}, "model": "item/kitpvp/bondana"},
		{ "predicate": { "custom_model_data":10010}, "model": "item/kitpvp/tnt"},
		{ "predicate": { "custom_model_data":10011}, "model": "item/kitpvp/helmet"},
		
		{ "predicate": { "custom_model_data":20001}, "model": "item/foodmadness/inventory_block"},
		{ "predicate": { "custom_model_data":20002}, "model": "item/foodmadness/hotbar_block"},
		
		{ "predicate": { "custom_model_data":21001}, "model": "item/blockhunt/teleport"},
		{ "predicate": { "custom_model_data":21002}, "model": "item/blockhunt/potato"},
		
		{ "predicate": { "custom_model_data":22001}, "model": "item/easy_rpg/mobs/mushroom"},
		{ "predicate": { "custom_model_data":22002}, "model": "item/easy_rpg/mobs/mushroom_red"},
		{ "predicate": { "custom_model_data":22003}, "model": "item/easy_rpg/mobs/mushroom_red_damaged"},
		{ "predicate": { "custom_model_data":22004}, "model": "item/easy_rpg/mobs/crystal_1"},
		{ "predicate": { "custom_model_data":22005}, "model": "item/easy_rpg/mobs/crystal_2"},
		{ "predicate": { "custom_model_data":22006}, "model": "item/easy_rpg/mobs/crystal_3"},
		{ "predicate": { "custom_model_data":22007}, "model": "item/easy_rpg/mobs/ice"},
		{ "predicate": { "custom_model_data":22008}, "model": "item/easy_rpg/mobs/ice_2"},
		{ "predicate": { "custom_model_data":22009}, "model": "item/easy_rpg/mobs/ice_3"},
		{ "predicate": { "custom_model_data":22010}, "model": "item/easy_rpg/mobs/bug"},
		{ "predicate": { "custom_model_data":22011}, "model": "item/easy_rpg/mobs/bug_2"},
		{ "predicate": { "custom_model_data":22012}, "model": "item/easy_rpg/mobs/bug_3"},
		{ "predicate": { "custom_model_data":22013}, "model": "item/easy_rpg/mobs/bug_damaged"},
		{ "predicate": { "custom_model_data":22014}, "model": "item/easy_rpg/mobs/bug_2_damaged"},
		{ "predicate": { "custom_model_data":22015}, "model": "item/easy_rpg/mobs/bug_3_damaged"},
		{ "predicate": { "custom_model_data":22016}, "model": "item/easy_rpg/mobs/mushroom_damaged"},
		{ "predicate": { "custom_model_data":22017}, "model": "item/easy_rpg/mobs/ice_damaged"},
		{ "predicate": { "custom_model_data":22018}, "model": "item/easy_rpg/mobs/ice_2_damaged"},
		{ "predicate": { "custom_model_data":22019}, "model": "item/easy_rpg/mobs/ice_3_damaged"},
		{ "predicate": { "custom_model_data":22020}, "model": "item/easy_rpg/mobs/crystal_1_damaged"},
		{ "predicate": { "custom_model_data":22021}, "model": "item/easy_rpg/mobs/crystal_2_damaged"},
		{ "predicate": { "custom_model_data":22022}, "model": "item/easy_rpg/mobs/crystal_3_damaged"},
		
		{ "predicate": { "custom_model_data":22023}, "model": "item/easy_rpg/mobs/stone_guy"},
		{ "predicate": { "custom_model_data":22024}, "model": "item/easy_rpg/mobs/stone_guy_damaged"},
		{ "predicate": { "custom_model_data":22025}, "model": "item/easy_rpg/mobs/stone_guy_walk"},
		
		{ "predicate": { "custom_model_data":22026}, "model": "item/easy_rpg/mobs/frozen_guy"},
		{ "predicate": { "custom_model_data":22027}, "model": "item/easy_rpg/mobs/frozen_guy_damaged"},
		{ "predicate": { "custom_model_data":22028}, "model": "item/easy_rpg/mobs/frozen_guy_walk"},
		
		{ "predicate": { "custom_model_data":22029}, "model": "item/easy_rpg/mobs/gnome"},
		{ "predicate": { "custom_model_data":22030}, "model": "item/easy_rpg/mobs/gnome_damaged"},
		{ "predicate": { "custom_model_data":22031}, "model": "item/easy_rpg/mobs/gnome_walk"},
		
		{ "predicate": { "custom_model_data":22032}, "model": "item/easy_rpg/mobs/red_snake"},
		{ "predicate": { "custom_model_data":22033}, "model": "item/easy_rpg/mobs/red_snake_damaged"},
		{ "predicate": { "custom_model_data":22034}, "model": "item/easy_rpg/mobs/red_snake_walk"},
		
		{ "predicate": { "custom_model_data":22035}, "model": "item/easy_rpg/mobs/green_snake"},
		{ "predicate": { "custom_model_data":22036}, "model": "item/easy_rpg/mobs/green_snake_damaged"},
		{ "predicate": { "custom_model_data":22037}, "model": "item/easy_rpg/mobs/green_snake_walk"},
		
		{ "predicate": { "custom_model_data":22038}, "model": "item/easy_rpg/mobs/sand_snake"},
		{ "predicate": { "custom_model_data":22039}, "model": "item/easy_rpg/mobs/sand_snake_damaged"},
		{ "predicate": { "custom_model_data":22040}, "model": "item/easy_rpg/mobs/sand_snake_walk"},
		
		{ "predicate": { "custom_model_data":22041}, "model": "item/easy_rpg/t_boy"},
		
		{ "predicate": { "custom_model_data":22042}, "model": "item/easy_rpg/mobs/eyes"},
		
		{ "predicate": { "custom_model_data":22043}, "model": "item/easy_rpg/mobs/moss_guy"},
		{ "predicate": { "custom_model_data":22044}, "model": "item/easy_rpg/mobs/moss_guy_walk"},
		{ "predicate": { "custom_model_data":22045}, "model": "item/easy_rpg/mobs/moss_guy_damaged"},
		
		{ "predicate": { "custom_model_data":22046}, "model": "item/easy_rpg/mobs/ice_cream_guy"},
		{ "predicate": { "custom_model_data":22047}, "model": "item/easy_rpg/mobs/ice_cream_guy_walk"},
		{ "predicate": { "custom_model_data":22048}, "model": "item/easy_rpg/mobs/ice_cream_guy_damaged"},
		
		{ "predicate": { "custom_model_data":22049}, "model": "item/easy_rpg/mobs/candy1"},
		{ "predicate": { "custom_model_data":22050}, "model": "item/easy_rpg/mobs/candy2"},
		{ "predicate": { "custom_model_data":22051}, "model": "item/easy_rpg/mobs/candy3"},
		{ "predicate": { "custom_model_data":22052}, "model": "item/easy_rpg/mobs/candy4"},
		{ "predicate": { "custom_model_data":22053}, "model": "item/easy_rpg/mobs/candy5"},
		{ "predicate": { "custom_model_data":22054}, "model": "item/easy_rpg/mobs/candy1_damaged"},
		{ "predicate": { "custom_model_data":22055}, "model": "item/easy_rpg/mobs/candy2_damaged"},
		{ "predicate": { "custom_model_data":22056}, "model": "item/easy_rpg/mobs/candy3_damaged"},
		{ "predicate": { "custom_model_data":22057}, "model": "item/easy_rpg/mobs/candy4_damaged"},
		{ "predicate": { "custom_model_data":22058}, "model": "item/easy_rpg/mobs/candy5_damaged"},
		
		{ "predicate": { "custom_model_data":22059}, "model": "item/easy_rpg/mobs/candy_jar"},
		{ "predicate": { "custom_model_data":22060}, "model": "item/easy_rpg/mobs/candy_jar_damaged"},
		
		{ "predicate": { "custom_model_data":22061}, "model": "item/easy_rpg/mobs/stump"},
		{ "predicate": { "custom_model_data":22062}, "model": "item/easy_rpg/mobs/stump_walk"},
		{ "predicate": { "custom_model_data":22063}, "model": "item/easy_rpg/mobs/stump_damaged"},
		
		{ "predicate": { "custom_model_data":22064}, "model": "item/easy_rpg/mobs/soul_stump"},
		{ "predicate": { "custom_model_data":22065}, "model": "item/easy_rpg/mobs/soul_stump_walk"},
		{ "predicate": { "custom_model_data":22066}, "model": "item/easy_rpg/mobs/soul_stump_damaged"},
		
		{ "predicate": { "custom_model_data":22067}, "model": "item/easy_rpg/mobs/smoke"},
		
		
		
		{ "predicate": { "custom_model_data":100000}, "model": "item/not_exist"}
		
	]
}