{
    "parent": "item/generated",
    "textures": {
        "layer0": "item/firework_star",
        "layer1": "item/firework_star_overlay"
    },
	"overrides": [
		{ "predicate": { "custom_model_data":1501}, "model": "item/arts/coins_1"},
		{ "predicate": { "custom_model_data":1502}, "model": "item/arts/coins_2"},
		{ "predicate": { "custom_model_data":1503}, "model": "item/arts/coins_3"},
		{ "predicate": { "custom_model_data":1504}, "model": "item/arts/bundle_coins"},
		{ "predicate": { "custom_model_data":1505}, "model": "item/arts/frog_leg"},
		{ "predicate": { "custom_model_data":1506}, "model": "item/arts/boot"},
		{ "predicate": { "custom_model_data":1507}, "model": "item/arts/cube_of_sixes"},
		{ "predicate": { "custom_model_data":1508}, "model": "item/arts/button"},
		{ "predicate": { "custom_model_data":1509}, "model": "item/arts/jump_ball"},
		{ "predicate": { "custom_model_data":1510}, "model": "item/arts/nut"},
		{ "predicate": { "custom_model_data":1511}, "model": "item/arts/black_hole"},
		{ "predicate": { "custom_model_data":1512}, "model": "item/arts/nipple"},
		{ "predicate": { "custom_model_data":1513}, "model": "item/arts/cursed_necklace"},
		{ "predicate": { "custom_model_data":1514}, "model": "item/arts/snorked_mask"},
		{ "predicate": { "custom_model_data":1515}, "model": "item/arts/eye"},
		{ "predicate": { "custom_model_data":1516}, "model": "item/arts/kol"},
		{ "predicate": { "custom_model_data":1517}, "model": "item/arts/blue_cheese"},
		{ "predicate": { "custom_model_data":1518}, "model": "item/arts/buttersus"},
		{ "predicate": { "custom_model_data":1519}, "model": "item/arts/ancient_seashell"},
		{ "predicate": { "custom_model_data":1520}, "model": "item/arts/inverted_little_cross"},
		{ "predicate": { "custom_model_data":1521}, "model": "item/arts/adrenaline"},
		{ "predicate": { "custom_model_data":1522}, "model": "item/arts/thorn_guardian"},
		{ "predicate": { "custom_model_data":1523}, "model": "item/arts/balloon"},
		{ "predicate": { "custom_model_data":1524}, "model": "item/arts/flippers"},
		{ "predicate": { "custom_model_data":1525}, "model": "item/arts/little_cross"},
		{ "predicate": { "custom_model_data":1526}, "model": "item/arts/horseshoe"},
		{ "predicate": { "custom_model_data":1527}, "model": "item/arts/mechanical_glove"},
		{ "predicate": { "custom_model_data":1528}, "model": "item/arts/little_shield"},
		{ "predicate": { "custom_model_data":1529}, "model": "item/arts/unlucky_bean"},
		{ "predicate": { "custom_model_data":1530}, "model": "item/chests/common_chest"},
		
		{ "predicate": { "custom_model_data":1531}, "model": "item/gui/smith_gui"},
		{ "predicate": { "custom_model_data":1532}, "model": "item/gui/smith_gui_button"},
		
		{ "predicate": { "custom_model_data":1533}, "model": "item/gui/holder"},
		{ "predicate": { "custom_model_data":1534}, "model": "item/gui/menu_gui"},
		
		{ "predicate": { "custom_model_data":1535}, "model": "item/gui/options_gui"},
		{ "predicate": { "custom_model_data":1536}, "model": "item/gui/options_gui_blacklist"},
		{ "predicate": { "custom_model_data":1537}, "model": "item/gui/options_gui_build"},
		{ "predicate": { "custom_model_data":1538}, "model": "item/gui/options_gui_clear"},
		{ "predicate": { "custom_model_data":1539}, "model": "item/gui/options_gui_commands"},
		{ "predicate": { "custom_model_data":1540}, "model": "item/gui/options_gui_day"},
		{ "predicate": { "custom_model_data":1541}, "model": "item/gui/options_gui_extention"},
		{ "predicate": { "custom_model_data":1542}, "model": "item/gui/options_gui_locked"},
		{ "predicate": { "custom_model_data":1543}, "model": "item/gui/options_gui_night"},
		{ "predicate": { "custom_model_data":1544}, "model": "item/gui/options_gui_open"},
		{ "predicate": { "custom_model_data":1545}, "model": "item/gui/options_gui_rain"},
		{ "predicate": { "custom_model_data":1546}, "model": "item/gui/options_gui_spawn"},
		{ "predicate": { "custom_model_data":1547}, "model": "item/gui/options_gui_sunset"},
		{ "predicate": { "custom_model_data":1548}, "model": "item/gui/options_gui_thunder"},
		{ "predicate": { "custom_model_data":1549}, "model": "item/gui/options_gui_creative"},
		{ "predicate": { "custom_model_data":1550}, "model": "item/gui/options_gui_survival"},
		{ "predicate": { "custom_model_data":1551}, "model": "item/gui/options_gui_adventure"},
		{ "predicate": { "custom_model_data":1552}, "model": "item/gui/options_gui_rename"},
		{ "predicate": { "custom_model_data":1553}, "model": "item/gui/options_gui_teleport"},
		
		{ "predicate": { "custom_model_data":1554}, "model": "item/gui/mini_games_gui"},
		
		{ "predicate": { "custom_model_data":1555}, "model": "item/gui/islands_gui"},
		{ "predicate": { "custom_model_data":1556}, "model": "item/gui/islands_mode1"},
		{ "predicate": { "custom_model_data":1557}, "model": "item/gui/islands_mode2"},
		{ "predicate": { "custom_model_data":1558}, "model": "item/gui/islands_mode3"},
		{ "predicate": { "custom_model_data":1559}, "model": "item/gui/islands_mode4"},
		{ "predicate": { "custom_model_data":1560}, "model": "item/gui/islands_mode5"},
		{ "predicate": { "custom_model_data":1561}, "model": "item/gui/islands_mode1_op"},
		{ "predicate": { "custom_model_data":1562}, "model": "item/gui/islands_mode2_op"},
		{ "predicate": { "custom_model_data":1563}, "model": "item/gui/islands_mode3_op"},
		{ "predicate": { "custom_model_data":1564}, "model": "item/gui/islands_mode4_op"},
		{ "predicate": { "custom_model_data":1565}, "model": "item/gui/islands_mode5_op"},
		{ "predicate": { "custom_model_data":1566}, "model": "item/gui/islands_modeall_op"},
		
		{ "predicate": { "custom_model_data":1567}, "model": "item/gui/items_gui"},
		
		{ "predicate": { "custom_model_data":1568}, "model": "item/gui/info_gui"},
		{ "predicate": { "custom_model_data":1569}, "model": "item/gui/admin"},
		{ "predicate": { "custom_model_data":1570}, "model": "item/gui/player"},
		{ "predicate": { "custom_model_data":1571}, "model": "item/gui/player_plus"},
		{ "predicate": { "custom_model_data":1572}, "model": "item/gui/god"},
		
		{ "predicate": { "custom_model_data":1573}, "model": "item/gui/equip_gui"},
		{ "predicate": { "custom_model_data":1574}, "model": "item/gui/equip_gui_hammers"},
		{ "predicate": { "custom_model_data":1575}, "model": "item/gui/equip_gui_axes"},
		{ "predicate": { "custom_model_data":1576}, "model": "item/gui/equip_gui_spears"},
		{ "predicate": { "custom_model_data":1577}, "model": "item/gui/equip_gui_knifes"},
		{ "predicate": { "custom_model_data":1578}, "model": "item/gui/equip_gui_swords"},
		{ "predicate": { "custom_model_data":1579}, "model": "item/gui/equip_gui_maces"},
		{ "predicate": { "custom_model_data":1580}, "model": "item/gui/gui_back"},
		{ "predicate": { "custom_model_data":1581}, "model": "item/gui/co_i"},
		{ "predicate": { "custom_model_data":1582}, "model": "item/arts/strength_potion"},
		{ "predicate": { "custom_model_data":1583}, "model": "item/arts/heal_potion"},
		{ "predicate": { "custom_model_data":1584}, "model": "item/arts/heal_potion_2"},
		{ "predicate": { "custom_model_data":1585}, "model": "item/arts/angry_potion"},
		
		{ "predicate": { "custom_model_data":1586}, "model": "item/gui/options_gui_kick"},
		{ "predicate": { "custom_model_data":1587}, "model": "item/gui/options_gui_popularity"},
		
		
		
		
		
	
		
		
		
		
		{ "predicate": { "custom_model_data":55001}, "model": "item/heaven_wars/impulse_grenade"},
		{ "predicate": { "custom_model_data":55002}, "model": "item/heaven_wars/mine"},
		{ "predicate": { "custom_model_data":55003}, "model": "item/heaven_wars/fire_mine"},
		{ "predicate": { "custom_model_data":55004}, "model": "item/heaven_wars/crate"},
		{ "predicate": { "custom_model_data":55005}, "model": "item/heaven_wars/crate_fly"},
		
		
		
		{ "predicate": { "custom_model_data":56001}, "model": "item/gui/donate_gui"},
		
		
		{ "predicate": { "custom_model_data":57001}, "model": "item/gui/cosmetics_main_gui"},
		{ "predicate": { "custom_model_data":57002}, "model": "item/gui/cosmetics_gui"},
		{ "predicate": { "custom_model_data":57003}, "model": "item/gui/cosmetics_gui_messages"},
		
		{ "predicate": { "custom_model_data":58001}, "model": "item/vapes/vape_common"},
		{ "predicate": { "custom_model_data":58002}, "model": "item/vapes/vape_fire"},
		{ "predicate": { "custom_model_data":58003}, "model": "item/vapes/vape_ice"},
		
		
		{ "predicate": { "custom_model_data":59000}, "model": "item/gui/rules_gui"},
		{ "predicate": { "custom_model_data":59001}, "model": "item/gui/options_gui_true"},
		{ "predicate": { "custom_model_data":59002}, "model": "item/gui/options_gui_false"},
		{ "predicate": { "custom_model_data":59003}, "model": "item/gui/options_gui_rules"},
		
		
		{ "predicate": { "custom_model_data":60000}, "model": "item/arts/multi_art"},
		{ "predicate": { "custom_model_data":60001}, "model": "item/gui/mage_gui"},
		{ "predicate": { "custom_model_data":60002}, "model": "item/gui/fisher_gui"},
		{ "predicate": { "custom_model_data":60003}, "model": "item/particle_engine/item"},
		{ "predicate": { "custom_model_data":60004}, "model": "item/gui/wands_gui"},
		{ "predicate": { "custom_model_data":60005}, "model": "item/gui/mystery_box_gui"},
		
		
		{ "predicate": { "custom_model_data":61001}, "model": "item/arts/beaver_head"},
		{ "predicate": { "custom_model_data":61003}, "model": "item/arts/luck_foot"},
		{ "predicate": { "custom_model_data":61004}, "model": "item/gui/shop_gui"},
		{ "predicate": { "custom_model_data":61005}, "model": "item/gui/trash_gui"},
		{ "predicate": { "custom_model_data":61006}, "model": "item/arts/generated/timewarpamulet"},
		{ "predicate": { "custom_model_data":61007}, "model": "item/arts/generated/celestialwings"},
		{ "predicate": { "custom_model_data":61008}, "model": "item/arts/generated/emberstone"},
		{ "predicate": { "custom_model_data":61009}, "model": "item/arts/generated/arcanescroll"},
		{ "predicate": { "custom_model_data":61010}, "model": "item/arts/generated/frostbitegloves"},
		{ "predicate": { "custom_model_data":61011}, "model": "item/arts/generated/luminousorb"},
		{ "predicate": { "custom_model_data":61012}, "model": "item/arts/generated/phantomcloak"},
		{ "predicate": { "custom_model_data":61013}, "model": "item/arts/generated/echolocationcrystal"},
		{ "predicate": { "custom_model_data":61014}, "model": "item/arts/generated/serpentscale"},
		{ "predicate": { "custom_model_data":61015}, "model": "item/arts/generated/astraltalisman"},
		{ "predicate": { "custom_model_data":61016}, "model": "item/arts/generated/echoingkey"},
		{ "predicate": { "custom_model_data":61017}, "model": "item/arts/generated/enchantedquill"},
		{ "predicate": { "custom_model_data":61018}, "model": "item/arts/generated/gildedchalice"},
		{ "predicate": { "custom_model_data":61019}, "model": "item/arts/generated/bloodmoonamulet"},
		{ "predicate": { "custom_model_data":61020}, "model": "item/arts/generated/echoinghorn"},
		{ "predicate": { "custom_model_data":61021}, "model": "item/arts/generated/phoenixfeather"},
		{ "predicate": { "custom_model_data":61022}, "model": "item/arts/generated/thunderinghooves"},
		{ "predicate": { "custom_model_data":61023}, "model": "item/arts/generated/enchantedlocket"},
		{ "predicate": { "custom_model_data":61024}, "model": "item/arts/generated/crystalvial"},
		{ "predicate": { "custom_model_data":61025}, "model": "item/arts/generated/curseddice"},
		{ "predicate": { "custom_model_data":61026}, "model": "item/arts/generated/etherealpendant"},
		{ "predicate": { "custom_model_data":61027}, "model": "item/arts/generated/thunderclapgauntlets"},
		{ "predicate": { "custom_model_data":61028}, "model": "item/arts/generated/enchantedmirror"},
		{ "predicate": { "custom_model_data":61029}, "model": "item/arts/generated/moonlitlocket"},
		{ "predicate": { "custom_model_data":61030}, "model": "item/arts/generated/hearingaid"},
		{ "predicate": { "custom_model_data":61031}, "model": "item/arts/generated/radiantcrown"},
		{ "predicate": { "custom_model_data":61032}, "model": "item/arts/generated/serenitycharm"},
		
		{ "predicate": { "custom_model_data":61033}, "model": "item/arts/transporto_magic"},
		{ "predicate": { "custom_model_data":61034}, "model": "item/arts/spark_magic"},
		{ "predicate": { "custom_model_data":61035}, "model": "item/arts/explodo_magic"},
		{ "predicate": { "custom_model_data":61036}, "model": "item/arts/regeno_magic"},
		{ "predicate": { "custom_model_data":61037}, "model": "item/arts/confuso_magic"},
		{ "predicate": { "custom_model_data":61038}, "model": "item/arts/necroma_magic"},
		{ "predicate": { "custom_model_data":61039}, "model": "item/arts/onigiri"},
		{ "predicate": { "custom_model_data":61040}, "model": "item/arts/protego_magic"},
		
		{ "predicate": { "custom_model_data":62000}, "model": "item/wands/magic_wand_1"},
		{ "predicate": { "custom_model_data":62001}, "model": "item/wands/magic_wand_2"},
		{ "predicate": { "custom_model_data":62002}, "model": "item/wands/magic_wand_3"},
		{ "predicate": { "custom_model_data":62003}, "model": "item/wands/magic_wand_4"},
		{ "predicate": { "custom_model_data":62004}, "model": "item/wands/magic_wand_5"},
		{ "predicate": { "custom_model_data":62005}, "model": "item/wands/magic_wand_6"},
		{ "predicate": { "custom_model_data":62006}, "model": "item/wands/magic_wand_7"},
		{ "predicate": { "custom_model_data":62007}, "model": "item/wands/magic_wand_8"},
		{ "predicate": { "custom_model_data":62008}, "model": "item/wands/pigstaff"},
		{ "predicate": { "custom_model_data":62009}, "model": "item/arts/mystery_box"},
		{ "predicate": { "custom_model_data":62010}, "model": "item/arts/rock"},
		
		{ "predicate": { "custom_model_data":62011}, "model": "item/easy_rpg/sofa_green"},
		{ "predicate": { "custom_model_data":62012}, "model": "item/easy_rpg/backrooms_wall_1"},
		{ "predicate": { "custom_model_data":62013}, "model": "item/easy_rpg/backrooms_wall_2"},
		{ "predicate": { "custom_model_data":62014}, "model": "item/easy_rpg/backrooms_wall_3"},
		{ "predicate": { "custom_model_data":62015}, "model": "item/easy_rpg/backrooms_wall_4"},
		{ "predicate": { "custom_model_data":62016}, "model": "item/easy_rpg/backrooms_wall_5"},
		{ "predicate": { "custom_model_data":62017}, "model": "item/easy_rpg/backrooms_wall_6"},
		{ "predicate": { "custom_model_data":62018}, "model": "item/easy_rpg/backrooms_wall_7"},
		{ "predicate": { "custom_model_data":62019}, "model": "item/easy_rpg/t_boy"},
		{ "predicate": { "custom_model_data":62020}, "model": "item/easy_rpg/backrooms_wall_8"},
		{ "predicate": { "custom_model_data":62021}, "model": "item/easy_rpg/backrooms_wall_9"},
		{ "predicate": { "custom_model_data":62022}, "model": "item/easy_rpg/backrooms_wall_10"},
		
		{ "predicate": { "custom_model_data":62023}, "model": "item/arts/bug"},
		
		{ "predicate": { "custom_model_data":62024}, "model": "item/easy_rpg/backrooms_wall_11"},
		{ "predicate": { "custom_model_data":62025}, "model": "item/easy_rpg/backrooms_wall_12"},
		
		{ "predicate": { "custom_model_data":62026}, "model": "item/foodmadness/mixer"},
		
		{ "predicate": { "custom_model_data":63001}, "model": "item/fun/camera"},
		{ "predicate": { "custom_model_data":63002}, "model": "item/fun/photo"},
		
		{ "predicate": { "custom_model_data":63003}, "model": "item/cosmetics/hats/adidas"},
		{ "predicate": { "custom_model_data":63004}, "model": "item/cosmetics/hats/amd_ryzen"},
		{ "predicate": { "custom_model_data":63005}, "model": "item/cosmetics/hats/axe"},
		{ "predicate": { "custom_model_data":63006}, "model": "item/cosmetics/hats/belka"},
		{ "predicate": { "custom_model_data":63007}, "model": "item/cosmetics/hats/copper_golem"},
		{ "predicate": { "custom_model_data":63008}, "model": "item/cosmetics/hats/egg"},
		{ "predicate": { "custom_model_data":63009}, "model": "item/cosmetics/hats/finger"},
		{ "predicate": { "custom_model_data":63010}, "model": "item/cosmetics/hats/grib"},
		{ "predicate": { "custom_model_data":63011}, "model": "item/cosmetics/hats/happy_glare"},
		{ "predicate": { "custom_model_data":63012}, "model": "item/cosmetics/hats/ochki"},
		{ "predicate": { "custom_model_data":63013}, "model": "item/cosmetics/hats/oreh"},
		{ "predicate": { "custom_model_data":63014}, "model": "item/cosmetics/hats/oxidized_copper_golem"},
		{ "predicate": { "custom_model_data":63015}, "model": "item/cosmetics/hats/paket"},
		{ "predicate": { "custom_model_data":63016}, "model": "item/cosmetics/hats/poop"},
		{ "predicate": { "custom_model_data":63017}, "model": "item/cosmetics/hats/rascal"},
		{ "predicate": { "custom_model_data":63018}, "model": "item/cosmetics/hats/rod"},
		{ "predicate": { "custom_model_data":63019}, "model": "item/cosmetics/hats/roga"},
		{ "predicate": { "custom_model_data":63020}, "model": "item/cosmetics/hats/sharik"},
		{ "predicate": { "custom_model_data":63021}, "model": "item/cosmetics/hats/sniffer"},
		{ "predicate": { "custom_model_data":63022}, "model": "item/cosmetics/hats/soloma"},
		{ "predicate": { "custom_model_data":63023}, "model": "item/cosmetics/hats/tuffgolem"},
		{ "predicate": { "custom_model_data":63024}, "model": "item/cosmetics/hats/ushki"},
		{ "predicate": { "custom_model_data":63025}, "model": "item/cosmetics/hats/vertolet"},
		
		{ "predicate": { "custom_model_data":64000}, "model": "item/fun/ash"},
		{ "predicate": { "custom_model_data":64001}, "model": "item/fun/bag"},
		
		
		{ "predicate": { "custom_model_data":100000}, "model": "item/sgm_coin"}
		
	]
}