{
    "parent": "item/handheld",
    "textures": {
        "layer0": "item/iron_sword"
    },
	"overrides": [
		{ "predicate": { "custom_model_data":1520}, "model": "item/arts/salmon_sword"},
		{ "predicate": { "custom_model_data":1521}, "model": "item/arts/kol"},
		
		{ "predicate": { "custom_model_data":55001}, "model": "item/kitpvp/hammer_type1"},
		{ "predicate": { "custom_model_data":55002}, "model": "item/kitpvp/hammer_type2"},
		{ "predicate": { "custom_model_data":55003}, "model": "item/kitpvp/hammer_type3"},
		{ "predicate": { "custom_model_data":55004}, "model": "item/kitpvp/hammer_type4"},
		{ "predicate": { "custom_model_data":55005}, "model": "item/kitpvp/cucumber"},
		{ "predicate": { "custom_model_data":55006}, "model": "item/kitpvp/glove"},
		{ "predicate": { "custom_model_data":55007}, "model": "item/kitpvp/big_sword"}
	]
}