{
	"credit": "Made with Blockbench",
	"texture_size": [64, 64],
	"textures": {
		"1": "item/foodmadness/mixer_anim",
		"2": "item/foodmadness/mixer"
	},
	"elements": [
		{
			"from": [-1, -10, -1],
			"to": [17, -8, 0],
			"faces": {
				"north": {"uv": [0, 0, 4.5, 0.5], "texture": "#2"},
				"east": {"uv": [2.5, 5, 2.75, 5.5], "texture": "#2"},
				"south": {"uv": [0, 0.5, 4.5, 1], "texture": "#2"},
				"west": {"uv": [2.75, 5, 3, 5.5], "texture": "#2"},
				"up": {"uv": [9, 2.75, 4.5, 2.5], "texture": "#2"},
				"down": {"uv": [9, 2.75, 4.5, 3], "texture": "#2"}
			}
		},
		{
			"from": [-1, -10, 16],
			"to": [17, -8, 17],
			"faces": {
				"north": {"uv": [0, 1, 4.5, 1.5], "texture": "#2"},
				"east": {"uv": [3, 5, 3.25, 5.5], "texture": "#2"},
				"south": {"uv": [0, 1.5, 4.5, 2], "texture": "#2"},
				"west": {"uv": [3.25, 5, 3.5, 5.5], "texture": "#2"},
				"up": {"uv": [9, 3.25, 4.5, 3], "texture": "#2"},
				"down": {"uv": [9, 3.25, 4.5, 3.5], "texture": "#2"}
			}
		},
		{
			"from": [16, -10, 0],
			"to": [17, -8, 16],
			"faces": {
				"north": {"uv": [3.5, 5, 3.75, 5.5], "texture": "#2"},
				"east": {"uv": [0, 4.5, 4, 5], "texture": "#2"},
				"south": {"uv": [3.75, 5, 4, 5.5], "texture": "#2"},
				"west": {"uv": [4.5, 0, 8.5, 0.5], "texture": "#2"},
				"up": {"uv": [0.75, 9, 0.5, 5], "texture": "#2"},
				"down": {"uv": [1, 5, 0.75, 9], "texture": "#2"}
			}
		},
		{
			"from": [-1, -10, 0],
			"to": [0, -8, 16],
			"faces": {
				"north": {"uv": [4, 5, 4.25, 5.5], "texture": "#2"},
				"east": {"uv": [4.5, 0.5, 8.5, 1], "texture": "#2"},
				"south": {"uv": [4.25, 5, 4.5, 5.5], "texture": "#2"},
				"west": {"uv": [4.5, 1, 8.5, 1.5], "texture": "#2"},
				"up": {"uv": [1.25, 9, 1, 5], "texture": "#2"},
				"down": {"uv": [1.5, 5, 1.25, 9], "texture": "#2"}
			}
		},
		{
			"from": [15.75, -1.75, 0.25],
			"to": [17, 0.25, 15.75],
			"faces": {
				"north": {"uv": [4.5, 5, 4.75, 5.5], "texture": "#2"},
				"east": {"uv": [4.5, 1.5, 8.5, 2], "texture": "#2"},
				"south": {"uv": [4.75, 5, 5, 5.5], "texture": "#2"},
				"west": {"uv": [4.5, 2, 8.5, 2.5], "texture": "#2"},
				"up": {"uv": [1.75, 9, 1.5, 5], "texture": "#2"},
				"down": {"uv": [2, 5, 1.75, 9], "texture": "#2"}
			}
		},
		{
			"from": [-1, -1.75, 15.75],
			"to": [17, 0.25, 17],
			"faces": {
				"north": {"uv": [0, 2, 4.5, 2.5], "texture": "#2"},
				"east": {"uv": [5, 5, 5.25, 5.5], "texture": "#2"},
				"south": {"uv": [0, 2.5, 4.5, 3], "texture": "#2"},
				"west": {"uv": [5.25, 5, 5.5, 5.5], "texture": "#2"},
				"up": {"uv": [9, 3.75, 4.5, 3.5], "texture": "#2"},
				"down": {"uv": [9, 3.75, 4.5, 4], "texture": "#2"}
			}
		},
		{
			"from": [-1, -1.75, -1],
			"to": [17, 0.25, 0.25],
			"faces": {
				"north": {"uv": [0, 3, 4.5, 3.5], "texture": "#2"},
				"east": {"uv": [2, 5.5, 2.25, 6], "texture": "#2"},
				"south": {"uv": [0, 3.5, 4.5, 4], "texture": "#2"},
				"west": {"uv": [2.25, 5.5, 2.5, 6], "texture": "#2"},
				"up": {"uv": [8.5, 4.75, 4, 4.5], "texture": "#2"},
				"down": {"uv": [8.5, 4.75, 4, 5], "texture": "#2"}
			}
		},
		{
			"from": [-1, -1.75, 0.25],
			"to": [0.25, 0.25, 15.75],
			"faces": {
				"north": {"uv": [2, 5, 2.25, 5.5], "texture": "#2"},
				"east": {"uv": [0, 4, 4, 4.5], "texture": "#2"},
				"south": {"uv": [2.25, 5, 2.5, 5.5], "texture": "#2"},
				"west": {"uv": [4, 4, 8, 4.5], "texture": "#2"},
				"up": {"uv": [0.25, 9, 0, 5], "texture": "#2"},
				"down": {"uv": [0.5, 5, 0.25, 9], "texture": "#2"}
			}
		},
		{
			"from": [1, -2.9, 1],
			"to": [15, -2.9, 15],
			"rotation": {"angle": 45, "axis": "y", "origin": [8, 9.1, 8]},
			"faces": {
				"north": {"uv": [0, 0, 3.5, 0], "texture": "#1"},
				"east": {"uv": [0, 0, 3.5, 0], "texture": "#1"},
				"south": {"uv": [0, 0, 3.5, 0], "texture": "#1"},
				"west": {"uv": [0, 0, 3.5, 0], "texture": "#1"},
				"up": {"uv": [7, 3.5, 3.5, 0], "texture": "#1"},
				"down": {"uv": [7, 3.5, 3.5, 7], "texture": "#1"}
			}
		},
		{
			"from": [7.35, -12.95, 7.35],
			"to": [8.65, -2.95, 8.65],
			"rotation": {"angle": 0, "axis": "y", "origin": [0, 2.05, 0]},
			"faces": {
				"north": {"uv": [7, 7, 7.5, 9.5], "texture": "#1"},
				"east": {"uv": [7.5, 7, 8, 9.5], "texture": "#1"},
				"south": {"uv": [8, 7, 8.5, 9.5], "texture": "#1"},
				"west": {"uv": [8.5, 7, 9, 9.5], "texture": "#1"},
				"up": {"uv": [1, 11, 0.5, 10.5], "texture": "#1"},
				"down": {"uv": [1.5, 10.5, 1, 11], "texture": "#1"}
			}
		},
		{
			"from": [1, -2.9, 1],
			"to": [15, -2.9, 15],
			"rotation": {"angle": 22.5, "axis": "y", "origin": [8, 9.1, 8]},
			"faces": {
				"north": {"uv": [0, 0, 3.5, 0], "texture": "#1"},
				"east": {"uv": [0, 0, 3.5, 0], "texture": "#1"},
				"south": {"uv": [0, 0, 3.5, 0], "texture": "#1"},
				"west": {"uv": [0, 0, 3.5, 0], "texture": "#1"},
				"up": {"uv": [3.5, 3.5, 0, 0], "texture": "#1"},
				"down": {"uv": [3.5, 3.5, 0, 7], "texture": "#1"}
			}
		},
		{
			"from": [7.35, -12.95, 7.35],
			"to": [8.65, -2.95, 8.65],
			"rotation": {"angle": -22.5, "axis": "y", "origin": [8, 9.05, 8]},
			"faces": {
				"north": {"uv": [9, 7, 9.5, 9.5], "texture": "#1"},
				"east": {"uv": [7, 9.5, 7.5, 12], "texture": "#1"},
				"south": {"uv": [9.5, 7, 10, 9.5], "texture": "#1"},
				"west": {"uv": [7.5, 9.5, 8, 12], "texture": "#1"},
				"up": {"uv": [2, 11, 1.5, 10.5], "texture": "#1"},
				"down": {"uv": [2.5, 10.5, 2, 11], "texture": "#1"}
			}
		},
		{
			"from": [1, -2.9, 1],
			"to": [15, -2.9, 15],
			"rotation": {"angle": 0, "axis": "y", "origin": [8, 9.1, 8]},
			"faces": {
				"north": {"uv": [0, 0, 3.5, 0], "texture": "#1"},
				"east": {"uv": [0, 0, 3.5, 0], "texture": "#1"},
				"south": {"uv": [0, 0, 3.5, 0], "texture": "#1"},
				"west": {"uv": [0, 0, 3.5, 0], "texture": "#1"},
				"up": {"uv": [3.5, 10.5, 0, 7], "texture": "#1"},
				"down": {"uv": [10.5, 0, 7, 3.5], "texture": "#1"}
			}
		},
		{
			"from": [7.35, -12.95, 7.35],
			"to": [8.65, -2.95, 8.65],
			"rotation": {"angle": -45, "axis": "y", "origin": [8, 9.05, 8]},
			"faces": {
				"north": {"uv": [8, 9.5, 8.5, 12], "texture": "#1"},
				"east": {"uv": [8.5, 9.5, 9, 12], "texture": "#1"},
				"south": {"uv": [9, 9.5, 9.5, 12], "texture": "#1"},
				"west": {"uv": [9.5, 9.5, 10, 12], "texture": "#1"},
				"up": {"uv": [3, 11, 2.5, 10.5], "texture": "#1"},
				"down": {"uv": [11, 2.5, 10.5, 3], "texture": "#1"}
			}
		},
		{
			"from": [1, -2.9, 1],
			"to": [15, -2.9, 15],
			"rotation": {"angle": -22.5, "axis": "y", "origin": [8, 9.1, 8]},
			"faces": {
				"north": {"uv": [0, 0, 3.5, 0], "texture": "#1"},
				"east": {"uv": [0, 0, 3.5, 0], "texture": "#1"},
				"south": {"uv": [0, 0, 3.5, 0], "texture": "#1"},
				"west": {"uv": [0, 0, 3.5, 0], "texture": "#1"},
				"up": {"uv": [7, 10.5, 3.5, 7], "texture": "#1"},
				"down": {"uv": [10.5, 3.5, 7, 7], "texture": "#1"}
			}
		},
		{
			"from": [7.35, -12.95, 7.35],
			"to": [8.65, -2.95, 8.65],
			"rotation": {"angle": 22.5, "axis": "y", "origin": [8, 9.05, 8]},
			"faces": {
				"north": {"uv": [10, 7, 10.5, 9.5], "texture": "#1"},
				"east": {"uv": [10, 9.5, 10.5, 12], "texture": "#1"},
				"south": {"uv": [0, 10.5, 0.5, 13], "texture": "#1"},
				"west": {"uv": [10.5, 0, 11, 2.5], "texture": "#1"},
				"up": {"uv": [3.5, 11, 3, 10.5], "texture": "#1"},
				"down": {"uv": [11, 3, 10.5, 3.5], "texture": "#1"}
			}
		}
	],
	"groups": [
		0,
		1,
		2,
		3,
		4,
		5,
		6,
		7,
		{
			"name": "1",
			"origin": [8, 8, 8],
			"color": 0,
			"nbt": "{}",
			"children": [8, 9]
		},
		{
			"name": "2",
			"origin": [8, 8, 8],
			"color": 0,
			"nbt": "{}",
			"children": [10, 11]
		},
		{
			"name": "3",
			"origin": [8, 8, 8],
			"color": 0,
			"nbt": "{}",
			"children": [12, 13]
		},
		{
			"name": "4",
			"origin": [8, 8, 8],
			"color": 0,
			"nbt": "{}",
			"children": [14, 15]
		}
	]
}